,taxon_name_w_authors,v13_accepted_name_w_author,v14_taxon_name_w_authors,v14_chained_accepted_name_w_author,v14_chained_accepted_species,v14_direct_accepted_name_w_author,v14_direct_accepted_species,v14_chained_accepted_genus,v14_direct_accepted_genus
18752,Strailia T.Durand,Lecythis Loefl.,Lecythis Loefl.,Lecythis Loefl.,,Chytroma Miers,,Lecythis,Chytroma
18943,Carthamodes Kuntze,Carthamus L.,Carthamus L.,Carthamus L.,,Carduncellus Adans.,,Carthamus,Carduncellus
29071,Microlaena avenacea var. carsei (Cheeseman) Zotov,Ehrharta diplax var. diplax,Ehrharta diplax var. diplax,Ehrharta diplax var. diplax,Ehrharta diplax,Microlaena carsei Cheeseman,Microlaena carsei,Ehrharta,Microlaena
36386,Ligusticum apiifolium (Nutt.) A.Gray,Lomatium dissectum (Nutt.) Mathias & Constance,Lomatium dissectum (Nutt.) Mathias & Constance,Lomatium dissectum (Nutt.) Mathias & Constance,Lomatium dissectum,Ligusticum apiifolium (Nutt.) A.Gray,Ligusticum apiifolium,Lomatium,Ligusticum
38462,Lotus alamosanus (Rose) Gentry,Acmispon watsonii (Vasey & Rose) Brouillet,Acmispon watsonii (Vasey & Rose) Brouillet,Acmispon watsonii (Vasey & Rose) Brouillet,Acmispon watsonii,Hosackia alamosana Rose,Hosackia alamosana,Acmispon,Hosackia
39565,Mesembryanthemum deflectum N.E.Br.,Antimima defecta (L.Bolus) H.E.K.Hartmann,Antimima defecta (L.Bolus) H.E.K.Hartmann,Antimima defecta (L.Bolus) H.E.K.Hartmann,Antimima defecta,Ruschia decumbens L.Bolus,Ruschia decumbens,Antimima,Ruschia
44391,Oreocarya affinis var. euaffinis Brand,Cryptantha affinis (A.Gray) Greene,Cryptantha affinis (A.Gray) Greene,Cryptantha affinis (A.Gray) Greene,Cryptantha affinis,Oreocarya glomerata (Fraser ex Pursh) Greene,Oreocarya glomerata,Cryptantha,Oreocarya
52097,Grosvenoria jelskii (Hieron.) R.M.King & H.Rob.,Critoniopsis jelskii (Hieron.) H.Rob.,Critoniopsis jelskii (Hieron.) H.Rob.,Critoniopsis jelskii (Hieron.) H.Rob.,Critoniopsis jelskii,Grosvenoria jelskii (Hieron.) R.M.King & H.Rob.,Grosvenoria jelskii,Critoniopsis,Grosvenoria
73917,Xylobium corrugatum var. wageneri (Rchb.f.) Schltr.,Teuscheria wageneri (Rchb.f.) Garay,Teuscheria wageneri (Rchb.f.) Garay,Bifrenaria wageneri Rchb.f.,Bifrenaria wageneri,Xylobium corrugatum (Lindl.) Rolfe,Xylobium corrugatum,Bifrenaria,Xylobium
73918,Xylobium wageneri (Rchb.f.) Schltr.,Teuscheria wageneri (Rchb.f.) Garay,Teuscheria wageneri (Rchb.f.) Garay,Bifrenaria wageneri Rchb.f.,Bifrenaria wageneri,Xylobium corrugatum (Lindl.) Rolfe,Xylobium corrugatum,Bifrenaria,Xylobium
77747,Cacalia terniflora (Less.) Kuntze,Piptocoma vernonioides (Kunth) Pruski,Piptocoma vernonioides (Kunth) Pruski,Piptocoma vernonioides (Kunth) Pruski,Piptocoma vernonioides,Oliganthes triflora Cass.,Oliganthes triflora,Piptocoma,Oliganthes
86703,Cytisus benehoavensis (Bolle) Svent.,Convolvulus scoparius L.f.,Convolvulus scoparius L.f.,Convolvulus scoparius L.f.,Convolvulus scoparius,Genista benehoavensis (Bolle) del Arco,Genista benehoavensis,Convolvulus,Genista
86704,Genista benehoavensis (Bolle) del Arco,Convolvulus scoparius L.f.,Convolvulus scoparius L.f.,Convolvulus scoparius L.f.,Convolvulus scoparius,Genista benehoavensis (Bolle) del Arco,Genista benehoavensis,Convolvulus,Genista
86900,Teline benehoavensis (Bolle) A.Santos,Convolvulus scoparius L.f.,Convolvulus scoparius L.f.,Convolvulus scoparius L.f.,Convolvulus scoparius,Genista benehoavensis (Bolle) del Arco,Genista benehoavensis,Convolvulus,Genista
95373,Diasperus L. ex Kuntze,Glochidion J.R.Forst. & G.Forst.,Glochidion J.R.Forst. & G.Forst.,Glochidion J.R.Forst. & G.Forst.,,Phyllanthus L.,,Glochidion,Phyllanthus
102573,Austrocylindropuntia colubrina (A.Cast.) Backeb.,Salmonopuntia schickendantzii (F.A.C.Weber) Font & M.Köhler,Salmonopuntia schickendantzii (F.A.C.Weber) Font & M.Köhler,Salmonopuntia schickendantzii (F.A.C.Weber) Font & M.Köhler,Salmonopuntia schickendantzii,Opuntia colubrina A.Cast.,Opuntia colubrina,Salmonopuntia,Opuntia
131854,Arnica palmata Thunb.,Ligularia japonica (L.f.) Less. ex DC.,Ligularia japonica (L.f.) Less. ex DC.,Ligularia japonica (L.f.) Less. ex DC.,Ligularia japonica,Syneilesis palmata (Thunb.) Maxim.,Syneilesis palmata,Ligularia,Syneilesis
143307,Agrosinapis arvensis (L.) Fourr.,Moricandia arvensis (L.) DC.,Moricandia arvensis (L.) DC.,Moricandia arvensis (L.) DC.,Moricandia arvensis,Mutarda arvensis (L.) D.A.German,Mutarda arvensis,Moricandia,Mutarda
147351,× Eucodonopsis picturata (Planch.) H.E.Moore,Mandirola × naegelia C.Morren,Mandirola × naegelia C.Morren,× Achimenantha roezlii (Planch.) Z.J.Huang & Z.H.Feng,× Achimenantha roezlii,× Smidirola picturata (Planch.) Z.J.Huang & Z.H.Feng,× Smidirola picturata,× Achimenantha,× Smidirola
168387,Mesembryanthemum pansifolium N.E.Br.,Amphibolia laevis (Aiton) H.E.K.Hartmann,Amphibolia laevis (Aiton) H.E.K.Hartmann,Amphibolia laevis (Aiton) H.E.K.Hartmann,Amphibolia laevis,Ruschia promontorii L.Bolus,Ruschia promontorii,Amphibolia,Ruschia
187658,Brandegea palmeri (S.Watson) Rose,Brandegea bigelovii (S.Watson) Cogn.,Brandegea bigelovii (S.Watson) Cogn.,Brandegea bigelovii (S.Watson) Cogn.,Brandegea bigelovii,Echinopepon insularis S.Watson,Echinopepon insularis,Brandegea,Echinopepon
187659,Vaseyanthus insularis var. palmeri (S.Watson) Gentry,Brandegea bigelovii (S.Watson) Cogn.,Brandegea bigelovii (S.Watson) Cogn.,Brandegea bigelovii (S.Watson) Cogn.,Brandegea bigelovii,Echinopepon insularis S.Watson,Echinopepon insularis,Brandegea,Echinopepon
187678,Vaseyanthus palmeri (S.Watson) Gentry,Brandegea bigelovii (S.Watson) Cogn.,Brandegea bigelovii (S.Watson) Cogn.,Brandegea bigelovii (S.Watson) Cogn.,Brandegea bigelovii,Echinopepon insularis S.Watson,Echinopepon insularis,Brandegea,Echinopepon
211683,Luisia birchea Blume,Luisia tenuifolia Blume,Luisia tenuifolia Blume,Cleisostoma tenuifolium (L.) Garay,Cleisostoma tenuifolium,Luisia birchea Blume,Luisia birchea,Cleisostoma,Luisia
225796,Oxygonum tristachyum (Baker) H.Perrier,Fagopyrum cymosum (Trevir.) Meisn.,Fagopyrum cymosum (Trevir.) Meisn.,Fagopyrum cymosum (Trevir.) Meisn.,Fagopyrum cymosum,Oxygonum tristachyum (Baker) H.Perrier,Oxygonum tristachyum,Fagopyrum,Oxygonum
229134,Weingartia Werderm.,Rebutia K.Schum.,Rebutia K.Schum.,Rebutia K.Schum.,,Weingartia Werderm.,,Rebutia,Weingartia
247469,Poarion Rchb.,Rostraria Trin.,Rostraria Trin.,Rostraria Trin.,,Aegialina Schult.,,Rostraria,Aegialina
247472,Aegialina Schult.,Rostraria Trin.,Rostraria Trin.,Rostraria Trin.,,Aegialina Schult.,,Rostraria,Aegialina
248758,Vaseyanthus brandegeei (Cogn.) Rose,Brandegea bigelovii (S.Watson) Cogn.,Brandegea bigelovii (S.Watson) Cogn.,Brandegea bigelovii (S.Watson) Cogn.,Brandegea bigelovii,Echinopepon insularis S.Watson,Echinopepon insularis,Brandegea,Echinopepon
248760,Vaseyanthus insularis var. brandegeei (Cogn.) I.M.Johnst.,Brandegea bigelovii (S.Watson) Cogn.,Brandegea bigelovii (S.Watson) Cogn.,Brandegea bigelovii (S.Watson) Cogn.,Brandegea bigelovii,Echinopepon insularis S.Watson,Echinopepon insularis,Brandegea,Echinopepon
253883,Senecio bonplandianus DC.,Aetheolaena senecioides (Kunth) B.Nord.,Aetheolaena senecioides (Kunth) B.Nord.,Aetheolaena senecioides (Kunth) B.Nord.,Aetheolaena senecioides,Senecio bonplandianus DC.,Senecio bonplandianus,Aetheolaena,Senecio
271451,Neogymnantha Y.Itô,Rebutia K.Schum.,Rebutia K.Schum.,Rebutia K.Schum.,,Weingartia Werderm.,,Rebutia,Weingartia
285665,"Weingartia azurduyensis (Gertel, Jucker & J.de Vries) Hentzschel & K.Augustin",Aylostera deminuta (F.A.C.Weber) Backeb.,Aylostera deminuta (F.A.C.Weber) Backeb.,Aylostera deminuta (F.A.C.Weber) Backeb.,Aylostera deminuta,Weingartia canigueralii (Cárdenas) F.H.Brandt,Weingartia canigueralii,Aylostera,Weingartia
293302,Potentilla multifida proles lapponica (F.Nyl.) Th.Wolf,Potentilla arctica Lehm.,Potentilla arctica Lehm.,Drymocallis arguta (Pursh) Rydb.,Drymocallis arguta,Potentilla arctica Rouy,Potentilla arctica,Drymocallis,Potentilla
293303,Potentilla lapponica (F.Nyl.) Juz.,Potentilla arctica Lehm.,Potentilla arctica Lehm.,Drymocallis arguta (Pursh) Rydb.,Drymocallis arguta,Potentilla arctica Rouy,Potentilla arctica,Drymocallis,Potentilla
314370,Luisia laurifolia M.R.Almeida,Luisia tenuifolia Blume,Luisia tenuifolia Blume,Cleisostoma tenuifolium (L.) Garay,Cleisostoma tenuifolium,Luisia birchea Blume,Luisia birchea,Cleisostoma,Luisia
326708,Callitropsis funebris (Endl.) de Laub. & Husby,Cupressus pendula Thunb.,Cupressus pendula Thunb.,Platycladus orientalis (L.) Franco,Platycladus orientalis,Cupressus funebris Endl.,Cupressus funebris,Platycladus,Cupressus
331142,Cardamine laevigata (Willd.) Bubani,Sisymbrella aspera subsp. aspera,Sisymbrella aspera subsp. aspera,Sisymbrella aspera subsp. aspera,Sisymbrella aspera,Diplotaxis tenuifolia (L.) DC.,Diplotaxis tenuifolia,Sisymbrella,Diplotaxis
331148,Nasturtium asperum var. laevigatum (Willd.) E.Fourn.,Sisymbrella aspera subsp. aspera,Sisymbrella aspera subsp. aspera,Sisymbrella aspera subsp. aspera,Sisymbrella aspera,Diplotaxis tenuifolia (L.) DC.,Diplotaxis tenuifolia,Sisymbrella,Diplotaxis
331328,Nasturtium asperum subsp. laevigatum (Willd.) Virot,Sisymbrella aspera subsp. aspera,Sisymbrella aspera subsp. aspera,Sisymbrella aspera subsp. aspera,Sisymbrella aspera,Diplotaxis tenuifolia (L.) DC.,Diplotaxis tenuifolia,Sisymbrella,Diplotaxis
351976,Chamaecyparis funebris (Endl.) Franco,Cupressus pendula Thunb.,Cupressus pendula Thunb.,Platycladus orientalis (L.) Franco,Platycladus orientalis,Cupressus funebris Endl.,Cupressus funebris,Platycladus,Cupressus
351977,Platycyparis funebris (Endl.) A.V.Bobrov & Melikyan,Cupressus pendula Thunb.,Cupressus pendula Thunb.,Platycladus orientalis (L.) Franco,Platycladus orientalis,Cupressus funebris Endl.,Cupressus funebris,Platycladus,Cupressus
371469,Dennstaedtia lindsayiformis (Fée) C.Chr.,Microlepia speluncae (L.) T.Moore,Microlepia speluncae (L.) T.Moore,Microlepia speluncae (L.) T.Moore,Microlepia speluncae,Dennstaedtia cornuta (Kaulf.) Mett.,Dennstaedtia cornuta,Microlepia,Dennstaedtia
377042,Aalius Rumph. ex Kuntze,Breynia J.R.Forst. & G.Forst.,Breynia J.R.Forst. & G.Forst.,Breynia J.R.Forst. & G.Forst.,,Phyllanthus L.,,Breynia,Phyllanthus
457008,Papaver crassifolium (Benth.) Greene,Stylophorum diphyllum (Michx.) Nutt.,Stylophorum diphyllum (Michx.) Nutt.,Chelidonium diphyllum Michx.,Chelidonium diphyllum,Papaver crassifolium (Benth.) Greene,Papaver crassifolium,Chelidonium,Papaver
457111,Stylophorum crassifolium (Benth.) Steud.,Stylophorum diphyllum (Michx.) Nutt.,Stylophorum diphyllum (Michx.) Nutt.,Chelidonium diphyllum Michx.,Chelidonium diphyllum,Papaver crassifolium (Benth.) Greene,Papaver crassifolium,Chelidonium,Papaver
457112,Papaver heterophyllum var. crassifolium (Benth.) Jeps.,Stylophorum diphyllum (Michx.) Nutt.,Stylophorum diphyllum (Michx.) Nutt.,Chelidonium diphyllum Michx.,Chelidonium diphyllum,Papaver crassifolium (Benth.) Greene,Papaver crassifolium,Chelidonium,Papaver
546379,Oreocharis leveilleana Fedde,Oreocharis auricula var. auricula,Oreocharis auricula var. auricula,Oreocharis auricula var. auricula,Oreocharis auricula,Petrocodon leveilleanus (Fedde) X.X.Bai & F.Wen,Petrocodon leveilleanus,Oreocharis,Petrocodon
736849,Meconopsis crassifolia Benth.,Stylophorum diphyllum (Michx.) Nutt.,Stylophorum diphyllum (Michx.) Nutt.,Chelidonium diphyllum Michx.,Chelidonium diphyllum,Papaver crassifolium (Benth.) Greene,Papaver crassifolium,Chelidonium,Papaver
737251,Elachanthemum Y.Ling & Y.R.Ling,Stilpnolepis Krasch.,Stilpnolepis Krasch.,Stilpnolepis Krasch.,,Elachanthemum Y.Ling & Y.R.Ling,,Stilpnolepis,Elachanthemum
738943,Geodorum esquirolii Schltr.,Eumachia DC.,Eumachia DC.,Eumachia DC.,,Geodorum esquirolii Schltr.,Geodorum esquirolii,Eumachia,Geodorum
739879,Sympa Ravenna,Herbertia Sweet,Herbertia Sweet,Herbertia Sweet,,Cypella Herb.,,Herbertia,Cypella
752836,Trisetum balearicum Gand.,Rostraria pumila (Lam.) Tzvelev,Rostraria pumila (Lam.) Tzvelev,Aegialina pumila (Lam.) Quintanar & Barberá,Aegialina pumila,Avellinia festucoides (Link) Valdés & H.Scholz,Avellinia festucoides,Aegialina,Avellinia
753560,Oliganthes triflora Cass.,Piptocoma vernonioides (Kunth) Pruski,Piptocoma vernonioides (Kunth) Pruski,Piptocoma vernonioides (Kunth) Pruski,Piptocoma vernonioides,Oliganthes triflora Cass.,Oliganthes triflora,Piptocoma,Oliganthes
753819,Podlechiella Maassoumi & Kaz.Osaloo,Astragalus L.,Astragalus L.,Astragalus L.,,Podlechiella Maassoumi & Kaz.Osaloo,,Astragalus,Podlechiella
755198,Vernonia faradifani Scott Elliot,Piptocoma vernonioides (Kunth) Pruski,Piptocoma vernonioides (Kunth) Pruski,Piptocoma vernonioides (Kunth) Pruski,Piptocoma vernonioides,Oliganthes triflora Cass.,Oliganthes triflora,Piptocoma,Oliganthes
755199,Vernonia terniflora Less.,Piptocoma vernonioides (Kunth) Pruski,Piptocoma vernonioides (Kunth) Pruski,Piptocoma vernonioides (Kunth) Pruski,Piptocoma vernonioides,Oliganthes triflora Cass.,Oliganthes triflora,Piptocoma,Oliganthes
781320,Aletes J.M.Coult. & Rose,Cymopterus Raf.,Cymopterus Raf.,Cymopterus Raf.,,Aletes J.M.Coult. & Rose,,Cymopterus,Aletes
800061,Cousinia horridula Juz.,"Arctium horrescens (Juz.) S.López, Romasch., Susanna & N.Garcia","Arctium horrescens (Juz.) S.López, Romasch., Susanna & N.Garcia","Arctium horrescens (Juz.) S.López, Romasch., Susanna & N.Garcia",Arctium horrescens,Cousinia horridula Juz.,Cousinia horridula,Arctium,Cousinia
800626,Shawia J.R.Forst. & G.Forst.,Olearia Moench,Olearia Moench,Olearia Moench,,Shawia J.R.Forst. & G.Forst.,,Olearia,Shawia
803005,Asterochaete Nees,Carpha Banks & Sol. ex R.Br.,Carpha Banks & Sol. ex R.Br.,Carpha Banks & Sol. ex R.Br.,,Asterochaete Nees,,Carpha,Asterochaete
806026,Ktenosachne tenerrima Steud.,Rostraria cristata (L.) Tzvelev,Rostraria cristata (L.) Tzvelev,Rostraria cristata (L.) Tzvelev,Rostraria cristata,Aegialina pubescens (Lam.) Quintanar & Barberá,Aegialina pubescens,Rostraria,Aegialina
806328,Urostephanus B.L.Rob. & Greenm.,Matelea Aubl.,Matelea Aubl.,Matelea Aubl.,,Urostephanus B.L.Rob. & Greenm.,,Matelea,Urostephanus
807233,Xeranthemum ciliatum L.,Cullumia decurrens Less.,Cullumia decurrens Less.,Cullumia decurrens Less.,Cullumia decurrens,Polyarrhena reflexa subsp. reflexa,Polyarrhena reflexa,Cullumia,Polyarrhena
807939,Laphangium (Hilliard & B.L.Burtt) Tzvelev,Helichrysum Mill.,Helichrysum Mill.,Helichrysum Mill.,,Pseudognaphalium Kirp.,,Helichrysum,Pseudognaphalium
809883,Trimeris C.Presl,Lobelia Plum. ex L.,Lobelia Plum. ex L.,Lobelia Plum. ex L.,,Trimeris C.Presl,,Lobelia,Trimeris
812681,Melanosinapis K.F.Schimp. & Spenn.,Brassica L.,Brassica L.,Brassica L.,,Mutarda Bernh.,,Brassica,Mutarda
814217,Oliganthes jelskii Hieron.,Critoniopsis jelskii (Hieron.) H.Rob.,Critoniopsis jelskii (Hieron.) H.Rob.,Critoniopsis jelskii (Hieron.) H.Rob.,Critoniopsis jelskii,Grosvenoria jelskii (Hieron.) R.M.King & H.Rob.,Grosvenoria jelskii,Critoniopsis,Grosvenoria
819739,Sinabraca G.H.Loos,Brassica L.,Brassica L.,Brassica L.,,× Brassarda Su Liu & Z.H.Feng,,Brassica,× Brassarda
821897,Campecarpus H.Wendl. ex Becc.,Cyphophoenix H.Wendl. ex Hook.f.,Cyphophoenix H.Wendl. ex Hook.f.,Cyphophoenix H.Wendl. ex Hook.f.,,Campecarpus H.Wendl. ex Becc.,,Cyphophoenix,Campecarpus
821899,Veillonia H.E.Moore,Cyphophoenix H.Wendl. ex Hook.f.,Cyphophoenix H.Wendl. ex Hook.f.,Cyphophoenix H.Wendl. ex Hook.f.,,Veillonia H.E.Moore,,Cyphophoenix,Veillonia
827405,Agrosinapis Fourr.,Brassica L.,Brassica L.,Brassica L.,,Mutarda Bernh.,,Brassica,Mutarda
836693,Plectreca Raf.,Vernonia Schreb.,Vernonia Schreb.,Vernonia Schreb.,,Gymnanthemum Cass.,,Vernonia,Gymnanthemum
842139,Alsophila bongardiana Mett. ex Baker,Alsophila spinulosa (Wall. ex Hook.) R.M.Tryon,Alsophila spinulosa (Wall. ex Hook.) R.M.Tryon,Alsophila spinulosa (Wall. ex Hook.) R.M.Tryon,Alsophila spinulosa,Sphaeropteris mertensiana (Kunze) R.M.Tryon,Sphaeropteris mertensiana,Alsophila,Sphaeropteris
852054,Diplotaxis vernalis Phil.,Tropidocarpum lanatum (Barnéoud) Al-Shehbaz & R.A.Price,Tropidocarpum lanatum (Barnéoud) Al-Shehbaz & R.A.Price,Tropidocarpum lanatum (Barnéoud) Al-Shehbaz & R.A.Price,Tropidocarpum lanatum,Rorippa mandonii (E.Fourn.) Mart.-Laborde,Rorippa mandonii,Tropidocarpum,Rorippa
862509,Potentilla multifida var. pitensis Hyl.,Potentilla arctica Lehm.,Potentilla arctica Lehm.,Drymocallis arguta (Pursh) Rydb.,Drymocallis arguta,Potentilla arctica Rouy,Potentilla arctica,Drymocallis,Potentilla
862510,Potentilla multifida var. lapponica F.Nyl.,Potentilla arctica Lehm.,Potentilla arctica Lehm.,Drymocallis arguta (Pursh) Rydb.,Drymocallis arguta,Potentilla arctica Rouy,Potentilla arctica,Drymocallis,Potentilla
862511,Potentilla multifida var. lulensis Hyl.,Potentilla arctica Lehm.,Potentilla arctica Lehm.,Drymocallis arguta (Pursh) Rydb.,Drymocallis arguta,Potentilla arctica Rouy,Potentilla arctica,Drymocallis,Potentilla
881485,Spermacoce tubularis R.Br. ex Wall.,Scleromitrion angustifolium (Cham. & Schltdl.) Benth.,Scleromitrion angustifolium (Cham. & Schltdl.) Benth.,Scleromitrion angustifolium (Cham. & Schltdl.) Benth.,Scleromitrion angustifolium,Spermacoce articularis L.f.,Spermacoce articularis,Scleromitrion,Spermacoce
883594,Jordania Boiss.,Gypsophila L.,Gypsophila L.,Gypsophila L.,,Jordania Boiss.,,Gypsophila,Jordania
884461,Tonalanthus Brandegee,Calea L.,Calea L.,Calea L.,,Tonalanthus Brandegee,,Calea,Tonalanthus
884468,Lemmatium DC.,Calea L.,Calea L.,Calea L.,,Lemmatium DC.,,Calea,Lemmatium
890623,Brasilia G.M.Barroso,Calea L.,Calea L.,Calea L.,,Lemmatium DC.,,Calea,Lemmatium
902895,Merrillia Swingle,Murraya J.Koenig,Murraya J.Koenig,Murraya J.Koenig,,Merrillia Swingle,,Murraya,Merrillia
905489,Bonplandia Willd.,Galipea Aubl.,Galipea Aubl.,Galipea Aubl.,,Angostura Roem. & Schult.,,Galipea,Angostura
906327,Aster praecox Mill.,Aster pyrenaeus Desf. ex DC.,Aster pyrenaeus Desf. ex DC.,Eurybia sibirica (L.) G.L.Nesom,Eurybia sibirica,Aster praecox Mill.,Aster praecox,Eurybia,Aster
929777,Anisostigma Schinz,Tetragonia L.,Tetragonia L.,Tetragonia L.,,Anisostigma Schinz,,Tetragonia,Anisostigma
931349,Coelorachis Brongn.,Rottboellia L.f.,Rottboellia L.f.,Rottboellia L.f.,,Eremochloa Buse,,Rottboellia,Eremochloa
934051,Alsophila gazellae Kuhn,Sphaeropteris lunulata (G.Forst.) R.M.Tryon,Sphaeropteris lunulata (G.Forst.) R.M.Tryon,Sphaeropteris lunulata (G.Forst.) R.M.Tryon,Sphaeropteris lunulata,Pleocnemia cumingiana C.Presl,Pleocnemia cumingiana,Sphaeropteris,Pleocnemia
938713,Taihangia T.T.Yu & C.L.Li,Geum L.,Geum L.,Geum L.,,Taihangia T.T.Yu & C.L.Li,,Geum,Taihangia
941250,Cacalia cinerarioides Kunth,Aetheolaena senecioides (Kunth) B.Nord.,Aetheolaena senecioides (Kunth) B.Nord.,Aetheolaena senecioides (Kunth) B.Nord.,Aetheolaena senecioides,Senecio bonplandianus DC.,Senecio bonplandianus,Aetheolaena,Senecio
950252,Serruria hirsuta H.Buek ex Meisn.,Scoparia L.,Scoparia L.,Scoparia L.,,Serruria scoparia R.Br.,Serruria scoparia,Scoparia,Serruria
951154,"Sulcorebutia azurduyensis Gertel, Jucker & J.de Vries",Aylostera deminuta (F.A.C.Weber) Backeb.,Aylostera deminuta (F.A.C.Weber) Backeb.,Aylostera deminuta (F.A.C.Weber) Backeb.,Aylostera deminuta,Weingartia canigueralii (Cárdenas) F.H.Brandt,Weingartia canigueralii,Aylostera,Weingartia
963118,Nothocalais (A.Gray) Greene,Microseris D.Don,Microseris D.Don,Microseris D.Don,,Nothocalais (A.Gray) Greene,,Microseris,Nothocalais
963126,Stebbinsoseris K.L.Chambers,Microseris D.Don,Microseris D.Don,Microseris D.Don,,Stebbinsoseris K.L.Chambers,,Microseris,Stebbinsoseris
963127,Uropappus Nutt.,Microseris D.Don,Microseris D.Don,Microseris D.Don,,Uropappus Nutt.,,Microseris,Uropappus
965165,Oncostylus (Schltdl.) F.Bolle,Geum L.,Geum L.,Geum L.,,Oncostylus (Schltdl.) F.Bolle,,Geum,Oncostylus
967738,Systemonodaphne Mez,Kubitzkia van der Werff,Kubitzkia van der Werff,Kubitzkia van der Werff,,Phyllostemonodaphne Kosterm.,,Kubitzkia,Phyllostemonodaphne
968671,Brachynema F.Muell.,Sphenodesme Jack,Sphenodesme Jack,Sphenodesme Jack,,Abrophyllum Hook.f.,,Sphenodesme,Abrophyllum
969284,Chaetospora R.Br.,Schoenus L.,Schoenus L.,Schoenus L.,,Chaetospora R.Br.,,Schoenus,Chaetospora
972158,Prenanthella Rydb.,Lygodesmia D.Don,Lygodesmia D.Don,Lygodesmia D.Don,,Prenanthella Rydb.,,Lygodesmia,Prenanthella
973755,Ptilanthelium Steud.,Schoenus L.,Schoenus L.,Schoenus L.,,Chaetospora R.Br.,,Schoenus,Chaetospora
978544,Leontodon pavonii Boiss.,Leontodon hispidus subsp. hispidus,Leontodon hispidus subsp. hispidus,Leontodon hispidus subsp. hispidus,Leontodon hispidus,Hypochaeris radicata L.,Hypochaeris radicata,Leontodon,Hypochaeris
988538,Bradleia Banks ex Gaertn.,Glochidion J.R.Forst. & G.Forst.,Glochidion J.R.Forst. & G.Forst.,Glochidion J.R.Forst. & G.Forst.,,Phyllanthus L.,,Glochidion,Phyllanthus
988723,Glochisandra Wight,Glochidion J.R.Forst. & G.Forst.,Glochidion J.R.Forst. & G.Forst.,Glochidion J.R.Forst. & G.Forst.,,Phyllanthus L.,,Glochidion,Phyllanthus
1010447,Aster serrulatus Harv.,Afroaster serrulatus (Harv.) J.C.Manning & Goldblatt,Afroaster serrulatus (Harv.) J.C.Manning & Goldblatt,Afroaster serrulatus (Harv.) J.C.Manning & Goldblatt,Afroaster serrulatus,Felicia hyssopifolia subsp. hyssopifolia,Felicia hyssopifolia,Afroaster,Felicia
1017982,Trichocereus chuquisacanus F.Ritter,Soehrensia tarijensis subsp. tarijensis,Soehrensia tarijensis subsp. tarijensis,Soehrensia tarijensis subsp. tarijensis,Soehrensia tarijensis,Trichocereus chuquisacanus F.Ritter,Trichocereus chuquisacanus,Soehrensia,Trichocereus
1018985,Zarcoa Llanos,Glochidion J.R.Forst. & G.Forst.,Glochidion J.R.Forst. & G.Forst.,Glochidion J.R.Forst. & G.Forst.,,Phyllanthus L.,,Glochidion,Phyllanthus
1020454,Anatherum P.Beauv.,Andropogon L.,Andropogon L.,Andropogon L.,,Anatherum P.Beauv.,,Andropogon,Anatherum
1024078,Holopyxidium Ducke,Lecythis Loefl.,Lecythis Loefl.,Lecythis Loefl.,,Chytroma Miers,,Lecythis,Chytroma
1024079,Pachylecythis Ledoux,Lecythis Loefl.,Lecythis Loefl.,Lecythis Loefl.,,Pachylecythis Ledoux,,Lecythis,Pachylecythis
1024098,Sapucaya R.Knuth,Lecythis Loefl.,Lecythis Loefl.,Lecythis Loefl.,,Chytroma Miers,,Lecythis,Chytroma
1024099,Cercophora Miers,Lecythis Loefl.,Lecythis Loefl.,Lecythis Loefl.,,Chytroma Miers,,Lecythis,Chytroma
1025373,Coccoglochidion K.Schum.,Glochidion J.R.Forst. & G.Forst.,Glochidion J.R.Forst. & G.Forst.,Glochidion J.R.Forst. & G.Forst.,,Phyllanthus L.,,Glochidion,Phyllanthus
1025453,Agyneia L.,Glochidion J.R.Forst. & G.Forst.,Glochidion J.R.Forst. & G.Forst.,Glochidion J.R.Forst. & G.Forst.,,Phyllanthus L.,,Glochidion,Phyllanthus
1025795,Episteira Raf.,Glochidion J.R.Forst. & G.Forst.,Glochidion J.R.Forst. & G.Forst.,Glochidion J.R.Forst. & G.Forst.,,Phyllanthus L.,,Glochidion,Phyllanthus
1025911,Glochidionopsis Blume,Glochidion J.R.Forst. & G.Forst.,Glochidion J.R.Forst. & G.Forst.,Glochidion J.R.Forst. & G.Forst.,,Phyllanthus L.,,Glochidion,Phyllanthus
1026022,Lobocarpus Wight & Arn.,Glochidion J.R.Forst. & G.Forst.,Glochidion J.R.Forst. & G.Forst.,Glochidion J.R.Forst. & G.Forst.,,Phyllanthus L.,,Glochidion,Phyllanthus
1026623,Chytroma Miers,Lecythis Loefl.,Lecythis Loefl.,Lecythis Loefl.,,Chytroma Miers,,Lecythis,Chytroma
1029790,Gynoon A.Juss.,Glochidion J.R.Forst. & G.Forst.,Glochidion J.R.Forst. & G.Forst.,Glochidion J.R.Forst. & G.Forst.,,Phyllanthus L.,,Glochidion,Phyllanthus
1029791,Tetraglochidion K.Schum.,Glochidion J.R.Forst. & G.Forst.,Glochidion J.R.Forst. & G.Forst.,Glochidion J.R.Forst. & G.Forst.,,Phyllanthus L.,,Glochidion,Phyllanthus
1029792,Phyllanthodendron Hemsl.,Glochidion J.R.Forst. & G.Forst.,Glochidion J.R.Forst. & G.Forst.,Glochidion J.R.Forst. & G.Forst.,,Phyllanthus L.,,Glochidion,Phyllanthus
1048445,Sinobambusa anaurita T.H.Wen,Oligostachyum hupehense (J.L.Lu) Z.P.Wang & G.H.Ye,Oligostachyum hupehense (J.L.Lu) Z.P.Wang & G.H.Ye,Oligostachyum hupehense (J.L.Lu) Z.P.Wang & G.H.Ye,Oligostachyum hupehense,"Acidosasa anaurita (T.H.Wen) W.Y.Zhang & N.X.Ma ex N.H.Xia, Zhi X.Zhang & Z.Y.Cai",Acidosasa anaurita,Oligostachyum,Acidosasa
1048579,Homalocephala Britton & Rose,Echinocactus Link & Otto,Echinocactus Link & Otto,Echinocactus Link & Otto,,Homalocephala Britton & Rose,,Echinocactus,Homalocephala
1055230,Birchea teretifolia A.Rich.,Luisia tenuifolia Blume,Luisia tenuifolia Blume,Cleisostoma tenuifolium (L.) Garay,Cleisostoma tenuifolium,Luisia birchea Blume,Luisia birchea,Cleisostoma,Luisia
1055731,Psorodendron Rydb.,Psorothamnus Rydb.,Psorothamnus Rydb.,Psorothamnus Rydb.,,Psorodendron Rydb.,,Psorothamnus,Psorodendron
1058517,Panicum granuliferum var. longifolium Kuntze,Trichanthecium granuliferum (Kunth) Zuloaga & Morrone,Trichanthecium granuliferum (Kunth) Zuloaga & Morrone,Trichanthecium granuliferum (Kunth) Zuloaga & Morrone,Trichanthecium granuliferum,Panicum trichanthum Nees,Panicum trichanthum,Trichanthecium,Panicum
1062929,Chrysostemma Less.,Coreopsis L.,Coreopsis L.,Coreopsis L.,,Anacis Schrank,,Coreopsis,Anacis
1062938,Anacis Schrank,Coreopsis L.,Coreopsis L.,Coreopsis L.,,Anacis Schrank,,Coreopsis,Anacis
1064352,Agarista DC.,Coreopsis L.,Coreopsis L.,Coreopsis L.,,Leptosyne DC.,,Coreopsis,Leptosyne
1064356,Carduncellus Adans.,Carthamus L.,Carthamus L.,Carthamus L.,,Carduncellus Adans.,,Carthamus,Carduncellus
1070177,Tuckermannia Nutt.,Coreopsis L.,Coreopsis L.,Coreopsis L.,,Leptosyne DC.,,Coreopsis,Leptosyne
1070184,Leptosyne DC.,Coreopsis L.,Coreopsis L.,Coreopsis L.,,Leptosyne DC.,,Coreopsis,Leptosyne
1071460,Epilepis Benth.,Coreopsis L.,Coreopsis L.,Coreopsis L.,,Epilepis Benth.,,Coreopsis,Epilepis
1072285,Luisia pulniana Vatsala,Luisia tenuifolia Blume,Luisia tenuifolia Blume,Cleisostoma tenuifolium (L.) Garay,Cleisostoma tenuifolium,Luisia birchea Blume,Luisia birchea,Cleisostoma,Luisia
1072286,Luisia tenuifolia var. evangelinae (Blatt. & McCann) Santapau & Kapadia,Luisia tenuifolia Blume,Luisia tenuifolia Blume,Cleisostoma tenuifolium (L.) Garay,Cleisostoma tenuifolium,Luisia birchea Blume,Luisia birchea,Cleisostoma,Luisia
1072287,Luisia laurifolia var. evangelinae (Blatt. & McCann) M.R.Almeida,Luisia tenuifolia Blume,Luisia tenuifolia Blume,Cleisostoma tenuifolium (L.) Garay,Cleisostoma tenuifolium,Luisia birchea Blume,Luisia birchea,Cleisostoma,Luisia
1072288,Luisia pseudotenuifolia Blatt. & McCann,Luisia tenuifolia Blume,Luisia tenuifolia Blume,Cleisostoma tenuifolium (L.) Garay,Cleisostoma tenuifolium,Luisia birchea Blume,Luisia birchea,Cleisostoma,Luisia
1072289,Luisia evangelinae Blatt. & McCann,Luisia tenuifolia Blume,Luisia tenuifolia Blume,Cleisostoma tenuifolium (L.) Garay,Cleisostoma tenuifolium,Luisia birchea Blume,Luisia birchea,Cleisostoma,Luisia
1075408,Pseudosarcolobus Costantin,Marsdenia R.Br.,Marsdenia R.Br.,Marsdenia R.Br.,,Pseudosarcolobus Costantin,,Marsdenia,Pseudosarcolobus
1088158,Saul Roxb. ex Wight & Arn.,Shorea Roxb. ex C.F.Gaertn.,Shorea Roxb. ex C.F.Gaertn.,Shorea Roxb. ex C.F.Gaertn.,,Anthoshorea Pierre,,Shorea,Anthoshorea
1089379,Polypodium mollendense Maxon,Pleopeltis masafuerae (Phil.) de la Sota,Pleopeltis masafuerae (Phil.) de la Sota,Pleopeltis masafuerae (Phil.) de la Sota,Pleopeltis masafuerae,Polypodium mollendense Maxon,Polypodium mollendense,Pleopeltis,Polypodium
1089782,Sisymbrium laevigatum Willd.,Sisymbrella aspera subsp. aspera,Sisymbrella aspera subsp. aspera,Sisymbrella aspera subsp. aspera,Sisymbrella aspera,Diplotaxis tenuifolia (L.) DC.,Diplotaxis tenuifolia,Sisymbrella,Diplotaxis
1094518,Quassia officinalis Rich.,Simarouba amara Aubl.,Simarouba amara Aubl.,Simarouba amara Aubl.,Simarouba amara,Quassia amara L.,Quassia amara,Simarouba,Quassia
1103016,Erysimum wettsteinianum Kuntze,Arabis alpina subsp. alpina,Arabis alpina subsp. alpina,Arabis alpina subsp. alpina,Arabis alpina,Erysimum sylvestre subsp. sylvestre,Erysimum sylvestre,Arabis,Erysimum
1110741,Mandirola × naegelia var. picturata Planch.,Mandirola × naegelia C.Morren,Mandirola × naegelia C.Morren,× Achimenantha roezlii (Planch.) Z.J.Huang & Z.H.Feng,× Achimenantha roezlii,× Smidirola picturata (Planch.) Z.J.Huang & Z.H.Feng,× Smidirola picturata,× Achimenantha,× Smidirola
1113475,× Promosepalum Anon.,× Propetalum Anon.,× Propetalum Anon.,× Propetalum Anon.,,× Promosepalum Anon.,,× Propetalum,× Promosepalum
1134372,Pleuropterus Turcz.,Fallopia Adans.,Fallopia Adans.,Fallopia Adans.,,Reynoutria Houtt.,,Fallopia,Reynoutria
1142430,Hieronymusia Engl.,Suksdorfia A.Gray,Suksdorfia A.Gray,Suksdorfia A.Gray,,Hieronymusia Engl.,,Suksdorfia,Hieronymusia
1142795,Seriphium corymbiferum L.,Myrovernix gnaphaloides (L.) Koek.,Myrovernix gnaphaloides (L.) Koek.,Myrovernix gnaphaloides (L.) Koek.,Myrovernix gnaphaloides,Stoebe gomphrenoides P.J.Bergius,Stoebe gomphrenoides,Myrovernix,Stoebe
1144814,Convolvulus benehoavensis Bolle,Convolvulus scoparius L.f.,Convolvulus scoparius L.f.,Convolvulus scoparius L.f.,Convolvulus scoparius,Genista benehoavensis (Bolle) del Arco,Genista benehoavensis,Convolvulus,Genista
1149675,Quassia tricarpa Blanco,Guioa pleuropteris (Blume) Radlk.,Guioa pleuropteris (Blume) Radlk.,Guioa pleuropteris (Blume) Radlk.,Guioa pleuropteris,Sapindus tricarpus (Blanco) A.R.Franck,Sapindus tricarpus,Guioa,Sapindus
1151605,Echiostachys Levyns,Lobostemon Lehm.,Lobostemon Lehm.,Lobostemon Lehm.,,Echiostachys Levyns,,Lobostemon,Echiostachys
1152157,Kimnachia S.Arias & N.Korotkova,Pseudorhipsalis Britton & Rose,Pseudorhipsalis Britton & Rose,Pseudorhipsalis Britton & Rose,,Kimnachia S.Arias & N.Korotkova,,Pseudorhipsalis,Kimnachia
1159831,Bridgesia Backeb.,Rebutia K.Schum.,Rebutia K.Schum.,Rebutia K.Schum.,,Weingartia Werderm.,,Rebutia,Weingartia
1161663,Loureira Meisn.,Buchanania Spreng.,Buchanania Spreng.,Buchanania Spreng.,,Glycosmis Corrêa,,Buchanania,Glycosmis
1173018,Tutuca fistulosa Molina,Senecio fistulosus var. fistulosus,Senecio fistulosus var. fistulosus,Senecio fistulosus var. fistulosus,Senecio fistulosus,Chusquea culeou É.Desv.,Chusquea culeou,Senecio,Chusquea
1177050,Microlaena carsei Cheeseman,Ehrharta diplax var. diplax,Ehrharta diplax var. diplax,Ehrharta diplax var. diplax,Ehrharta diplax,Microlaena carsei Cheeseman,Microlaena carsei,Ehrharta,Microlaena
1183286,Pygmaeocereus H.Johnson & Backeb.,Haageocereus Backeb.,Haageocereus Backeb.,Haageocereus Backeb.,,Pygmaeocereus H.Johnson & Backeb.,,Haageocereus,Pygmaeocereus
1185104,Ceratogynum Wight,Breynia J.R.Forst. & G.Forst.,Breynia J.R.Forst. & G.Forst.,Breynia J.R.Forst. & G.Forst.,,Phyllanthus L.,,Breynia,Phyllanthus
1185105,Breyniopsis Beille,Breynia J.R.Forst. & G.Forst.,Breynia J.R.Forst. & G.Forst.,Breynia J.R.Forst. & G.Forst.,,Phyllanthus L.,,Breynia,Phyllanthus
1185106,Diplomorpha Griff.,Breynia J.R.Forst. & G.Forst.,Breynia J.R.Forst. & G.Forst.,Breynia J.R.Forst. & G.Forst.,,Phyllanthus L.,,Breynia,Phyllanthus
1185107,Forsteria Steud.,Breynia J.R.Forst. & G.Forst.,Breynia J.R.Forst. & G.Forst.,Breynia J.R.Forst. & G.Forst.,,Phyllanthus L.,,Breynia,Phyllanthus
1185108,Heterocalymnantha Domin,Breynia J.R.Forst. & G.Forst.,Breynia J.R.Forst. & G.Forst.,Breynia J.R.Forst. & G.Forst.,,Phyllanthus L.,,Breynia,Phyllanthus
1185109,Foersteria Scop.,Breynia J.R.Forst. & G.Forst.,Breynia J.R.Forst. & G.Forst.,Breynia J.R.Forst. & G.Forst.,,Phyllanthus L.,,Breynia,Phyllanthus
1185110,Melanthesa Blume,Breynia J.R.Forst. & G.Forst.,Breynia J.R.Forst. & G.Forst.,Breynia J.R.Forst. & G.Forst.,,Phyllanthus L.,,Breynia,Phyllanthus
1185111,Melanthesopsis Müll.Arg.,Breynia J.R.Forst. & G.Forst.,Breynia J.R.Forst. & G.Forst.,Breynia J.R.Forst. & G.Forst.,,Phyllanthus L.,,Breynia,Phyllanthus
1185112,Sauropus Blume,Breynia J.R.Forst. & G.Forst.,Breynia J.R.Forst. & G.Forst.,Breynia J.R.Forst. & G.Forst.,,Phyllanthus L.,,Breynia,Phyllanthus
1186609,Pentagonium Schauer,Philibertia Kunth,Philibertia Kunth,Philibertia Kunth,,Funastrum E.Fourn.,,Philibertia,Funastrum
1187056,Camelinopsis A.G.Mill.,Pseudocamelina (Boiss.) N.Busch,Pseudocamelina (Boiss.) N.Busch,Pseudocamelina (Boiss.) N.Busch,,Camelinopsis A.G.Mill.,,Pseudocamelina,Camelinopsis
1188020,Leucanthemum fontanesii Boiss. & Reut.,Plagius maghrebinus Vogt & Greuter,Plagius maghrebinus Vogt & Greuter,Plagius maghrebinus Vogt & Greuter,Plagius maghrebinus,Leucanthemum virgatum (Desr.) Clos,Leucanthemum virgatum,Plagius,Leucanthemum
1188059,Steirocoma (DC.) Rchb.,Disparago Gaertn.,Disparago Gaertn.,Disparago Gaertn.,,Stoebe L.,,Disparago,Stoebe
1189170,Ktenosachne Steud.,Rostraria Trin.,Rostraria Trin.,Rostraria Trin.,,Aegialina Schult.,,Rostraria,Aegialina
1191122,Wigandia Neck. ex Less.,Disparago Gaertn.,Disparago Gaertn.,Disparago Gaertn.,,Stoebe L.,,Disparago,Stoebe
1192102,Leucanthemum vulgare subsp. discoideum Arcang.,Leucanthemum virgatum (Desr.) Clos,Leucanthemum virgatum (Desr.) Clos,Leucanthemum virgatum (Desr.) Clos,Leucanthemum virgatum,Plagius grandis (L.) Alavi & Heywood,Plagius grandis,Leucanthemum,Plagius
1193064,Niveophyllum Matuda,Hechtia Klotzsch,Hechtia Klotzsch,Hechtia Klotzsch,,Bakerantha L.B.Sm.,,Hechtia,Bakerantha
1193393,Bakeria André,Hechtia Klotzsch,Hechtia Klotzsch,Hechtia Klotzsch,,Bakerantha L.B.Sm.,,Hechtia,Bakerantha
1195385,Aegialitis Trin.,Rostraria Trin.,Rostraria Trin.,Rostraria Trin.,,Aegialina Schult.,,Rostraria,Aegialina
1205926,Sucrea Soderstr.,Raddia Bertol.,Raddia Bertol.,Raddia Bertol.,,Sucrea Soderstr.,,Raddia,Sucrea
1215855,Polygonum tristachyum Baker,Fagopyrum cymosum (Trevir.) Meisn.,Fagopyrum cymosum (Trevir.) Meisn.,Fagopyrum cymosum (Trevir.) Meisn.,Fagopyrum cymosum,Oxygonum tristachyum (Baker) H.Perrier,Oxygonum tristachyum,Fagopyrum,Oxygonum
1216014,Gnaphalium javanicum Reinw. ex Blume,Pseudognaphalium affine (D.Don) Anderb.,Pseudognaphalium affine (D.Don) Anderb.,Pseudognaphalium affine (D.Don) Anderb.,Pseudognaphalium affine,Anaphalis javanica (Reinw. ex Blume) Martelli,Anaphalis javanica,Pseudognaphalium,Anaphalis
1216071,"Xylothamia G.L.Nesom, Y.B.Suh, D.R.Morgan & B.B.Simpson",Gundlachia A.Gray,Gundlachia A.Gray,Gundlachia A.Gray,,"Xylothamia G.L.Nesom, Y.B.Suh, D.R.Morgan & B.B.Simpson",,Gundlachia,Xylothamia
1219852,Euchilus R.Br.,Pultenaea Sm.,Pultenaea Sm.,Pultenaea Sm.,,Euchilus R.Br.,,Pultenaea,Euchilus
1239254,Billardiera Moench,Verbena L.,Verbena L.,Verbena L.,,Glandularia J.F.Gmel.,,Verbena,Glandularia
1240911,× Mangave D.Klein,Agave L.,Agave L.,Agave L.,,× Mangave D.Klein,,Agave,× Mangave
1241310,Parryodes Jafri,Arabis L.,Arabis L.,Arabis L.,,Parryodes Jafri,,Arabis,Parryodes
1243317,Tuberosa Heist. ex Fabr.,Agave L.,Agave L.,Agave L.,,Polianthes L.,,Agave,Polianthes
1243318,Pothos Adans.,Agave L.,Agave L.,Agave L.,,Polianthes L.,,Agave,Polianthes
1243319,Zetocapnia Link & Otto,Agave L.,Agave L.,Agave L.,,Polianthes L.,,Agave,Polianthes
1243321,Robynsia Drapiez,Agave L.,Agave L.,Agave L.,,Polianthes L.,,Agave,Polianthes
1246655,Shuttleworthia Meisn.,Verbena L.,Verbena L.,Verbena L.,,Glandularia J.F.Gmel.,,Verbena,Glandularia
1248610,Sonchus strictus Pau,Rainiera stricta (Greene) Greene,Rainiera stricta (Greene) Greene,Rainiera stricta (Greene) Greene,Rainiera stricta,Sonchus leptocephalus Cass.,Sonchus leptocephalus,Rainiera,Sonchus
1249851,Prochnyanthes S.Watson,Agave L.,Agave L.,Agave L.,,Prochnyanthes S.Watson,,Agave,Prochnyanthes
1249853,× Bravanthes Cif. & Giacom.,Agave L.,Agave L.,Agave L.,,Polianthes L.,,Agave,Polianthes
1249854,Pseudobravoa Rose,Agave L.,Agave L.,Agave L.,,Polianthes L.,,Agave,Polianthes
1249856,Bravoa Lex.,Agave L.,Agave L.,Agave L.,,Polianthes L.,,Agave,Polianthes
1249857,Runyonia Rose,Agave L.,Agave L.,Agave L.,,Manfreda Salisb.,,Agave,Manfreda
1251085,Allibertia Marion ex Baker,Agave L.,Agave L.,Agave L.,,Manfreda Salisb.,,Agave,Manfreda
1251086,Coetocapnia Link & Otto,Agave L.,Agave L.,Agave L.,,Polianthes L.,,Agave,Polianthes
1251087,Polianthes L.,Agave L.,Agave L.,Agave L.,,Polianthes L.,,Agave,Polianthes
1251088,× Polifreda W.Ritchie & J.T.Lindstr.,Agave L.,Agave L.,Agave L.,,× Polifreda W.Ritchie & J.T.Lindstr.,,Agave,× Polifreda
1251089,Manfreda Salisb.,Agave L.,Agave L.,Agave L.,,Manfreda Salisb.,,Agave,Manfreda
1251090,Leichtlinia H.Ross,Agave L.,Agave L.,Agave L.,,Manfreda Salisb.,,Agave,Manfreda
1251839,Goniophlebium elatum Fée,Serpocaulon dissimile (L.) A.R.Sm.,Serpocaulon dissimile (L.) A.R.Sm.,Serpocaulon dissimile (L.) A.R.Sm.,Serpocaulon dissimile,Pecluma dulcis (Poir.) F.C.Assis & Salino,Pecluma dulcis,Serpocaulon,Pecluma
1252544,Helleranthus Small,Verbena L.,Verbena L.,Verbena L.,,Glandularia J.F.Gmel.,,Verbena,Glandularia
1252627,Glandularia J.F.Gmel.,Verbena L.,Verbena L.,Verbena L.,,Glandularia J.F.Gmel.,,Verbena,Glandularia
1256835,Verbenella Spach,Verbena L.,Verbena L.,Verbena L.,,Glandularia J.F.Gmel.,,Verbena,Glandularia
1256837,Uwarowia Bunge,Verbena L.,Verbena L.,Verbena L.,,Glandularia J.F.Gmel.,,Verbena,Glandularia
1260095,Eupatorium steviifolium DC.,Hatschbachiella tweedieana (Hook. & Arn.) R.M.King & H.Rob.,Hatschbachiella tweedieana (Hook. & Arn.) R.M.King & H.Rob.,Hatschbachiella tweedieana (Hook. & Arn.) R.M.King & H.Rob.,Hatschbachiella tweedieana,Austroeupatorium steviifolium (DC.) Mailhos & Bonif.,Austroeupatorium steviifolium,Hatschbachiella,Austroeupatorium
1260878,Litsea cinnamomea Blume,Neolitsea cinnamomea (Ridl.) Kosterm.,Neolitsea cinnamomea (Ridl.) Kosterm.,Neolitsea cinnamomea (Ridl.) Kosterm.,Neolitsea cinnamomea,Litsea cinnamomea Blume,Litsea cinnamomea,Neolitsea,Litsea
1262488,Floribunda F.Ritter,Cipocereus F.Ritter,Cipocereus F.Ritter,Cipocereus F.Ritter,,Arrojadoa Britton & Rose,,Cipocereus,Arrojadoa
1265991,Cottsia Dubard & Dop,Janusia A.Juss. ex Endl.,Janusia A.Juss. ex Endl.,Janusia A.Juss. ex Endl.,,Cottsia Dubard & Dop,,Janusia,Cottsia
1265992,Schwannia Endl.,Janusia A.Juss. ex Endl.,Janusia A.Juss. ex Endl.,Janusia A.Juss. ex Endl.,,Schwannia Endl.,,Janusia,Schwannia
1265994,Fimbriaria A.Juss.,Janusia A.Juss. ex Endl.,Janusia A.Juss. ex Endl.,Janusia A.Juss. ex Endl.,,Schwannia Endl.,,Janusia,Schwannia
1266267,Eupatorium steviifolium var. angustius DC.,Hatschbachiella tweedieana (Hook. & Arn.) R.M.King & H.Rob.,Hatschbachiella tweedieana (Hook. & Arn.) R.M.King & H.Rob.,Hatschbachiella tweedieana (Hook. & Arn.) R.M.King & H.Rob.,Hatschbachiella tweedieana,Austroeupatorium steviifolium (DC.) Mailhos & Bonif.,Austroeupatorium steviifolium,Hatschbachiella,Austroeupatorium
1272535,Trisetaria lapalmae H.Scholz,Trisetaria loeflingiana (L.) Paunero,Trisetaria loeflingiana (L.) Paunero,Trisetaria loeflingiana (L.) Paunero,Trisetaria loeflingiana,Aegialina lapalmae (H.Scholz) Quintanar & Barberá,Aegialina lapalmae,Trisetaria,Aegialina
1276014,Stoebe fasciculata Thunb.,Metalasia brevifolia (Lam.) Levyns,Metalasia brevifolia (Lam.) Levyns,Metalasia brevifolia (Lam.) Levyns,Metalasia brevifolia,Ifloga ambigua (L.) Druce,Ifloga ambigua,Metalasia,Ifloga
1276464,Hosackia alamosana Rose,Acmispon watsonii (Vasey & Rose) Brouillet,Acmispon watsonii (Vasey & Rose) Brouillet,Acmispon watsonii (Vasey & Rose) Brouillet,Acmispon watsonii,Hosackia alamosana Rose,Hosackia alamosana,Acmispon,Hosackia
1278926,Brachynema Griff.,Abrophyllum Hook.f.,Abrophyllum Hook.f.,Abrophyllum Hook.f.,,Sphenodesme Jack,,Abrophyllum,Sphenodesme
1278937,Claderia Raf.,Murraya J.Koenig,Murraya J.Koenig,Murraya J.Koenig,,Azadirachta A.Juss.,,Murraya,Azadirachta
1280937,Caerulocereus Guiggi,Pilosocereus Byles & G.D.Rowley,Pilosocereus Byles & G.D.Rowley,Pilosocereus Byles & G.D.Rowley,,"Xiquexique Lavor, Calvente & Versieux",,Pilosocereus,Xiquexique
1282962,Nimbo Dennst.,Murraya J.Koenig,Murraya J.Koenig,Murraya J.Koenig,,Bergera J.Koenig,,Murraya,Bergera
1283863,Dufrenoya Chatin,Dendrotrophe Miq.,Dendrotrophe Miq.,Dendrotrophe Miq.,,Dufrenoya Chatin,,Dendrotrophe,Dufrenoya
1285519,Weingartia jarmilae Halda & Horáček,Lobivia cinnabarina (Hook.) Britton & Rose,Lobivia cinnabarina (Hook.) Britton & Rose,Lobivia cinnabarina (Hook.) Britton & Rose,Lobivia cinnabarina,Echinopsis oligotricha (Cárdenas) M.Lowry,Echinopsis oligotricha,Lobivia,Echinopsis
1285628,Mariottia Guiggi,Micranthocereus Backeb.,Micranthocereus Backeb.,Micranthocereus Backeb.,,Coleocephalocereus Backeb.,,Micranthocereus,Coleocephalocereus
1286974,Parachionolaena M.O.Dillon & Sagást.,Chionolaena DC.,Chionolaena DC.,Chionolaena DC.,,Gnaphaliothamnus Kirp.,,Chionolaena,Gnaphaliothamnus
1290226,Siccobaccatus P.J.Braun & Esteves,Micranthocereus Backeb.,Micranthocereus Backeb.,Micranthocereus Backeb.,,Coleocephalocereus Backeb.,,Micranthocereus,Coleocephalocereus
1299612,Micropuntia Daston,Grusonia F.Rchb. ex Britton & Rose,Grusonia F.Rchb. ex Britton & Rose,Grusonia F.Rchb. ex Britton & Rose,,Micropuntia Daston,,Grusonia,Micropuntia
1308368,Echinopepon palmeri S.Watson,Brandegea bigelovii (S.Watson) Cogn.,Brandegea bigelovii (S.Watson) Cogn.,Brandegea bigelovii (S.Watson) Cogn.,Brandegea bigelovii,Echinopepon insularis S.Watson,Echinopepon insularis,Brandegea,Echinopepon
1308372,Echinocystis brandegeei Cogn.,Brandegea bigelovii (S.Watson) Cogn.,Brandegea bigelovii (S.Watson) Cogn.,Brandegea bigelovii (S.Watson) Cogn.,Brandegea bigelovii,Echinopepon insularis S.Watson,Echinopepon insularis,Brandegea,Echinopepon
1315080,Falona Adans.,Cynosurus L.,Cynosurus L.,Cynosurus L.,,Falona Adans.,,Cynosurus,Falona
1334869,Arctotis lanata Thunb.,Haplocarpha lanata Less.,Haplocarpha lanata Less.,Haplocarpha lanata Less.,Haplocarpha lanata,Arctotis acaulis var. acaulis,Arctotis acaulis,Haplocarpha,Arctotis
1334870,Haplocarpha thunbergii Less.,Haplocarpha lanata Less.,Haplocarpha lanata Less.,Haplocarpha lanata Less.,Haplocarpha lanata,Arctotis acaulis var. acaulis,Arctotis acaulis,Haplocarpha,Arctotis
1338203,Opuntia colubrina A.Cast.,Salmonopuntia schickendantzii (F.A.C.Weber) Font & M.Köhler,Salmonopuntia schickendantzii (F.A.C.Weber) Font & M.Köhler,Salmonopuntia schickendantzii (F.A.C.Weber) Font & M.Köhler,Salmonopuntia schickendantzii,Opuntia colubrina A.Cast.,Opuntia colubrina,Salmonopuntia,Opuntia
1339118,Staphysagria Spach,Delphinium Tourn. ex L.,Delphinium Tourn. ex L.,Delphinium Tourn. ex L.,,Staphisagria Hill,,Delphinium,Staphisagria
1339926,Sympa riograndensis Ravenna,Herbertia lahue (Molina) Goldblatt,Herbertia lahue (Molina) Goldblatt,Herbertia lahue (Molina) Goldblatt,Herbertia lahue,Cypella brasiliensis (Baker) Roitman & J.A.Castillo,Cypella brasiliensis,Herbertia,Cypella
1340538,Ruschia promontorii L.Bolus,Amphibolia laevis (Aiton) H.E.K.Hartmann,Amphibolia laevis (Aiton) H.E.K.Hartmann,Amphibolia laevis (Aiton) H.E.K.Hartmann,Amphibolia laevis,Ruschia promontorii L.Bolus,Ruschia promontorii,Amphibolia,Ruschia
1340637,Rimacactus Mottram,Eriosyce Phil.,Eriosyce Phil.,Eriosyce Phil.,,Rimacactus Mottram,,Eriosyce,Rimacactus
1345137,Ruschia decumbens L.Bolus,Antimima defecta (L.Bolus) H.E.K.Hartmann,Antimima defecta (L.Bolus) H.E.K.Hartmann,Antimima defecta (L.Bolus) H.E.K.Hartmann,Antimima defecta,Ruschia decumbens L.Bolus,Ruschia decumbens,Antimima,Ruschia
1349031,Cintia Kníže & Říha,Rebutia K.Schum.,Rebutia K.Schum.,Rebutia K.Schum.,,Weingartia Werderm.,,Rebutia,Weingartia
1350817,Sulcorebutia Backeb.,Rebutia K.Schum.,Rebutia K.Schum.,Rebutia K.Schum.,,Weingartia Werderm.,,Rebutia,Weingartia
1350819,Scoparebutia Frič & Kreuz. ex Buining,Rebutia K.Schum.,Rebutia K.Schum.,Rebutia K.Schum.,,Lobivia Britton & Rose,,Rebutia,Lobivia
1350820,Rebulobivia Frič,Rebutia K.Schum.,Rebutia K.Schum.,Rebutia K.Schum.,,Aylostera Speg.,,Rebutia,Aylostera
1350821,Echinolobivia Y.Itô,Rebutia K.Schum.,Rebutia K.Schum.,Rebutia K.Schum.,,Aylostera Speg.,,Rebutia,Aylostera
1350822,Echinorebutia Frič ex Kreuz.,Rebutia K.Schum.,Rebutia K.Schum.,Rebutia K.Schum.,,Aylostera Speg.,,Rebutia,Aylostera
1350823,Setirebutia Frič,Rebutia K.Schum.,Rebutia K.Schum.,Rebutia K.Schum.,,Aylostera Speg.,,Rebutia,Aylostera
1350824,Gymnantha Y.Itô,Rebutia K.Schum.,Rebutia K.Schum.,Rebutia K.Schum.,,Weingartia Werderm.,,Rebutia,Weingartia
1350825,Gymnorebutia Doweld,Rebutia K.Schum.,Rebutia K.Schum.,Rebutia K.Schum.,,Weingartia Werderm.,,Rebutia,Weingartia
1350826,Cylindrorebutia Frič & Kreuz.,Rebutia K.Schum.,Rebutia K.Schum.,Rebutia K.Schum.,,Aylostera Speg.,,Rebutia,Aylostera
1352296,Spegazzinia Backeb.,Rebutia K.Schum.,Rebutia K.Schum.,Rebutia K.Schum.,,Weingartia Werderm.,,Rebutia,Weingartia
1353773,Behria Greene,Bessera Schult.f.,Bessera Schult.f.,Bessera Schult.f.,,Behria Greene,,Bessera,Behria
1366572,Cupressus funebris var. gracilis Carrière,Cupressus pendula Thunb.,Cupressus pendula Thunb.,Platycladus orientalis (L.) Franco,Platycladus orientalis,Cupressus funebris Endl.,Cupressus funebris,Platycladus,Cupressus
1366573,Cupressus funebris Endl.,Cupressus pendula Thunb.,Cupressus pendula Thunb.,Platycladus orientalis (L.) Franco,Platycladus orientalis,Cupressus funebris Endl.,Cupressus funebris,Platycladus,Cupressus
1366575,Juniperus quaternata Miq.,Cupressus pendula Thunb.,Cupressus pendula Thunb.,Platycladus orientalis (L.) Franco,Platycladus orientalis,Cupressus funebris Endl.,Cupressus funebris,Platycladus,Cupressus
