,taxon_name_w_authors,v10_accepted_name_w_author,v12_taxon_name_w_authors,v12_chained_accepted_name_w_author,v12_chained_accepted_species,v12_direct_accepted_name_w_author,v12_direct_accepted_species,v12_chained_accepted_genus,v12_direct_accepted_genus
813,Zedoaria Raf.,Amomum Roxb.,Amomum Roxb.,Amomum Roxb.,,Curcuma L.,,Amomum,Curcuma
1925,Andreettaea Luer,Pleurothallis R.Br.,Pleurothallis R.Br.,Pleurothallis R.Br.,,Andreettaea Luer,,Pleurothallis,Andreettaea
13532,Phyllotaenium André,Caladium Vent.,Caladium Vent.,Caladium Vent.,,Phyllotaenium André,,Caladium,Phyllotaenium
13982,Paraphaius J.W.Zhai & F.W.Xing,Calanthe R.Br.,Calanthe R.Br.,Calanthe R.Br.,,Phaius Lour.,,Calanthe,Phaius
13983,Pachyne Salisb.,Calanthe R.Br.,Calanthe R.Br.,Calanthe R.Br.,,Phaius Lour.,,Calanthe,Phaius
13984,Cyanorkis Thouars,Calanthe R.Br.,Calanthe R.Br.,Calanthe R.Br.,,Phaius Lour.,,Calanthe,Phaius
13988,Limatodis Blume,Calanthe R.Br.,Calanthe R.Br.,Calanthe R.Br.,,Phaius Lour.,,Calanthe,Phaius
13995,Tankervillia Link,Calanthe R.Br.,Calanthe R.Br.,Calanthe R.Br.,,Phaius Lour.,,Calanthe,Phaius
13998,Hecabe Raf.,Calanthe R.Br.,Calanthe R.Br.,Calanthe R.Br.,,Phaius Lour.,,Calanthe,Phaius
14000,Pesomeria Lindl.,Calanthe R.Br.,Calanthe R.Br.,Calanthe R.Br.,,Phaius Lour.,,Calanthe,Phaius
14002,Phaius Lour.,Calanthe R.Br.,Calanthe R.Br.,Calanthe R.Br.,,Phaius Lour.,,Calanthe,Phaius
14004,Phajus Hassk.,Calanthe R.Br.,Calanthe R.Br.,Calanthe R.Br.,,Phaius Lour.,,Calanthe,Phaius
15045,Martiusella Pierre,Chrysophyllum L.,Chrysophyllum L.,Chrysophyllum L.,,Martiusella Pierre,,Chrysophyllum,Martiusella
15057,Ragala Pierre,Chrysophyllum L.,Chrysophyllum L.,Chrysophyllum L.,,Ragala Pierre,,Chrysophyllum,Ragala
15059,Chloroluma Baill.,Chrysophyllum L.,Chrysophyllum L.,Chrysophyllum L.,,Chloroluma Baill.,,Chrysophyllum,Chloroluma
17415,Prieurella Pierre,Chrysophyllum L.,Chrysophyllum L.,Chrysophyllum L.,,Prieurella Pierre,,Chrysophyllum,Prieurella
17468,Achrouteria Eyma,Chrysophyllum L.,Chrysophyllum L.,Chrysophyllum L.,,Achrouteria Eyma,,Chrysophyllum,Achrouteria
17488,Cornuella Pierre,Chrysophyllum L.,Chrysophyllum L.,Chrysophyllum L.,,Cornuella Pierre,,Chrysophyllum,Cornuella
17491,Fibrocentrum Pierre ex Glaziou,Chrysophyllum L.,Chrysophyllum L.,Chrysophyllum L.,,Chloroluma Baill.,,Chrysophyllum,Chloroluma
28603,Chrysalidocarpus H.Wendl.,Dypsis Noronha ex Mart.,Dypsis Noronha ex Mart.,Dypsis Noronha ex Mart.,,Chrysalidocarpus H.Wendl.,,Dypsis,Chrysalidocarpus
28604,Phlogella Baill.,Dypsis Noronha ex Mart.,Dypsis Noronha ex Mart.,Dypsis Noronha ex Mart.,,Chrysalidocarpus H.Wendl.,,Dypsis,Chrysalidocarpus
28607,Antongilia Jum.,Dypsis Noronha ex Mart.,Dypsis Noronha ex Mart.,Dypsis Noronha ex Mart.,,Vonitra Becc.,,Dypsis,Vonitra
28611,Neodypsis Baill.,Dypsis Noronha ex Mart.,Dypsis Noronha ex Mart.,Dypsis Noronha ex Mart.,,Chrysalidocarpus H.Wendl.,,Dypsis,Chrysalidocarpus
28614,Vonitra Becc.,Dypsis Noronha ex Mart.,Dypsis Noronha ex Mart.,Dypsis Noronha ex Mart.,,Vonitra Becc.,,Dypsis,Vonitra
28615,Macrophloga Becc.,Dypsis Noronha ex Mart.,Dypsis Noronha ex Mart.,Dypsis Noronha ex Mart.,,Chrysalidocarpus H.Wendl.,,Dypsis,Chrysalidocarpus
32088,Eugenia doniana O.Berg,Eugenia stictopetala DC.,Eugenia stictopetala DC.,Eugenia stictopetala DC.,Eugenia stictopetala,Myrcia doniana O.Berg,Myrcia doniana,Eugenia,Myrcia
53237,Nothomyrcia Kausel,Myrceugenia O.Berg,Myrceugenia O.Berg,Myrceugenia O.Berg,,Nothomyrcia Kausel,,Myrceugenia,Nothomyrcia
56034,Dipladenia tetradenia Rusby,Odontadenia lutea (Vell.) Markgr.,Odontadenia lutea (Vell.) Markgr.,Odontadenia lutea (Vell.) Markgr.,Odontadenia lutea,Mandevilla alexicaca (Mart. ex Stadelm.) J.F.Morales & A.Fuentes,Mandevilla alexicaca,Odontadenia,Mandevilla
56142,Angraecum pescatorianum Lindl.,Oeoniella polystachys (Thouars) Schltr.,Oeoniella polystachys (Thouars) Schltr.,Oeoniella polystachys (Thouars) Schltr.,Oeoniella polystachys,Listrostachys pertusa (Lindl.) Rchb.f.,Listrostachys pertusa,Oeoniella,Listrostachys
60563,Phyllanthodendron Hemsl.,Phyllanthus L.,Phyllanthus L.,Phyllanthus L.,,Glochidion J.R.Forst. & G.Forst.,,Phyllanthus,Glochidion
77391,Eugenia tenuiramis Miq.,Syzygium zeylanicum (L.) DC.,Syzygium zeylanicum (L.) DC.,Syzygium zeylanicum (L.) DC.,Syzygium zeylanicum,Eugenia egensis DC.,Eugenia egensis,Syzygium,Eugenia
77397,Eugenia egensis var. tenuiramis (Miq.) O.Berg,Syzygium zeylanicum (L.) DC.,Syzygium zeylanicum (L.) DC.,Syzygium zeylanicum (L.) DC.,Syzygium zeylanicum,Eugenia egensis DC.,Eugenia egensis,Syzygium,Eugenia
80993,Lazarum A.Hay,Typhonium Schott,Typhonium Schott,Typhonium Schott,,Lazarum A.Hay,,Typhonium,Lazarum
82461,Metrosideros pictipetala Blanco,Xanthostemon verus (Roxb.) Peter G.Wilson,Xanthostemon verus (Roxb.) Peter G.Wilson,Xanthostemon verus (Roxb.) Peter G.Wilson,Xanthostemon verus,Decaspermum parviflorum subsp. parviflorum,Decaspermum parviflorum,Xanthostemon,Decaspermum
83273,Restrepia liebmanniana Kraenzl.,Acianthera strupifolia (Lindl.) Pridgeon & M.W.Chase,Acianthera strupifolia (Lindl.) Pridgeon & M.W.Chase,Acianthera strupifolia (Lindl.) Pridgeon & M.W.Chase,Acianthera strupifolia,Andreettaea marginata (Rich.) A.Doucette,Andreettaea marginata,Acianthera,Andreettaea
83967,Specklinia minutissima (Luer) Luer,Anathallis barbulata (Lindl.) Pridgeon & M.W.Chase,Anathallis barbulata (Lindl.) Pridgeon & M.W.Chase,Anathallis barbulata (Lindl.) Pridgeon & M.W.Chase,Anathallis barbulata,Specklinia minutissima (Luer) Luer,Specklinia minutissima,Anathallis,Specklinia
83969,Lankesteriana minutissima (Luer) Karremans,Anathallis barbulata (Lindl.) Pridgeon & M.W.Chase,Anathallis barbulata (Lindl.) Pridgeon & M.W.Chase,Anathallis barbulata (Lindl.) Pridgeon & M.W.Chase,Anathallis barbulata,Specklinia minutissima (Luer) Luer,Specklinia minutissima,Anathallis,Specklinia
83975,Pleurothallis minutissima Luer,Anathallis barbulata (Lindl.) Pridgeon & M.W.Chase,Anathallis barbulata (Lindl.) Pridgeon & M.W.Chase,Anathallis barbulata (Lindl.) Pridgeon & M.W.Chase,Anathallis barbulata,Specklinia minutissima (Luer) Luer,Specklinia minutissima,Anathallis,Specklinia
95586,Nidularium lindenii Regel,Hohenbergia augusta (Vell.) É.Morren,Hohenbergia augusta (Vell.) É.Morren,Hohenbergia augusta (Vell.) É.Morren,Hohenbergia augusta,Edmundoa lindenii (Regel) Leme,Edmundoa lindenii,Hohenbergia,Edmundoa
119779,Ixia striata Vahl,Ixia latifolia D.Delaroche,Ixia latifolia D.Delaroche,Ixia latifolia D.Delaroche,Ixia latifolia,Tritonia gladiolaris (Lam.) Goldblatt & J.C.Manning,Tritonia gladiolaris,Ixia,Tritonia
122705,Retzia campanuloides (L.f.) Spreng.,Retzia capensis Thunb.,Retzia capensis Thunb.,Retzia capensis Thunb.,Retzia capensis,Prismatocarpus campanuloides (L.f.) Sond.,Prismatocarpus campanuloides,Retzia,Prismatocarpus
122707,Retzia roelloides (L.f.) Spreng.,Retzia capensis Thunb.,Retzia capensis Thunb.,Retzia capensis Thunb.,Retzia capensis,Prismatocarpus pedunculatus (P.J.Bergius) A.DC.,Prismatocarpus pedunculatus,Retzia,Prismatocarpus
123863,Zingiber truncatum Stokes,Zingiber zerumbet subsp. zerumbet,Zingiber zerumbet subsp. zerumbet,Zingiber zerumbet subsp. zerumbet,Zingiber zerumbet,Curcuma zedoaria (Christm.) Roscoe,Curcuma zedoaria,Zingiber,Curcuma
169242,Triticum glaucum Honck.,Thinopyrum intermedium subsp. intermedium,Thinopyrum intermedium subsp. intermedium,Thinopyrum intermedium subsp. intermedium,Thinopyrum intermedium,Triticum turgidum subsp. polonicum (L.) Thell.,Triticum turgidum,Thinopyrum,Triticum
174097,Hordeum sieberianum Besser,Triticum aestivum subsp. compactum (Host) H.Messik.,Triticum aestivum subsp. compactum (Host) H.Messik.,Triticum aestivum subsp. compactum (Host) H.Messik.,Triticum aestivum,Hordeum bulbosum L.,Hordeum bulbosum,Triticum,Hordeum
178262,Rhodostegiella (Pobed.) C.Y.Wu & D.Z.Li,Vincetoxicum Wolf,Vincetoxicum Wolf,Vincetoxicum Wolf,,Cynanchum L.,,Vincetoxicum,Cynanchum
184408,Stachytarpheta fiebrigii Moldenke,Citharexylum amabile (Bocq.) Christenh. & Byng,Citharexylum amabile (Bocq.) Christenh. & Byng,Citharexylum amabile (Bocq.) Christenh. & Byng,Citharexylum amabile,Stachytarpheta fiebrigii Moldenke,Stachytarpheta fiebrigii,Citharexylum,Stachytarpheta
185856,Agropyron repens var. littorale (Mutel) Fiori,Thinopyrum acutum (DC.) Banfi,Thinopyrum acutum (DC.) Banfi,Thinopyrum acutum (DC.) Banfi,Thinopyrum acutum,Elymus athericus (Link) Kerguélen,Elymus athericus,Thinopyrum,Elymus
185864,Agropyron repens subsp. littorale (Mutel) Bonnier,Thinopyrum acutum (DC.) Banfi,Thinopyrum acutum (DC.) Banfi,Thinopyrum acutum (DC.) Banfi,Thinopyrum acutum,Elymus athericus (Link) Kerguélen,Elymus athericus,Thinopyrum,Elymus
193115,Eucarpha (R.Br.) Spach,Knightia R.Br.,Knightia R.Br.,Knightia R.Br.,,Eucarpha (R.Br.) Spach,,Knightia,Eucarpha
193944,Lobivia acanthoplegma var. oligotricha (Cárdenas) Gertel & R.Wahl,Lobivia cinnabarina (Hook.) Britton & Rose,Lobivia cinnabarina (Hook.) Britton & Rose,Lobivia cinnabarina (Hook.) Britton & Rose,Lobivia cinnabarina,Echinopsis oligotricha (Cárdenas) M.Lowry,Echinopsis oligotricha,Lobivia,Echinopsis
201573,Pogonospermum Hochst.,Monechma Hochst.,Monechma Hochst.,Meiosperma Raf.,,Pogonospermum Hochst.,,Meiosperma,Pogonospermum
203873,Geocarpon Mack.,Mononeuria Rchb.,Mononeuria Rchb.,Mononeuria Rchb.,,Geocarpon Mack.,,Mononeuria,Geocarpon
204753,Eriochiton (R.H.Anderson) A.J.Scott,Maireana Moq.,Maireana Moq.,Maireana Moq.,,Eriochiton (R.H.Anderson) A.J.Scott,,Maireana,Eriochiton
208391,Ocotea minarum var. canescens (Meisn.) Mez,Ocotea minarum (Nees & Mart.) Mez,Ocotea minarum (Nees & Mart.) Mez,Ocotea minarum (Nees & Mart.) Mez,Ocotea minarum,Nectandra psammophila Nees & Mart.,Nectandra psammophila,Ocotea,Nectandra
213476,Turraea thouarsiana (Baill.) Cavaco & Keraudren,Olax psittacorum (Lam.) Vahl,Olax psittacorum (Lam.) Vahl,Olax psittacorum (Lam.) Vahl,Olax psittacorum,Turraea thouarsiana (Baill.) Cavaco & Keraudren,Turraea thouarsiana,Olax,Turraea
213479,Olax thouarsiana Baill.,Olax psittacorum (Lam.) Vahl,Olax psittacorum (Lam.) Vahl,Olax psittacorum (Lam.) Vahl,Olax psittacorum,Turraea thouarsiana (Baill.) Cavaco & Keraudren,Turraea thouarsiana,Olax,Turraea
219773,Phellopterus jonesii (J.M.Coult. & Rose) Rydb.,Rhysopterus plurijugus J.M.Coult. & Rose,Rhysopterus plurijugus J.M.Coult. & Rose,Rhysopterus plurijugus J.M.Coult. & Rose,Rhysopterus plurijugus,Cymopterus coulteri (M.E.Jones) Mathias,Cymopterus coulteri,Rhysopterus,Cymopterus
219776,Rhysopterus jonesii J.M.Coult. & Rose,Rhysopterus plurijugus J.M.Coult. & Rose,Rhysopterus plurijugus J.M.Coult. & Rose,Rhysopterus plurijugus J.M.Coult. & Rose,Rhysopterus plurijugus,Cymopterus coulteri (M.E.Jones) Mathias,Cymopterus coulteri,Rhysopterus,Cymopterus
221751,Helianthemum racemosum (L.) Pau,Tuberaria guttata (L.) Fourr.,Tuberaria guttata (L.) Fourr.,Tuberaria guttata (L.) Fourr.,Tuberaria guttata,Helianthemum violaceum subsp. violaceum,Helianthemum violaceum,Tuberaria,Helianthemum
221782,Helianthemum variabile Spach,Tuberaria guttata (L.) Fourr.,Tuberaria guttata (L.) Fourr.,Tuberaria guttata (L.) Fourr.,Tuberaria guttata,Helianthemum apenninum (L.) Mill.,Helianthemum apenninum,Tuberaria,Helianthemum
221896,Toumeya Britton & Rose,Turbinicarpus (Backeb.) Buxb. & Backeb.,Turbinicarpus (Backeb.) Buxb. & Backeb.,Turbinicarpus (Backeb.) Buxb. & Backeb.,,Sclerocactus Britton & Rose,,Turbinicarpus,Sclerocactus
227410,Bonarota Adans.,Veronica L.,Veronica L.,Veronica L.,,Paederota L.,,Veronica,Paederota
237671,Spergularia nobreana Samp.,Sagina hawaiensis Pax,Sagina hawaiensis Pax,Sagina hawaiensis Pax,Sagina hawaiensis,Spergularia media subsp. media,Spergularia media,Sagina,Spergularia
241524,Statice ciliata (Lange) Rothm.,Limonium durieui (Girard) Kuntze,Limonium durieui (Girard) Kuntze,Limonium durieui (Girard) Kuntze,Limonium durieui,Armeria ciliata (Lange) Nieto Fel.,Armeria ciliata,Limonium,Armeria
252820,Spirolobium A.D.Orb.,Prosopis L.,Prosopis L.,Prosopis L.,,Strombocarpa (Benth.) Engelm. & A.Gray,,Prosopis,Strombocarpa
254277,Sopropis Britton & Rose,Prosopis L.,Prosopis L.,Prosopis L.,,Strombocarpa (Benth.) Engelm. & A.Gray,,Prosopis,Strombocarpa
254287,Neltuma Raf.,Prosopis L.,Prosopis L.,Prosopis L.,,Neltuma Raf.,,Prosopis,Neltuma
254468,Mitostax Raf.,Prosopis L.,Prosopis L.,Prosopis L.,,Neltuma Raf.,,Prosopis,Neltuma
254495,Anonychium Schweinf.,Prosopis L.,Prosopis L.,Prosopis L.,,Anonychium Schweinf.,,Prosopis,Anonychium
254738,Dendrophthoe heyneanus Blume,Psittacanthus cucullaris (Lam.) G.Don,Psittacanthus cucullaris (Lam.) G.Don,Psittacanthus cucullaris (Lam.) G.Don,Psittacanthus cucullaris,Taxillus heyneanus (Schult. & Schult.f.) Danser,Taxillus heyneanus,Psittacanthus,Taxillus
254934,Dolichos stipulaceus Lam.,Pueraria montana var. lobata (Willd.) Maesen & S.M.Almeida ex Sanjappa & Predeep,Pueraria montana var. lobata (Willd.) Maesen & S.M.Almeida ex Sanjappa & Predeep,Pueraria montana var. lobata (Willd.) Maesen & S.M.Almeida ex Sanjappa & Predeep,Pueraria montana,Vigna stipulacea (Lam.) Kuntze,Vigna stipulacea,Pueraria,Vigna
273148,Stauracanthus aphyllus f. spartioides (Webb) Samp.,Stauracanthus genistoides (Brot.) Samp.,Stauracanthus genistoides (Brot.) Samp.,Stauracanthus genistoides (Brot.) Samp.,Stauracanthus genistoides,Ulex minor Roth,Ulex minor,Stauracanthus,Ulex
273151,Stauracanthus genistoides f. spartioides (Webb) Samp.,Stauracanthus genistoides (Brot.) Samp.,Stauracanthus genistoides (Brot.) Samp.,Stauracanthus genistoides (Brot.) Samp.,Stauracanthus genistoides,Ulex minor Roth,Ulex minor,Stauracanthus,Ulex
273156,Ulex genistoides f. spartioides (Webb) C.Vicioso,Stauracanthus genistoides (Brot.) Samp.,Stauracanthus genistoides (Brot.) Samp.,Stauracanthus genistoides (Brot.) Samp.,Stauracanthus genistoides,Ulex minor Roth,Ulex minor,Stauracanthus,Ulex
273157,Ulex genistoides var. spartioides (Webb) C.Vicioso,Stauracanthus genistoides (Brot.) Samp.,Stauracanthus genistoides (Brot.) Samp.,Stauracanthus genistoides (Brot.) Samp.,Stauracanthus genistoides,Ulex minor Roth,Ulex minor,Stauracanthus,Ulex
283449,Pseudalbizzia Britton & Rose,Albizia Durazz.,Albizia Durazz.,Albizia Durazz.,,Pseudalbizzia Britton & Rose,,Albizia,Pseudalbizzia
283455,Arthrosamanea Britton & Rose,Albizia Durazz.,Albizia Durazz.,Albizia Durazz.,,Pseudalbizzia Britton & Rose,,Albizia,Pseudalbizzia
284726,Alyssum serpyllifolium var. castellanum (Jord. & Fourr.) Nyman,Alyssum serpyllifolium Desf.,Alyssum serpyllifolium Desf.,Alyssum serpyllifolium Desf.,Alyssum serpyllifolium,Odontarrhena alpestris (L.) Ledeb.,Odontarrhena alpestris,Alyssum,Odontarrhena
286644,Eustylis Hook.f.,Angelica L.,Angelica L.,Angelica L.,,Scandia J.W.Dawson,,Angelica,Scandia
286877,Aniba megacarpa Hemsl.,Aniba canelilla (Kunth) Mez,Aniba canelilla (Kunth) Mez,Aniba canelilla (Kunth) Mez,Aniba canelilla,Licaria cannella subsp. cannella,Licaria cannella,Aniba,Licaria
301584,Brassica nigra var. laevigata (DC.) Alef.,Brassica carinata A.Braun,Brassica carinata A.Braun,Brassica carinata A.Braun,Brassica carinata,Erucastrum strigosum (Thunb.) O.E.Schulz,Erucastrum strigosum,Brassica,Erucastrum
303850,Bonduc Adans.,Caesalpinia Plum. ex L.,Caesalpinia Plum. ex L.,Caesalpinia Plum. ex L.,,Guilandina L.,,Caesalpinia,Guilandina
303855,Adenocalyx Bertero ex Kunth,Caesalpinia Plum. ex L.,Caesalpinia Plum. ex L.,Caesalpinia Plum. ex L.,,Coulteria Kunth,,Caesalpinia,Coulteria
303857,Ticanto Adans.,Caesalpinia Plum. ex L.,Caesalpinia Plum. ex L.,Caesalpinia Plum. ex L.,,Ticanto Adans.,,Caesalpinia,Ticanto
303858,Echyrospermum Schott,Caesalpinia Plum. ex L.,Caesalpinia Plum. ex L.,Caesalpinia Plum. ex L.,,Plathymenia Benth.,,Caesalpinia,Plathymenia
309146,Doerriena Borkh.,Cerastium Tourn. ex L.,Cerastium Tourn. ex L.,Cerastium Tourn. ex L.,,Moenchia Ehrh.,,Cerastium,Moenchia
318092,Lithocardium macranthum (Cham.) Kuntze,Cordia macrantha Chodat,Cordia macrantha Chodat,Cordia macrantha Chodat,Cordia macrantha,Varronia paucidentata (Fresen.) Friesen,Varronia paucidentata,Cordia,Varronia
320439,Luffa cylindrica var. multiflora (Spreng.) Domin,Cucumis melo L.,Cucumis melo L.,Cucumis melo L.,Cucumis melo,Luffa aegyptiaca Mill.,Luffa aegyptiaca,Cucumis,Luffa
320683,Luffa arabum Steud.,Cucumis melo L.,Cucumis melo L.,Cucumis melo L.,Cucumis melo,Luffa aegyptiaca Mill.,Luffa aegyptiaca,Cucumis,Luffa
320702,Luffa jacquinii Schrad.,Cucumis melo L.,Cucumis melo L.,Cucumis melo L.,Cucumis melo,Luffa aegyptiaca Mill.,Luffa aegyptiaca,Cucumis,Luffa
320708,Luffa hederacea Wall. ex G.Don,Cucumis melo L.,Cucumis melo L.,Cucumis melo L.,Cucumis melo,Luffa aegyptiaca Mill.,Luffa aegyptiaca,Cucumis,Luffa
320712,Luffa foetida Schrad.,Cucumis melo L.,Cucumis melo L.,Cucumis melo L.,Cucumis melo,Luffa aegyptiaca Mill.,Luffa aegyptiaca,Cucumis,Luffa
320719,Luffa striata Schrad.,Cucumis melo L.,Cucumis melo L.,Cucumis melo L.,Cucumis melo,Luffa aegyptiaca Mill.,Luffa aegyptiaca,Cucumis,Luffa
320725,Luffa veitchii Naudin,Cucumis melo L.,Cucumis melo L.,Cucumis melo L.,Cucumis melo,Luffa aegyptiaca Mill.,Luffa aegyptiaca,Cucumis,Luffa
320728,Luffa vittata Zipp. ex Span.,Cucumis melo L.,Cucumis melo L.,Cucumis melo L.,Cucumis melo,Luffa aegyptiaca Mill.,Luffa aegyptiaca,Cucumis,Luffa
320732,Luffa luffa (L.) A.Lyons,Cucumis melo L.,Cucumis melo L.,Cucumis melo L.,Cucumis melo,Luffa aegyptiaca Mill.,Luffa aegyptiaca,Cucumis,Luffa
320736,Luffa satpatia Buch.-Ham. ex G.Don,Cucumis melo L.,Cucumis melo L.,Cucumis melo L.,Cucumis melo,Luffa aegyptiaca Mill.,Luffa aegyptiaca,Cucumis,Luffa
320740,Luffa parvala Buch.-Ham.,Cucumis melo L.,Cucumis melo L.,Cucumis melo L.,Cucumis melo,Luffa aegyptiaca Mill.,Luffa aegyptiaca,Cucumis,Luffa
320744,Luffa scabra Schumach. & Thonn.,Cucumis melo L.,Cucumis melo L.,Cucumis melo L.,Cucumis melo,Luffa aegyptiaca Mill.,Luffa aegyptiaca,Cucumis,Luffa
320748,Luffa racemosa Roxb.,Cucumis melo L.,Cucumis melo L.,Cucumis melo L.,Cucumis melo,Luffa aegyptiaca Mill.,Luffa aegyptiaca,Cucumis,Luffa
320755,Luffa clavata Roxb.,Cucumis melo L.,Cucumis melo L.,Cucumis melo L.,Cucumis melo,Luffa aegyptiaca Mill.,Luffa aegyptiaca,Cucumis,Luffa
320759,Luffa cordata Meisn. ex M.Roem.,Cucumis melo L.,Cucumis melo L.,Cucumis melo L.,Cucumis melo,Luffa aegyptiaca Mill.,Luffa aegyptiaca,Cucumis,Luffa
322639,Didymocarpus pallidus Kraenzl.,Cyrtandra copelandii Elmer,Cyrtandra copelandii Elmer,Rhynchotechum copelandii (Elmer) Merr.,Rhynchotechum copelandii,Cyrtandra edanoi Olivar & Pelser,Cyrtandra edanoi,Rhynchotechum,Cyrtandra
325504,Oxydium Benn.,Desmodium Desv.,Desmodium Desv.,Desmodium Desv.,,Eleiotis DC.,,Desmodium,Eleiotis
325889,Annona laevigata Mart.,Desmos chinensis Lour.,Desmos chinensis Lour.,Desmos chinensis Lour.,Desmos chinensis,Xylopia laevigata (Mart.) R.E.Fr.,Xylopia laevigata,Desmos,Xylopia
327636,Babactes oblongifolia (Roxb.) DC.,Didymocarpus acuminatus R.Br.,Didymocarpus acuminatus R.Br.,Didymocarpus acuminatus R.Br.,Didymocarpus acuminatus,Henckelia oblongifolia (Roxb.) D.J.Middleton & Mich.Möller,Henckelia oblongifolia,Didymocarpus,Henckelia
331501,Ehretia indica (Dennst. ex Kostel.) M.R.Almeida & S.M.Almeida,Ehretia aspera Willd.,Ehretia aspera Willd.,Ehretia aspera Willd.,Ehretia aspera,Blachia umbellata (Willd.) Baill.,Blachia umbellata,Ehretia,Blachia
336100,Brassica purpurascens Banks & Sol.,Erucaria hispanica (L.) Druce,Erucaria hispanica (L.) Druce,Erucaria hispanica (L.) Druce,Erucaria hispanica,Chorispora purpurascens (Banks & Sol.) Eig,Chorispora purpurascens,Erucaria,Chorispora
340801,Lenbrassia G.W.Gillett,Fieldia A.Cunn.,Fieldia A.Cunn.,Fieldia A.Cunn.,,Lenbrassia G.W.Gillett,,Fieldia,Lenbrassia
348413,Guioa chrysantha Radlk.,Guioa semiglauca (F.Muell.) Radlk.,Guioa semiglauca (F.Muell.) Radlk.,Guioa semiglauca (F.Muell.) Radlk.,Guioa semiglauca,Toechima dasyrrhache Radlk.,Toechima dasyrrhache,Guioa,Toechima
349849,Serrulatocereus Guiggi,Harrisia Britton,Harrisia Britton,Harrisia Britton,,Serrulatocereus Guiggi,,Harrisia,Serrulatocereus
350040,Hebenstretia fruticosa L.f.,Hebenstretia dentata L.,Hebenstretia dentata L.,Hebenstretia dentata L.,Hebenstretia dentata,Dischisma fruticosum (L.f.) Rolfe,Dischisma fruticosum,Hebenstretia,Dischisma
353774,Cubelium Raf. ex Britton & A.Br.,Hybanthus Jacq.,Hybanthus Jacq.,Hybanthus Jacq.,,Cubelium Raf. ex Britton & A.Br.,,Hybanthus,Cubelium
369481,Galatella tenuifolia Lindl. ex DC.,Cosmos bipinnatus Cav.,Cosmos bipinnatus Cav.,Cosmos bipinnatus Cav.,Cosmos bipinnatus,Galatella hauptii (Ledeb.) Lindl. ex DC.,Galatella hauptii,Cosmos,Galatella
387304,Robinia pyramidata Mill.,Cenostigma gaumeri (Greenm.) Gagnon & G.P.Lewis,Cenostigma gaumeri (Greenm.) Gagnon & G.P.Lewis,Cenostigma gaumeri (Greenm.) Gagnon & G.P.Lewis,Cenostigma gaumeri,Erythrostemon yucatanensis var. yucatanensis,Erythrostemon yucatanensis,Cenostigma,Erythrostemon
388463,Lobivia chrysacantha (Backeb.) H.P.Kelsey & Dayton,Echinopsis jajoana (Backeb.) Blossf.,Echinopsis jajoana (Backeb.) Blossf.,Echinopsis jajoana (Backeb.) Blossf.,Echinopsis jajoana,Rebutia minuscula var. minuscula,Rebutia minuscula,Echinopsis,Rebutia
389673,Minuartia arctica var. hondoensis Ohwi,Cherleria arctica (Steven ex Ser.) A.J.Moore & Dillenb.,Cherleria arctica (Steven ex Ser.) A.J.Moore & Dillenb.,Cherleria arctica (Steven ex Ser.) A.J.Moore & Dillenb.,Cherleria arctica,Minuartia hondoensis (Ohwi) Ohwi,Minuartia hondoensis,Cherleria,Minuartia
393164,Monochaetum canescens (Bonpl.) J.F.Macbr.,Monochaetum bonplandii (Kunth) Naudin,Monochaetum bonplandii (Kunth) Naudin,Monochaetum bonplandii (Kunth) Naudin,Monochaetum bonplandii,Brachyotum ledifolium (Desr.) Triana,Brachyotum ledifolium,Monochaetum,Brachyotum
393952,Bamlera K.Schum. & Lauterb.,Astronidium A.Gray,Astronidium A.Gray,Astronidium A.Gray,,Bamlera K.Schum. & Lauterb.,,Astronidium,Bamlera
398637,Arctium intermedium Lange,Cousinia chlorocephala C.A.Mey. ex DC.,Cousinia chlorocephala C.A.Mey. ex DC.,Cousinia chlorocephala C.A.Mey. ex DC.,Cousinia chlorocephala,Arctium nemorosum Lej.,Arctium nemorosum,Cousinia,Arctium
400036,Vernonia bolleana Sch.Bip.,Bolanosa coulteri A.Gray,Bolanosa coulteri A.Gray,Bolanosa coulteri A.Gray,Bolanosa coulteri,Vernonia bolleana Sch.Bip.,Vernonia bolleana,Bolanosa,Vernonia
402928,Vernonia andohii C.D.Adams,Brenandendron donianum (DC.) H.Rob.,Brenandendron donianum (DC.) H.Rob.,Brenandendron donianum (DC.) H.Rob.,Brenandendron donianum,Vernonia andohii C.D.Adams,Vernonia andohii,Brenandendron,Vernonia
411460,Cacalia syneilesis (Franch. & Sav.) Matsum.,Japonicalia delphiniifolia (Siebold & Zucc.) C.Ren & Q.E.Yang,Japonicalia delphiniifolia (Siebold & Zucc.) C.Ren & Q.E.Yang,Japonicalia delphiniifolia (Siebold & Zucc.) C.Ren & Q.E.Yang,Japonicalia delphiniifolia,Syneilesis palmata (Lam.) Maxim.,Syneilesis palmata,Japonicalia,Syneilesis
411469,Senecio syneilesis Franch. & Sav.,Japonicalia delphiniifolia (Siebold & Zucc.) C.Ren & Q.E.Yang,Japonicalia delphiniifolia (Siebold & Zucc.) C.Ren & Q.E.Yang,Japonicalia delphiniifolia (Siebold & Zucc.) C.Ren & Q.E.Yang,Japonicalia delphiniifolia,Syneilesis palmata (Lam.) Maxim.,Syneilesis palmata,Japonicalia,Syneilesis
414268,Werneria lehmannii Klatt,Werneria glandulosa Wedd.,Werneria glandulosa Wedd.,Rockhausenia glandulosa (Wedd.) D.J.N.Hind,Rockhausenia glandulosa,Hypochaeris sessiliflora Kunth,Hypochaeris sessiliflora,Rockhausenia,Hypochaeris
416182,Gnaphalium petiolatum L.,Helichrysum petiolare Hilliard & B.L.Burtt,Helichrysum petiolare Hilliard & B.L.Burtt,Helichrysum petiolare Hilliard & B.L.Burtt,Helichrysum petiolare,Staehelina petiolata (L.) Hilliard & B.L.Burtt,Staehelina petiolata,Helichrysum,Staehelina
418799,Olearia arguta var. lanata Benth.,Camptacra gracilis (Benth.) Lander,Camptacra gracilis (Benth.) Lander,Camptacra gracilis (Benth.) Lander,Camptacra gracilis,Olearia arguta var. lanata Benth.,Olearia arguta,Camptacra,Olearia
418802,Aster argutus R.Br. ex Benth.,Camptacra gracilis (Benth.) Lander,Camptacra gracilis (Benth.) Lander,Camptacra gracilis (Benth.) Lander,Camptacra gracilis,Olearia arguta var. arguta,Olearia arguta,Camptacra,Olearia
418803,Olearia arguta Benth.,Camptacra gracilis (Benth.) Lander,Camptacra gracilis (Benth.) Lander,Camptacra gracilis (Benth.) Lander,Camptacra gracilis,Olearia arguta Benth.,Olearia arguta,Camptacra,Olearia
418904,Brachyscome scapiformis var. glabra DC.,Vittadinia spathulata F.Muell. ex Sond.,Vittadinia spathulata F.Muell. ex Sond.,Vittadinia spathulata F.Muell. ex Sond.,Vittadinia spathulata,Brachyscome spathulata Gaudich.,Brachyscome spathulata,Vittadinia,Brachyscome
432060,Notonia DC.,Kleinia Jacq.,Kleinia Jacq.,Porophyllum Guett.,,Kleinia Mill.,,Porophyllum,Kleinia
432062,Notoniopsis B.Nord.,Kleinia Jacq.,Kleinia Jacq.,Porophyllum Guett.,,Kleinia Mill.,,Porophyllum,Kleinia
432102,Nesothamnus Rydb.,Perityle Benth.,Perityle Benth.,Perityle Benth.,,Nesothamnus Rydb.,,Perityle,Nesothamnus
432105,Galinsogeopsis Sch.Bip.,Perityle Benth.,Perityle Benth.,Perityle Benth.,,Galinsogeopsis Sch.Bip.,,Perityle,Galinsogeopsis
432106,Laphamia A.Gray,Perityle Benth.,Perityle Benth.,Perityle Benth.,,Laphamia A.Gray,,Perityle,Laphamia
432853,Phonus Hill,Carthamus L.,Carthamus L.,Carthamus L.,,Phonus Hill,,Carthamus,Phonus
432857,Heracantha Hoffmanns. & Link,Carthamus L.,Carthamus L.,Carthamus L.,,Phonus Hill,,Carthamus,Phonus
432862,Femeniasia Susanna,Carthamus L.,Carthamus L.,Carthamus L.,,Femeniasia Susanna,,Carthamus,Femeniasia
432897,Centaurium Haller,Centaurea L.,Centaurea L.,Centaurea L.,,Rhaponticum Ludwig,,Centaurea,Rhaponticum
438688,Dryopteris disjuncta f. glandulosa (R.M.Tryon) Cody,Gymnocarpium disjunctum (Rupr.) Ching,Gymnocarpium disjunctum (Rupr.) Ching,Gymnocarpium disjunctum (Rupr.) Ching,Gymnocarpium disjunctum,Thelypteris maxoniana A.R.Sm.,Thelypteris maxoniana,Gymnocarpium,Thelypteris
438759,Cyathea attenuata Fée,Cyathea gardneri (Hook.) Lellinger,Cyathea gardneri (Hook.) Lellinger,Cyathea mexiae Copel.,Cyathea mexiae,Sphaeropteris gardneri (Hook.) R.M.Tryon,Sphaeropteris gardneri,Cyathea,Sphaeropteris
438760,Cyathea incurvata Kunze,Cyathea gardneri (Hook.) Lellinger,Cyathea gardneri (Hook.) Lellinger,Cyathea mexiae Copel.,Cyathea mexiae,Sphaeropteris gardneri (Hook.) R.M.Tryon,Sphaeropteris gardneri,Cyathea,Sphaeropteris
438761,Cyathea mamillata Fée,Cyathea gardneri (Hook.) Lellinger,Cyathea gardneri (Hook.) Lellinger,Cyathea mexiae Copel.,Cyathea mexiae,Sphaeropteris gardneri (Hook.) R.M.Tryon,Sphaeropteris gardneri,Cyathea,Sphaeropteris
438762,Cyathea taunaysiana Glaz. & Fée,Cyathea gardneri (Hook.) Lellinger,Cyathea gardneri (Hook.) Lellinger,Cyathea mexiae Copel.,Cyathea mexiae,Sphaeropteris gardneri (Hook.) R.M.Tryon,Sphaeropteris gardneri,Cyathea,Sphaeropteris
438763,Sphaeropteris gardneri (Hook.) R.M.Tryon,Cyathea gardneri (Hook.) Lellinger,Cyathea gardneri (Hook.) Lellinger,Cyathea mexiae Copel.,Cyathea mexiae,Sphaeropteris gardneri (Hook.) R.M.Tryon,Sphaeropteris gardneri,Cyathea,Sphaeropteris
445368,Polypodium parkinsonii Baker,Phymatosorus parksii (Copel.) Brownlie,Phymatosorus parksii (Copel.) Brownlie,Phymatosorus parksii (Copel.) Brownlie,Phymatosorus parksii,Drynaria parkinsonii (Baker) Diels,Drynaria parkinsonii,Phymatosorus,Drynaria
448464,Alsophila fragilis Zoll. & Moritzi,Thelypteris lineata (Blume) K.Iwats.,Thelypteris lineata (Blume) K.Iwats.,Thelypteris lineata (Blume) K.Iwats.,Thelypteris lineata,Arachniodes aristata (G.Forst.) Tindale,Arachniodes aristata,Thelypteris,Arachniodes
448469,Meniscium fragile Kunze,Thelypteris lineata (Blume) K.Iwats.,Thelypteris lineata (Blume) K.Iwats.,Thelypteris lineata (Blume) K.Iwats.,Thelypteris lineata,Arachniodes aristata (G.Forst.) Tindale,Arachniodes aristata,Thelypteris,Arachniodes
450228,Coptidipteris Nakai & Momose,Dennstaedtia Bernh.,Dennstaedtia Bernh.,Dennstaedtia Bernh.,,Sitobolium Desv.,,Dennstaedtia,Sitobolium
450229,Adectum Link,Dennstaedtia Bernh.,Dennstaedtia Bernh.,Dennstaedtia Bernh.,,Sitobolium Desv.,,Dennstaedtia,Sitobolium
450233,Emodiopteris Ching & S.K.Wu,Dennstaedtia Bernh.,Dennstaedtia Bernh.,Dennstaedtia Bernh.,,Sitobolium Desv.,,Dennstaedtia,Sitobolium
450235,Sitobolium Desv.,Dennstaedtia Bernh.,Dennstaedtia Bernh.,Dennstaedtia Bernh.,,Sitobolium Desv.,,Dennstaedtia,Sitobolium
450245,Fuziifilix Nakai & Momose,Microlepia C.Presl,Microlepia C.Presl,Microlepia C.Presl,,Sitobolium Desv.,,Microlepia,Sitobolium
454199,Hedysarum oxalifolium Buch.-Ham. ex Benn.,Sohmaea laxiflora (DC.) H.Ohashi & K.Ohashi,Sohmaea laxiflora (DC.) H.Ohashi & K.Ohashi,Sohmaea laxiflora (DC.) H.Ohashi & K.Ohashi,Sohmaea laxiflora,Eleiotis rottleri Wight & Arn.,Eleiotis rottleri,Sohmaea,Eleiotis
456069,Ulex parviflorus subsp. willkommii (Webb) Borja & al.,Ulex parviflorus subsp. parviflorus,Ulex parviflorus subsp. parviflorus,Ulex parviflorus subsp. parviflorus,Ulex parviflorus,Stauracanthus genistoides (Brot.) Samp.,Stauracanthus genistoides,Ulex,Stauracanthus
456076,Ulex parviflorus var. willkommii (Webb) C.Vicioso,Ulex parviflorus subsp. parviflorus,Ulex parviflorus subsp. parviflorus,Ulex parviflorus subsp. parviflorus,Ulex parviflorus,Stauracanthus genistoides (Brot.) Samp.,Stauracanthus genistoides,Ulex,Stauracanthus
456079,Ulex scaber var. willkommii (Webb) Samp.,Ulex parviflorus subsp. parviflorus,Ulex parviflorus subsp. parviflorus,Ulex parviflorus subsp. parviflorus,Ulex parviflorus,Stauracanthus genistoides (Brot.) Samp.,Stauracanthus genistoides,Ulex,Stauracanthus
456082,Ulex willkommii Webb,Ulex parviflorus subsp. parviflorus,Ulex parviflorus subsp. parviflorus,Ulex parviflorus subsp. parviflorus,Ulex parviflorus,Stauracanthus genistoides (Brot.) Samp.,Stauracanthus genistoides,Ulex,Stauracanthus
460563,Scorzonera tuberosa var. sericeolanata Bunge,"Gelasia tuberosa (Pall.) Zaika, Sukhor. & N.Kilian","Gelasia tuberosa (Pall.) Zaika, Sukhor. & N.Kilian","Gelasia tuberosa (Pall.) Zaika, Sukhor. & N.Kilian",Gelasia tuberosa,Scorzonera sericeolanata (Bunge) Krasch. & Lipsch.,Scorzonera sericeolanata,Gelasia,Scorzonera
465406,Moronobea grandiflora Choisy,Platonia insignis var. insignis,Platonia insignis var. insignis,Platonia insignis var. insignis,Platonia insignis,Moronobea coccinea Aubl.,Moronobea coccinea,Platonia,Moronobea
465410,Moronobea montana Schltdl.,Platonia insignis var. insignis,Platonia insignis var. insignis,Platonia insignis var. insignis,Platonia insignis,Moronobea coccinea Aubl.,Moronobea coccinea,Platonia,Moronobea
470822,Rhamnus buxifolia Poir.,Rhamnus oleoides subsp. oleoides,Rhamnus oleoides subsp. oleoides,Rhamnus oleoides subsp. oleoides,Rhamnus oleoides,Flueggea tinctoria (L.) G.L.Webster,Flueggea tinctoria,Rhamnus,Flueggea
477569,Ligusticum apiifolium Desf.,Carum appuanum subsp. appuanum,Carum appuanum subsp. appuanum,Carum appuanum subsp. appuanum,Carum appuanum,Cnidium silaifolium (Jacq.) Simonk.,Cnidium silaifolium,Carum,Cnidium
482419,Eurya latifolia variegata Veitch ex J.Dix,Eurya japonica var. japonica,Eurya japonica var. japonica,Eurya japonica var. japonica,Eurya japonica,Cleyera japonica var. japonica,Cleyera japonica,Eurya,Cleyera
482427,Eurya latifolia var. variegata (Veitch ex J.Dix) Carrière,Eurya japonica var. japonica,Eurya japonica var. japonica,Eurya japonica var. japonica,Eurya japonica,Cleyera japonica var. japonica,Cleyera japonica,Eurya,Cleyera
484106,Cistus punctatus Willd.,Helianthemum salicifolium var. salicifolium,Helianthemum salicifolium var. salicifolium,Helianthemum salicifolium var. salicifolium,Helianthemum salicifolium,Tuberaria guttata (L.) Fourr.,Tuberaria guttata,Helianthemum,Tuberaria
485022,Lepidium draba var. matritense (Pau) Thell.,Iberis carnosa subsp. carnosa,Iberis carnosa subsp. carnosa,Iberis carnosa subsp. carnosa,Iberis carnosa,Lepidium draba L.,Lepidium draba,Iberis,Lepidium
496736,Cebatha Forssk.,Cocculus DC.,Cocculus DC.,Cocculus DC.,,Cebatha Forssk.,,Cocculus,Cebatha
510629,Citharexylum flexuosum var. subglabrum Moldenke,Citharexylum flexuosum (Ruiz & Pav.) D.Don,Citharexylum flexuosum (Ruiz & Pav.) D.Don,Citharexylum flexuosum (Ruiz & Pav.) D.Don,Citharexylum flexuosum,Lycium americanum Jacq.,Lycium americanum,Citharexylum,Lycium
513303,Nertera dentata Elmer,Nertera granadensis var. granadensis,Nertera granadensis var. granadensis,Nertera granadensis var. granadensis,Nertera granadensis,Hemiphragma heterophyllum var. dentatum (Elmer) T.Yamaz.,Hemiphragma heterophyllum,Nertera,Hemiphragma
529555,Gymnadenia odoratissima var. heteroglossa Rchb.f.,Gymnadenia odoratissima (L.) Rich.,Gymnadenia odoratissima (L.) Rich.,Gymnadenia odoratissima (L.) Rich.,Gymnadenia odoratissima,× Chamodenia heteroglossa (Rchb.f.) Peitz,× Chamodenia heteroglossa,Gymnadenia,× Chamodenia
534591,Leidesia capensis (L.f.) Müll.Arg.,Leidesia procumbens (L.) Prain,Leidesia procumbens (L.) Prain,Leidesia procumbens (L.) Prain,Leidesia procumbens,Didymodoxa capensis (L.f.) Friis & Wilmot-Dear,Didymodoxa capensis,Leidesia,Didymodoxa
534596,Mercurialis capensis (L.f.) Spreng. ex Sond.,Leidesia procumbens (L.) Prain,Leidesia procumbens (L.) Prain,Leidesia procumbens (L.) Prain,Leidesia procumbens,Didymodoxa capensis (L.f.) Friis & Wilmot-Dear,Didymodoxa capensis,Leidesia,Didymodoxa
535396,Andrachne cavaleriei H.Lév.,Leptopus chinensis (Bunge) Pojark.,Leptopus chinensis (Bunge) Pojark.,Leptopus chinensis (Bunge) Pojark.,Leptopus chinensis,Lysimachia capillipes var. cavaleriei (H.Lév.) Hand.-Mazz.,Lysimachia capillipes,Leptopus,Lysimachia
538575,Abebaia Baehni,Manilkara Adans.,Manilkara Adans.,Manilkara Adans.,,Abebaia Baehni,,Manilkara,Abebaia
546735,Lucuma Molina,Pouteria Aubl.,Pouteria Aubl.,Pouteria Aubl.,,Lucuma Molina,,Pouteria,Lucuma
546758,Peteniodendron Lundell,Pouteria Aubl.,Pouteria Aubl.,Pouteria Aubl.,,Peteniodendron Lundell,,Pouteria,Peteniodendron
552066,Syzygiopsis Ducke,Pouteria Aubl.,Pouteria Aubl.,Pouteria Aubl.,,Micropholis (Griseb.) Pierre,,Pouteria,Micropholis
552072,Englerella Pierre,Pouteria Aubl.,Pouteria Aubl.,Pouteria Aubl.,,Englerella Pierre,,Pouteria,Englerella
552073,Labatia Sw.,Pouteria Aubl.,Pouteria Aubl.,Pouteria Aubl.,,Labatia Sw.,,Pouteria,Labatia
552076,Eglerodendron Aubrév. & Pellegr.,Pouteria Aubl.,Pouteria Aubl.,Pouteria Aubl.,,Labatia Sw.,,Pouteria,Labatia
552085,Radlkoferella Pierre,Pouteria Aubl.,Pouteria Aubl.,Pouteria Aubl.,,Lucuma Molina,,Pouteria,Lucuma
552086,Gayella Pierre,Pouteria Aubl.,Pouteria Aubl.,Pouteria Aubl.,,Gayella Pierre,,Pouteria,Gayella
552087,Richardella Pierre,Pouteria Aubl.,Pouteria Aubl.,Pouteria Aubl.,,Lucuma Molina,,Pouteria,Lucuma
552089,Pseudolabatia Aubrév. & Pellegr.,Pouteria Aubl.,Pouteria Aubl.,Pouteria Aubl.,,Labatia Sw.,,Pouteria,Labatia
552090,Neolabatia Aubrév.,Pouteria Aubl.,Pouteria Aubl.,Pouteria Aubl.,,Labatia Sw.,,Pouteria,Labatia
552091,Nemaluma Baill.,Pouteria Aubl.,Pouteria Aubl.,Pouteria Aubl.,,Nemaluma Baill.,,Pouteria,Nemaluma
557155,Cleisostoma ornithorrhynchum (Rchb.f.) Garay,Robiquetia rosea (Lindl.) Garay,Robiquetia rosea (Lindl.) Garay,Robiquetia rosea (Lindl.) Garay,Robiquetia rosea,Cleisostoma discolor Lindl.,Cleisostoma discolor,Robiquetia,Cleisostoma
557158,Sarcanthus ornithorrhynchus Rchb.f.,Robiquetia rosea (Lindl.) Garay,Robiquetia rosea (Lindl.) Garay,Robiquetia rosea (Lindl.) Garay,Robiquetia rosea,Cleisostoma discolor Lindl.,Cleisostoma discolor,Robiquetia,Cleisostoma
571048,Tripogandra Raf.,Callisia Loefl.,Callisia Loefl.,Callisia Loefl.,,Tripogandra Raf.,,Callisia,Tripogandra
575472,Acinax Raf.,Costus L.,Costus L.,Costus L.,,Amomum Roxb.,,Costus,Amomum
579829,Bakerantha L.B.Sm.,Hechtia Klotzsch,Hechtia Klotzsch,Hechtia Klotzsch,,Bakerantha L.B.Sm.,,Hechtia,Bakerantha
586315,Amomum latifolium Lam.,Zingiber zerumbet (L.) Roscoe ex Sm.,Zingiber zerumbet (L.) Roscoe ex Sm.,Zingiber zerumbet (L.) Roscoe ex Sm.,Zingiber zerumbet,Curcuma longa L.,Curcuma longa,Zingiber,Curcuma
591535,Pentlandia Herb.,Urceolina Rchb.,Urceolina Rchb.,Urceolina Rchb.,,Stenomesson Herb.,,Urceolina,Stenomesson
618654,Agrostis frondosa Ten. ex Spreng.,Agrostis castellana Boiss. & Reut.,Agrostis castellana Boiss. & Reut.,Agrostis castellana Boiss. & Reut.,Agrostis castellana,Polypogon viridis (Gouan) Breistr.,Polypogon viridis,Agrostis,Polypogon
646854,Avena alpina Honck.,Deschampsia cespitosa subsp. cespitosa,Deschampsia cespitosa subsp. cespitosa,Deschampsia cespitosa subsp. cespitosa,Deschampsia cespitosa,Helictochloa versicolor subsp. versicolor,Helictochloa versicolor,Deschampsia,Helictochloa
657015,Dictyanthus Decne.,Matelea Aubl.,Matelea Aubl.,Matelea Aubl.,,Dictyanthus Decne.,,Matelea,Dictyanthus
657017,Chthamalia Decne.,Matelea Aubl.,Matelea Aubl.,Matelea Aubl.,,Chthamalia Decne.,,Matelea,Chthamalia
670318,Geodorum citrinum Andrews,"Eulophia terrestris (L.) M.W.Chase, Kumar & Schuit.","Eulophia terrestris (L.) M.W.Chase, Kumar & Schuit.",Phaius amboinensis Blume,Phaius amboinensis,Eulophia citrina (Andrews) Ormerod & Kurzweil,Eulophia citrina,Phaius,Eulophia
673233,Lobivia pentlandii var. forbesii (A.Dietr.) Y.Itô ex Backeb.,Lobivia pentlandii (Hook.) Britton & Rose,Lobivia pentlandii (Hook.) Britton & Rose,Lobivia pentlandii (Hook.) Britton & Rose,Lobivia pentlandii,Acanthocalycium rhodotrichum subsp. rhodotrichum,Acanthocalycium rhodotrichum,Lobivia,Acanthocalycium
688629,Onosma incanescens DC.,Onosma rostellata Lehm.,Onosma rostellata Lehm.,Onosma rostellata Lehm.,Onosma rostellata,Maharanga incanescens (DC.) L.Cecchi & Hilger,Maharanga incanescens,Onosma,Maharanga
688653,Odontarrhena murcica Jord. & Fourr.,Odontarrhena alpestris (L.) Ledeb.,Odontarrhena alpestris (L.) Ledeb.,Odontarrhena alpestris (L.) Ledeb.,Odontarrhena alpestris,Alyssum serpyllifolium Desf.,Alyssum serpyllifolium,Odontarrhena,Alyssum
700426,Laserpitium loscosii (Lange) Calest.,Thapsia asclepium L.,Thapsia asclepium L.,Thapsia asclepium L.,Thapsia asclepium,Ferula loscosii (Lange) Willk.,Ferula loscosii,Thapsia,Ferula
700431,Elaeoselinum loscosii Lange,Thapsia asclepium L.,Thapsia asclepium L.,Thapsia asclepium L.,Thapsia asclepium,Ferula loscosii (Lange) Willk.,Ferula loscosii,Thapsia,Ferula
702750,Dennettia Baker f.,Uvariopsis Engl.,Uvariopsis Engl.,Uvariopsis Engl.,,Dennettia Baker f.,,Uvariopsis,Dennettia
711255,Stenandriopsis S.Moore,Stenandrium Nees,Stenandrium Nees,Stenandrium Nees,,Stenandriopsis S.Moore,,Stenandrium,Stenandriopsis
715014,Sempervivella Stapf,Sempervivum L.,Sempervivum L.,Sempervivum L.,,Sedum L.,,Sempervivum,Sedum
715687,Cathartocarpus Pers.,Senna Mill.,Senna Mill.,Senna Mill.,,Cassia L.,,Senna,Cassia
727272,Cinnamomum tomentosum D.Don,Phoebe cathia (D.Don) Kosterm.,Phoebe cathia (D.Don) Kosterm.,Phoebe cathia (D.Don) Kosterm.,Phoebe cathia,Machilus tomentosus (D.Don) M.Gangop.,Machilus tomentosus,Phoebe,Machilus
728258,Pterocarpus cultratus Vell.,Pterocarpus rohrii Vahl,Pterocarpus rohrii Vahl,Pterocarpus rohrii Vahl,Pterocarpus rohrii,Lonchocarpus cultratus (Vell.) A.M.G.Azevedo & H.C.Lima,Lonchocarpus cultratus,Pterocarpus,Lonchocarpus
728487,Strombocarpa odorata (Torr. & Frém.) A.Gray,Prosopis pubescens Benth.,Prosopis pubescens Benth.,Strombocarpa pubescens (Benth.) A.Gray,Strombocarpa pubescens,Neltuma odorata (Torr. & Frém.) C.E.Hughes & G.P.Lewis,Neltuma odorata,Strombocarpa,Neltuma
728490,Prosopis odorata Torr. & Frém.,Prosopis pubescens Benth.,Prosopis pubescens Benth.,Strombocarpa pubescens (Benth.) A.Gray,Strombocarpa pubescens,Neltuma odorata (Torr. & Frém.) C.E.Hughes & G.P.Lewis,Neltuma odorata,Strombocarpa,Neltuma
736487,Papaver heterophyllum var. crassifolium (Benth.) Jeps.,Papaver heterophyllum (Benth.) Greene,Papaver heterophyllum (Benth.) Greene,Papaver heterophyllum (Benth.) Greene,Papaver heterophyllum,Stylophorum diphyllum (Michx.) Nutt.,Stylophorum diphyllum,Papaver,Stylophorum
743580,Chodaphyton Minod,Stemodia L.,Stemodia L.,Stemodia L.,,Chodaphyton Minod,,Stemodia,Chodaphyton
744452,Dircaea picta (Hook.) Lem.,Sinningia douglasii (Lindl.) Chautems,Sinningia douglasii (Lindl.) Chautems,Sinningia douglasii (Lindl.) Chautems,Sinningia douglasii,Kohleria tubiflora (Cav.) Hanst.,Kohleria tubiflora,Sinningia,Kohleria
745176,Acacia virchowiana Vatke & Hildebrandt,Senegalia senegal (L.) Britton,Senegalia senegal (L.) Britton,Senegalia senegal (L.) Britton,Senegalia senegal,Vachellia oerfota var. oerfota,Vachellia oerfota,Senegalia,Vachellia
745856,Pentacme A.DC.,Shorea Roxb. ex C.F.Gaertn.,Shorea Roxb. ex C.F.Gaertn.,Shorea Roxb. ex C.F.Gaertn.,,Pentacme A.DC.,,Shorea,Pentacme
746030,Doona Thwaites,Shorea Roxb. ex C.F.Gaertn.,Shorea Roxb. ex C.F.Gaertn.,Shorea Roxb. ex C.F.Gaertn.,,Doona Thwaites,,Shorea,Doona
746033,Richetia F.Heim,Shorea Roxb. ex C.F.Gaertn.,Shorea Roxb. ex C.F.Gaertn.,Shorea Roxb. ex C.F.Gaertn.,,Richetia F.Heim,,Shorea,Richetia
746035,Anthoshorea Pierre,Shorea Roxb. ex C.F.Gaertn.,Shorea Roxb. ex C.F.Gaertn.,Shorea Roxb. ex C.F.Gaertn.,,Anthoshorea Pierre,,Shorea,Anthoshorea
746106,Asterocephalus tomentosus Spreng.,Succisa pratensis Moench,Succisa pratensis Moench,Succisa pratensis Moench,Succisa pratensis,Scabiosa turolensis subsp. turolensis,Scabiosa turolensis,Succisa,Scabiosa
754034,Adenandra ovata (Thunb.) Link,Adenandra villosa subsp. sonderi (Dümmer) Strid,Adenandra villosa subsp. sonderi (Dümmer) Strid,Adenandra villosa subsp. sonderi (Dümmer) Strid,Adenandra villosa,Agathosma ovata (Thunb.) F.Dietr.,Agathosma ovata,Adenandra,Agathosma
756348,Mimosa terminalis Vell.,Albizia polycephala (Benth.) Killip,Albizia polycephala (Benth.) Killip,Pseudalbizzia polycephala (Benth.) E.J.M.Koenen & Duno,Pseudalbizzia polycephala,"Hydrochorea pedicellaris (DC.) M.V.B.Soares, Iganci & M.P.Morim",Hydrochorea pedicellaris,Pseudalbizzia,Hydrochorea
759517,Aniba ovalifolia Mez,Aniba hypoglauca Sandwith,Aniba hypoglauca Sandwith,Aniba hypoglauca Sandwith,Aniba hypoglauca,Ocotea cujumary Mart.,Ocotea cujumary,Aniba,Ocotea
760988,Lemphoria O.E.Schulz,Arabidella (F.Muell.) O.E.Schulz,Arabidella (F.Muell.) O.E.Schulz,Arabidella (F.Muell.) O.E.Schulz,,Lemphoria O.E.Schulz,,Arabidella,Lemphoria
769379,Columnea divaricata (Poepp.) Walp.,Bellonia aspera L.,Bellonia aspera L.,Bellonia aspera L.,Bellonia aspera,Besleria divaricata Poepp.,Besleria divaricata,Bellonia,Besleria
771861,Derris robusta var. assamica Thoth.,Brachypterum robustum (Roxb. ex DC.) Dalzell & A.Gibson,Brachypterum robustum (Roxb. ex DC.) Dalzell & A.Gibson,Brachypterum robustum (Roxb. ex DC.) Dalzell & A.Gibson,Brachypterum robustum,Robinia pseudoacacia L.,Robinia pseudoacacia,Brachypterum,Robinia
771973,Mutarda Bernh.,Brassica L.,Brassica L.,Brassica L.,,Mutarda Bernh.,,Brassica,Mutarda
773014,Mangifera silvestris Roxb.,Buchanania cochinchinensis (Lour.) M.R.Almeida,Buchanania cochinchinensis (Lour.) M.R.Almeida,Glycosmis cochinchinensis (Lour.) Pierre ex Engl.,Glycosmis cochinchinensis,Buchanania lanzan Spreng.,Buchanania lanzan,Glycosmis,Buchanania
773015,Buchanania lanzan Spreng.,Buchanania cochinchinensis (Lour.) M.R.Almeida,Buchanania cochinchinensis (Lour.) M.R.Almeida,Glycosmis cochinchinensis (Lour.) Pierre ex Engl.,Glycosmis cochinchinensis,Buchanania lanzan Spreng.,Buchanania lanzan,Glycosmis,Buchanania
773016,Spondias elliptica Rottb. ex Hook.f.,Buchanania cochinchinensis (Lour.) M.R.Almeida,Buchanania cochinchinensis (Lour.) M.R.Almeida,Glycosmis cochinchinensis (Lour.) Pierre ex Engl.,Glycosmis cochinchinensis,Buchanania lanzan Spreng.,Buchanania lanzan,Glycosmis,Buchanania
773017,Buchanania latifolia Roxb.,Buchanania cochinchinensis (Lour.) M.R.Almeida,Buchanania cochinchinensis (Lour.) M.R.Almeida,Glycosmis cochinchinensis (Lour.) Pierre ex Engl.,Glycosmis cochinchinensis,Buchanania lanzan Spreng.,Buchanania lanzan,Glycosmis,Buchanania
773018,Lanzana solitaria Stokes,Buchanania cochinchinensis (Lour.) M.R.Almeida,Buchanania cochinchinensis (Lour.) M.R.Almeida,Glycosmis cochinchinensis (Lour.) Pierre ex Engl.,Glycosmis cochinchinensis,Buchanania lanzan Spreng.,Buchanania lanzan,Glycosmis,Buchanania
773019,Lundia mangiferoides Puerari ex DC.,Buchanania cochinchinensis (Lour.) M.R.Almeida,Buchanania cochinchinensis (Lour.) M.R.Almeida,Glycosmis cochinchinensis (Lour.) Pierre ex Engl.,Glycosmis cochinchinensis,Buchanania lanzan Spreng.,Buchanania lanzan,Glycosmis,Buchanania
781505,Cicendia quitensis (Kunth) Griseb.,Cicendia quadrangularis (Lam.) Griseb.,Cicendia quadrangularis (Lam.) Griseb.,Cicendia quadrangularis (Lam.) Griseb.,Cicendia quadrangularis,Zeltnera quitensis (Kunth) G.Mans.,Zeltnera quitensis,Cicendia,Zeltnera
784435,Galloa Hassk.,Cocculus DC.,Cocculus DC.,Cocculus DC.,,Pachygone Miers,,Cocculus,Pachygone
784486,Ferrandia Gaudich.,Cocculus DC.,Cocculus DC.,Cocculus DC.,,Nephroia Lour.,,Cocculus,Nephroia
784489,Leaeba Forssk.,Cocculus DC.,Cocculus DC.,Cocculus DC.,,Cebatha Forssk.,,Cocculus,Cebatha
784548,Cocculidium Spach,Cocculus DC.,Cocculus DC.,Cocculus DC.,,Nephroia Lour.,,Cocculus,Nephroia
784585,Quinio Schltdl.,Cocculus DC.,Cocculus DC.,Cocculus DC.,,Diploclisia Miers,,Cocculus,Diploclisia
784586,Nephroia Lour.,Cocculus DC.,Cocculus DC.,Cocculus DC.,,Nephroia Lour.,,Cocculus,Nephroia
784587,Bricchettia Pax,Cocculus DC.,Cocculus DC.,Cocculus DC.,,Cebatha Forssk.,,Cocculus,Cebatha
784588,Androphylax J.C.Wendl.,Cocculus DC.,Cocculus DC.,Cocculus DC.,,Nephroia Lour.,,Cocculus,Nephroia
784589,Adenocheton Fenzl,Cocculus DC.,Cocculus DC.,Cocculus DC.,,Cebatha Forssk.,,Cocculus,Cebatha
784590,Baumgartia Moench,Cocculus DC.,Cocculus DC.,Cocculus DC.,,Nephroia Lour.,,Cocculus,Nephroia
784592,Epibaterium J.R.Forst. & G.Forst.,Cocculus DC.,Cocculus DC.,Cocculus DC.,,Cebatha Forssk.,,Cocculus,Cebatha
785137,Ceanothus leschenaultii DC.,Colubrina asiatica (L.) Brongn.,Colubrina asiatica (L.) Brongn.,Colubrina asiatica (L.) Brongn.,Colubrina asiatica,Trema orientale (L.) Blume,Trema orientale,Colubrina,Trema
792878,Staphisagria Hill,Delphinium Tourn. ex L.,Delphinium Tourn. ex L.,Delphinium Tourn. ex L.,,Staphisagria Hill,,Delphinium,Staphisagria
793710,Desmodium parviflorum f. yunnanense Pamp.,Desmodiastrum racemosum (Benth.) A.Pramanik & Thoth.,Desmodiastrum racemosum (Benth.) A.Pramanik & Thoth.,Desmodiastrum racemosum (Benth.) A.Pramanik & Thoth.,Desmodiastrum racemosum,Leptodesmia microphylla var. microphylla,Leptodesmia microphylla,Desmodiastrum,Leptodesmia
800071,Ocotea endlicheriopsis Mez,Endlicheria canescens Chanderbali,Endlicheria canescens Chanderbali,Endlicheria canescens Chanderbali,Endlicheria canescens,Ocotea endlicheriopsis Mez,Ocotea endlicheriopsis,Endlicheria,Ocotea
800073,Endlicheria endlicheriopsis (Mez) Kosterm.,Endlicheria canescens Chanderbali,Endlicheria canescens Chanderbali,Endlicheria canescens Chanderbali,Endlicheria canescens,Ocotea endlicheriopsis Mez,Ocotea endlicheriopsis,Endlicheria,Ocotea
803110,Eruca stenocarpa Boiss. & Reut.,Eruca vesicaria (L.) Cav.,Eruca vesicaria (L.) Cav.,Eruca vesicaria (L.) Cav.,Eruca vesicaria,Erucastrum nasturtiifolium subsp. nasturtiifolium,Erucastrum nasturtiifolium,Eruca,Erucastrum
805562,Acacia aegyptiaca Baill.,Faidherbia albida (Delile) A.Chev.,Faidherbia albida (Delile) A.Chev.,Faidherbia albida (Delile) A.Chev.,Faidherbia albida,Vachellia nilotica subsp. nilotica,Vachellia nilotica,Faidherbia,Vachellia
810381,Gentiana amarella subsp. chlorifolia (Nees) Arcang.,Gentianella germanica (Willd.) Börner,Gentianella germanica (Willd.) Börner,Gentianella germanica (Willd.) Börner,Gentianella germanica,Gentiana × chlorifolia Nees,Gentiana × chlorifolia,Gentianella,Gentiana
812194,Aillya umbellata var. procumbens (de Vriese) de Vriese,Goodenia filiformis R.Br.,Goodenia filiformis R.Br.,Goodenia filiformis R.Br.,Goodenia filiformis,Scaevola pulchella Carolin,Scaevola pulchella,Goodenia,Scaevola
812195,Aillya umbellata var. spathulata (de Vriese) de Vriese,Goodenia filiformis R.Br.,Goodenia filiformis R.Br.,Goodenia filiformis R.Br.,Goodenia filiformis,Scaevola pulchella Carolin,Scaevola pulchella,Goodenia,Scaevola
815038,Cereus serruliflorus Haw.,Harrisia divaricata (Lam.) Backeb.,Harrisia divaricata (Lam.) Backeb.,Harrisia divaricata (Lam.) Backeb.,Harrisia divaricata,Serrulatocereus serruliflorus (Haw.) Guiggi,Serrulatocereus serruliflorus,Harrisia,Serrulatocereus
815116,Hariota clavata var. deliculata (Loefgr.) A.Cast.,Hatiora salicornoides (Haw.) Britton & Rose,Hatiora salicornoides (Haw.) Britton & Rose,Hatiora salicornoides (Haw.) Britton & Rose,Hatiora salicornoides,Rhipsalis clavata F.A.C.Weber,Rhipsalis clavata,Hatiora,Rhipsalis
815118,Hariota bambusoides var. delicatula (Loefgr.) A.Cast.,Hatiora salicornoides (Haw.) Britton & Rose,Hatiora salicornoides (Haw.) Britton & Rose,Hatiora salicornoides (Haw.) Britton & Rose,Hatiora salicornoides,Rhipsalis clavata F.A.C.Weber,Rhipsalis clavata,Hatiora,Rhipsalis
815743,Helianthemum alyssoides subsp. cheiranthoides (Lam.) Nyman,Helianthemum syriacum (Jacq.) Dum.Cours.,Helianthemum syriacum (Jacq.) Dum.Cours.,Helianthemum syriacum (Jacq.) Dum.Cours.,Helianthemum syriacum,Cistus × cheiranthoides Lam.,Cistus × cheiranthoides,Helianthemum,Cistus
817304,Heteropterys angustifolia f. lanceolata Nied.,Heteropterys glabra Hook. & Arn.,Heteropterys glabra Hook. & Arn.,Heteropterys glabra Hook. & Arn.,Heteropterys glabra,Banisteriopsis laevifolia (A.Juss.) B.Gates,Banisteriopsis laevifolia,Heteropterys,Banisteriopsis
819315,Pleurospermum lecomtianum H.Wolff,Hymenidium wilsonii (H.Boissieu) Pimenov & Kljuykov,Hymenidium wilsonii (H.Boissieu) Pimenov & Kljuykov,Hymenidium wilsonii (H.Boissieu) Pimenov & Kljuykov,Hymenidium wilsonii,Pleurospermum lecomtianum H.Wolff,Pleurospermum lecomtianum,Hymenidium,Pleurospermum
819640,Ilex heterophylla G.Don,Ilex aquifolium L.,Ilex aquifolium L.,Ilex aquifolium L.,Ilex aquifolium,Osmanthus heterophyllus (G.Don) P.S.Green,Osmanthus heterophyllus,Ilex,Osmanthus
821809,Robinsonia melianthifolia Willd.,Quiina guianensis Aubl.,Quiina guianensis Aubl.,Quiina guianensis Aubl.,Quiina guianensis,Touroulia guianensis Aubl.,Touroulia guianensis,Quiina,Touroulia
826831,Connarus decumbens Thunb.,Leobordea polycephala (E.Mey.) B.-E.van Wyk & Boatwr.,Leobordea polycephala (E.Mey.) B.-E.van Wyk & Boatwr.,Leobordea polycephala (E.Mey.) B.-E.van Wyk & Boatwr.,Leobordea polycephala,Lotononis pallens Benth.,Lotononis pallens,Leobordea,Lotononis
826853,Hermannia triphylla L.,Leobordea polycephala (E.Mey.) B.-E.van Wyk & Boatwr.,Leobordea polycephala (E.Mey.) B.-E.van Wyk & Boatwr.,Leobordea polycephala (E.Mey.) B.-E.van Wyk & Boatwr.,Leobordea polycephala,Lotononis pallens Benth.,Lotononis pallens,Leobordea,Lotononis
827815,Acrodiclidium guianense var. oppositifolium Meisn.,Dicypellium caryophyllaceum (Mart.) Nees & Mart.,Dicypellium caryophyllaceum (Mart.) Nees & Mart.,Dicypellium caryophyllaceum (Mart.) Nees & Mart.,Dicypellium caryophyllaceum,Licaria chrysophylla (Meisn.) Kosterm.,Licaria chrysophylla,Dicypellium,Licaria
827819,Acrodiclidium guianense var. reticulatum Meisn.,Dicypellium caryophyllaceum (Mart.) Nees & Mart.,Dicypellium caryophyllaceum (Mart.) Nees & Mart.,Dicypellium caryophyllaceum (Mart.) Nees & Mart.,Dicypellium caryophyllaceum,Licaria polyphylla (Nees) Kosterm.,Licaria polyphylla,Dicypellium,Licaria
827820,Acrodiclidium guianense Nees,Dicypellium caryophyllaceum (Mart.) Nees & Mart.,Dicypellium caryophyllaceum (Mart.) Nees & Mart.,Dicypellium caryophyllaceum (Mart.) Nees & Mart.,Dicypellium caryophyllaceum,Licaria polyphylla (Nees) Kosterm.,Licaria polyphylla,Dicypellium,Licaria
827822,Nectandra caudata Nees & Mart. ex Meisn.,Dicypellium caryophyllaceum (Mart.) Nees & Mart.,Dicypellium caryophyllaceum (Mart.) Nees & Mart.,Dicypellium caryophyllaceum (Mart.) Nees & Mart.,Dicypellium caryophyllaceum,Licaria polyphylla (Nees) Kosterm.,Licaria polyphylla,Dicypellium,Licaria
828780,Chenopodium acutifolium Kit. ex Schult.,"Lipandra polysperma (L.) S.Fuentes, Uotila & Borsch","Lipandra polysperma (L.) S.Fuentes, Uotila & Borsch","Lipandra polysperma (L.) S.Fuentes, Uotila & Borsch",Lipandra polysperma,Chenopodium standleyanum Aellen,Chenopodium standleyanum,Lipandra,Chenopodium
828784,Chenopodium polyspermum var. spicatum Klett & Richt.,"Lipandra polysperma (L.) S.Fuentes, Uotila & Borsch","Lipandra polysperma (L.) S.Fuentes, Uotila & Borsch","Lipandra polysperma (L.) S.Fuentes, Uotila & Borsch",Lipandra polysperma,Chenopodium standleyanum Aellen,Chenopodium standleyanum,Lipandra,Chenopodium
828818,Echinopsis dobeana (Dölz) J.G.Lamb.,Leucostele deserticola (Werderm.) Schlumpb.,Leucostele deserticola (Werderm.) Schlumpb.,Leucostele deserticola (Werderm.) Schlumpb.,Leucostele deserticola,Echinopsis aurea subsp. aurea,Echinopsis aurea,Leucostele,Echinopsis
828977,Tournefortia earlei Britton,Myriopus stenophyllus (Urb.) Feuillet,Myriopus stenophyllus (Urb.) Feuillet,Myriopus stenophyllus (Urb.) Feuillet,Myriopus stenophyllus,"Heliotropium earlei (Britton) Greuter, P.A.González & R.Rankin",Heliotropium earlei,Myriopus,Heliotropium
839009,× Rhaphiobotrya Coombes,Rhaphiolepis Lindl.,Rhaphiolepis Lindl.,Rhaphiolepis Lindl.,,× Rhaphiobotrya Coombes,,Rhaphiolepis,× Rhaphiobotrya
839010,Eriobotrya Lindl.,Rhaphiolepis Lindl.,Rhaphiolepis Lindl.,Rhaphiolepis Lindl.,,Eriobotrya Lindl.,,Rhaphiolepis,Eriobotrya
845496,Bredemeyera altissima var. mollis (Triana & Planch.) A.W.Benn.,Bredemeyera divaricata (DC.) J.F.B.Pastore,Bredemeyera divaricata (DC.) J.F.B.Pastore,Bredemeyera divaricata (DC.) J.F.B.Pastore,Bredemeyera divaricata,Securidaca coriacea Bonpl.,Securidaca coriacea,Bredemeyera,Securidaca
851789,Peucedanum praeruptorum subsp. hirsutiusculum Ma,Kitagawia praeruptora (Dunn) Pimenov,Kitagawia praeruptora (Dunn) Pimenov,Kitagawia praeruptora (Dunn) Pimenov,Kitagawia praeruptora,Peucedanum harry-smithii var. harry-smithii,Peucedanum harry-smithii,Kitagawia,Peucedanum
851791,Peucedanum hirsutiusculum (Ma) V.M.Vinogr.,Kitagawia praeruptora (Dunn) Pimenov,Kitagawia praeruptora (Dunn) Pimenov,Kitagawia praeruptora (Dunn) Pimenov,Kitagawia praeruptora,Peucedanum harry-smithii var. harry-smithii,Peucedanum harry-smithii,Kitagawia,Peucedanum
851858,Richella discostigma (Diels) R.E.Fr.,Monanthotaxis montana (Engl. & Diels) P.H.Hoekstra,Monanthotaxis montana (Engl. & Diels) P.H.Hoekstra,Monanthotaxis montana (Engl. & Diels) P.H.Hoekstra,Monanthotaxis montana,Afroguatteria discostigma (Diels) X.Guo & R.M.K.Saunders,Afroguatteria discostigma,Monanthotaxis,Afroguatteria
851859,Oxymitra discostigma (Diels) Ghesq. ex Pellegr.,Monanthotaxis montana (Engl. & Diels) P.H.Hoekstra,Monanthotaxis montana (Engl. & Diels) P.H.Hoekstra,Monanthotaxis montana (Engl. & Diels) P.H.Hoekstra,Monanthotaxis montana,Afroguatteria discostigma (Diels) X.Guo & R.M.K.Saunders,Afroguatteria discostigma,Monanthotaxis,Afroguatteria
851860,Friesodielsia discostigma (Diels) Steenis,Monanthotaxis montana (Engl. & Diels) P.H.Hoekstra,Monanthotaxis montana (Engl. & Diels) P.H.Hoekstra,Monanthotaxis montana (Engl. & Diels) P.H.Hoekstra,Monanthotaxis montana,Afroguatteria discostigma (Diels) X.Guo & R.M.K.Saunders,Afroguatteria discostigma,Monanthotaxis,Afroguatteria
851861,Cleistopholis discostigma Diels,Monanthotaxis montana (Engl. & Diels) P.H.Hoekstra,Monanthotaxis montana (Engl. & Diels) P.H.Hoekstra,Monanthotaxis montana (Engl. & Diels) P.H.Hoekstra,Monanthotaxis montana,Afroguatteria discostigma (Diels) X.Guo & R.M.K.Saunders,Afroguatteria discostigma,Monanthotaxis,Afroguatteria
851862,Afroguatteria discostigma (Diels) X.Guo & R.M.K.Saunders,Monanthotaxis montana (Engl. & Diels) P.H.Hoekstra,Monanthotaxis montana (Engl. & Diels) P.H.Hoekstra,Monanthotaxis montana (Engl. & Diels) P.H.Hoekstra,Monanthotaxis montana,Afroguatteria discostigma (Diels) X.Guo & R.M.K.Saunders,Afroguatteria discostigma,Monanthotaxis,Afroguatteria
855789,Bourdaria A.Chev.,Cincinnobotrys Gilg,Cincinnobotrys Gilg,Cincinnobotrys Gilg,,Bourdaria A.Chev.,,Cincinnobotrys,Bourdaria
861772,Centaurea carthamoides Chevall.,Centaurea albonitens Turrill,Centaurea albonitens Turrill,Centaurea albonitens Turrill,Centaurea albonitens,Phonus lanatus (L.) Hill,Phonus lanatus,Centaurea,Phonus
863448,Vernonia floribunda Kunth,Vernonanthura patens (Kunth) H.Rob.,Vernonanthura patens (Kunth) H.Rob.,Vernonanthura patens (Kunth) H.Rob.,Vernonanthura patens,Critoniopsis floribunda (Kunth) H.Rob.,Critoniopsis floribunda,Vernonanthura,Critoniopsis
874034,Doronicum japonicum Lam.,Gynura japonica (Thunb.) Juel,Gynura japonica (Thunb.) Juel,Gynura japonica (Thunb.) Juel,Gynura japonica,Ligularia japonica var. japonica,Ligularia japonica,Gynura,Ligularia
874394,Senecio depilis Phil.,Dendrophorbium americanum (L.f.) C.Jeffrey,Dendrophorbium americanum (L.f.) C.Jeffrey,Dendrophorbium americanum (L.f.) C.Jeffrey,Dendrophorbium americanum,Acrisione denticulata var. denticulata,Acrisione denticulata,Dendrophorbium,Acrisione
874610,Werneria ciliata Wedd. ex Sch.Bip.,Werneria pectinata Lingelsh.,Werneria pectinata Lingelsh.,Rockhausenia pectinata (Lingelsh.) D.J.N.Hind,Rockhausenia pectinata,Werneria ciliolata A.Gray,Werneria ciliolata,Rockhausenia,Werneria
876923,Gnaphalium dealbatum var. luteofuscum (Webb) Lobin,Vellereophyton dealbatum (Thunb.) Hilliard & B.L.Burtt,Vellereophyton dealbatum (Thunb.) Hilliard & B.L.Burtt,Vellereophyton dealbatum (Thunb.) Hilliard & B.L.Burtt,Vellereophyton dealbatum,Pseudognaphalium luteoalbum (L.) Hilliard & B.L.Burtt,Pseudognaphalium luteoalbum,Vellereophyton,Pseudognaphalium
876924,Gnaphalium luteofuscum Webb,Vellereophyton dealbatum (Thunb.) Hilliard & B.L.Burtt,Vellereophyton dealbatum (Thunb.) Hilliard & B.L.Burtt,Vellereophyton dealbatum (Thunb.) Hilliard & B.L.Burtt,Vellereophyton dealbatum,Pseudognaphalium luteoalbum (L.) Hilliard & B.L.Burtt,Pseudognaphalium luteoalbum,Vellereophyton,Pseudognaphalium
888427,Laphamia palmeri A.Gray,Perityle palmeri S.Watson,Perityle palmeri S.Watson,Perityle palmeri S.Watson,Perityle palmeri,Laphamia palmeri A.Gray,Laphamia palmeri,Perityle,Laphamia
890894,Eupatorium decipiens Hook. & Arn.,Ophryosporus triangularis Meyen,Ophryosporus triangularis Meyen,Ophryosporus triangularis Meyen,Ophryosporus triangularis,Heterocondylus decipiens (Hook. & Arn.) R.M.King & H.Rob.,Heterocondylus decipiens,Ophryosporus,Heterocondylus
891242,Haplosticha Phil.,Senecio L.,Senecio L.,Senecio L.,,Haplosticha Phil.,,Senecio,Haplosticha
891250,Iocenes B.Nord.,Senecio L.,Senecio L.,Senecio L.,,Iocenes B.Nord.,,Senecio,Iocenes
891961,Berkheyopsis O.Hoffm.,Hirpicium Cass.,Hirpicium Cass.,Gorteria L.,,Berkheyopsis O.Hoffm.,,Gorteria,Berkheyopsis
892131,Epitrachys (DC. ex Duby) K.Koch,Cirsium Mill.,Cirsium Mill.,Cirsium Mill.,,Epitrachys (DC. ex Duby) K.Koch,,Cirsium,Epitrachys
892139,Lophiolepis Cass.,Cirsium Mill.,Cirsium Mill.,Cirsium Mill.,,Lophiolepis Cass.,,Cirsium,Lophiolepis
895378,Vittaria lunulata Roxb.,Nesolindsaea caudata (Hook.) Lehtonen & Christenh.,Nesolindsaea caudata (Hook.) Lehtonen & Christenh.,Nesolindsaea caudata (Hook.) Lehtonen & Christenh.,Nesolindsaea caudata,Lindsaea parasitica (Roxb.) Wall. ex Hieron.,Lindsaea parasitica,Nesolindsaea,Lindsaea
895380,Lindsaea scandens Hook.,Nesolindsaea caudata (Hook.) Lehtonen & Christenh.,Nesolindsaea caudata (Hook.) Lehtonen & Christenh.,Nesolindsaea caudata (Hook.) Lehtonen & Christenh.,Nesolindsaea caudata,Lindsaea scandens Hook.,Lindsaea scandens,Nesolindsaea,Lindsaea
895381,Vittaria parasitica Roxb.,Nesolindsaea caudata (Hook.) Lehtonen & Christenh.,Nesolindsaea caudata (Hook.) Lehtonen & Christenh.,Nesolindsaea caudata (Hook.) Lehtonen & Christenh.,Nesolindsaea caudata,Lindsaea parasitica (Roxb.) Wall. ex Hieron.,Lindsaea parasitica,Nesolindsaea,Lindsaea
895382,Lindsaea bipinnata Roxb.,Nesolindsaea caudata (Hook.) Lehtonen & Christenh.,Nesolindsaea caudata (Hook.) Lehtonen & Christenh.,Nesolindsaea caudata (Hook.) Lehtonen & Christenh.,Nesolindsaea caudata,Lindsaea parasitica (Roxb.) Wall. ex Hieron.,Lindsaea parasitica,Nesolindsaea,Lindsaea
896257,Lindsaea alexandri var. bipinnata Hillebr.,Asplenium dielerectum Viane,Asplenium dielerectum Viane,Asplenium dielerectum Viane,Asplenium dielerectum,Lindsaea knudsenii Hillebr.,Lindsaea knudsenii,Asplenium,Lindsaea
900855,Dryopteris strigosa (Willd.) C.Chr.,Ctenitis crinita (Poir.) Ching,Ctenitis crinita (Poir.) Ching,Ctenitis crinita (Poir.) Ching,Ctenitis crinita,Thelypteris strigosa (Willd.) Tardieu,Thelypteris strigosa,Ctenitis,Thelypteris
902333,Stenochlaena leptocarpa (Fée) Underw.,Lomariopsis spectabilis Mett.,Lomariopsis spectabilis Mett.,Lomariopsis spectabilis Mett.,Lomariopsis spectabilis,Teratophyllum leptocarpum (Fée) Holttum,Teratophyllum leptocarpum,Lomariopsis,Teratophyllum
904966,Cyathea remotifolia Bonap.,Alsophila simulans Baker,Alsophila simulans Baker,Alsophila simulans Baker,Alsophila simulans,Cyathea remotifolia Bonap.,Cyathea remotifolia,Alsophila,Cyathea
908342,Hiya H.Shang,Hypolepis Bernh.,Hypolepis Bernh.,Hypolepis Bernh.,,Hiya H.Shang,,Hypolepis,Hiya
911095,Cyathea nigrescens (Hook.) J.Sm.,Thelypteris woodlarkensis (Copel.) Christenh.,Thelypteris woodlarkensis (Copel.) Christenh.,Thelypteris woodlarkensis (Copel.) Christenh.,Thelypteris woodlarkensis,Alsophila woodwardioides (Kaulf.) D.S.Conant,Alsophila woodwardioides,Thelypteris,Alsophila
912822,Anemone soyensis H.Boissieu,Anemonastrum flaccidum (Fr.Schmidt) Mosyakin,Anemonastrum flaccidum (Fr.Schmidt) Mosyakin,Anemonastrum flaccidum (Fr.Schmidt) Mosyakin,Anemonastrum flaccidum,Anemonoides soyensis (H.Boissieu) Holub,Anemonoides soyensis,Anemonastrum,Anemonoides
920438,Cytisus lotoides Pourr.,Chamaecytisus supinus subsp. supinus,Chamaecytisus supinus subsp. supinus,Chamaecytisus supinus subsp. supinus,Chamaecytisus supinus,Cytisus lotoides Pourr.,Cytisus lotoides,Chamaecytisus,Cytisus
920445,Chamaecytisus supinus var. gallicus (A.Kern. ex Willk. & Lange) C.Vicioso,Chamaecytisus supinus subsp. supinus,Chamaecytisus supinus subsp. supinus,Chamaecytisus supinus subsp. supinus,Chamaecytisus supinus,Cytisus lotoides Pourr.,Cytisus lotoides,Chamaecytisus,Cytisus
920452,Cytisus supinus var. gallicus (A.Kern. ex Willk. & Lange) Briq.,Chamaecytisus supinus subsp. supinus,Chamaecytisus supinus subsp. supinus,Chamaecytisus supinus subsp. supinus,Chamaecytisus supinus,Cytisus lotoides Pourr.,Cytisus lotoides,Chamaecytisus,Cytisus
920648,Cytisus benehoavensis (Bolle) Svent.,Cytisus scoparius subsp. scoparius,Cytisus scoparius subsp. scoparius,Cytisus scoparius subsp. scoparius,Cytisus scoparius,Convolvulus scoparius L.f.,Convolvulus scoparius,Cytisus,Convolvulus
922478,Camphorosma acuta L.,Nanophyton erinaceum subsp. erinaceum,Nanophyton erinaceum subsp. erinaceum,Nanophyton erinaceum subsp. erinaceum,Nanophyton erinaceum,Polycnemum majus A.Braun ex Bogenh.,Polycnemum majus,Nanophyton,Polycnemum
923623,Sedum griffithii C.B.Clarke,Rosularia adenotricha subsp. adenotricha,Rosularia adenotricha subsp. adenotricha,Rosularia adenotricha subsp. adenotricha,Rosularia adenotricha,Sedum griffithii C.B.Clarke,Sedum griffithii,Rosularia,Sedum
927667,Olmedia grandifolia Trécul,Maquira guianensis subsp. guianensis,Maquira guianensis subsp. guianensis,Maquira guianensis subsp. guianensis,Maquira guianensis,Perebea guianensis subsp. guianensis,Perebea guianensis,Maquira,Perebea
933009,Abelmoschus palustris (L.) Walp.,Abelmoschus moschatus subsp. moschatus,Abelmoschus moschatus subsp. moschatus,Abelmoschus moschatus subsp. moschatus,Abelmoschus moschatus,Hibiscus moscheutos subsp. moscheutos,Hibiscus moscheutos,Abelmoschus,Hibiscus
936293,Cardamine nasturtiifolia Steud.,Cardamine pratensis subsp. pratensis,Cardamine pratensis subsp. pratensis,Cardamine pratensis subsp. pratensis,Cardamine pratensis,Rorippa bonariensis var. bonariensis,Rorippa bonariensis,Cardamine,Rorippa
942618,Ilex ligustrina var. minutiflora (A.Rich.) Loes.,Ilex vomitoria subsp. vomitoria,Ilex vomitoria subsp. vomitoria,Ilex vomitoria subsp. vomitoria,Ilex vomitoria,Banara minutiflora (A.Rich.) Sleumer,Banara minutiflora,Ilex,Banara
943329,Carduus cynaroides Lam.,Cynara cardunculus subsp. cardunculus,Cynara cardunculus subsp. cardunculus,Cynara cardunculus subsp. cardunculus,Cynara cardunculus,Lamyropsis cynaroides (Lam.) Dittrich,Lamyropsis cynaroides,Cynara,Lamyropsis
943332,Chamaepeuce cynaroides (Lam.) DC.,Cynara cardunculus subsp. cardunculus,Cynara cardunculus subsp. cardunculus,Cynara cardunculus subsp. cardunculus,Cynara cardunculus,Lamyropsis cynaroides (Lam.) Dittrich,Lamyropsis cynaroides,Cynara,Lamyropsis
943335,Carduus cynara E.H.L.Krause,Cynara cardunculus subsp. cardunculus,Cynara cardunculus subsp. cardunculus,Cynara cardunculus subsp. cardunculus,Cynara cardunculus,Lamyropsis cynaroides (Lam.) Dittrich,Lamyropsis cynaroides,Cynara,Lamyropsis
944128,Carduus horridus Adams,Centaurea benedicta var. benedicta,Centaurea benedicta var. benedicta,Centaurea benedicta var. benedicta,Centaurea benedicta,"Lophiolepis horrida (Adams) Bureš, Del Guacchio, Iamonico & P.Caputo",Lophiolepis horrida,Centaurea,Lophiolepis
948781,Asplenium bidentatum Willd.,Asplenium erosum var. erosum,Asplenium erosum var. erosum,Asplenium erosum var. erosum,Asplenium erosum,Hymenasplenium laetum (Sw.) L.Regalado & Prada,Hymenasplenium laetum,Asplenium,Hymenasplenium
1124169,Rhaponticum Ludwig,Centaurea L.,Centaurea L.,Centaurea L.,,Rhaponticum Ludwig,,Centaurea,Rhaponticum
1131505,Listrostachys pescatoriana (Lindl.) S.Moore,Oeoniella polystachys (Thouars) Schltr.,Oeoniella polystachys (Thouars) Schltr.,Oeoniella polystachys (Thouars) Schltr.,Oeoniella polystachys,Listrostachys pertusa (Lindl.) Rchb.f.,Listrostachys pertusa,Oeoniella,Listrostachys
1137269,Canistrum lindenii (Regel) Mez,Hohenbergia augusta (Vell.) É.Morren,Hohenbergia augusta (Vell.) É.Morren,Hohenbergia augusta (Vell.) É.Morren,Hohenbergia augusta,Edmundoa lindenii (Regel) Leme,Edmundoa lindenii,Hohenbergia,Edmundoa
1163963,Vigna stipulacea (Lam.) Kuntze,Pueraria montana var. lobata (Willd.) Maesen & S.M.Almeida ex Sanjappa & Predeep,Pueraria montana var. lobata (Willd.) Maesen & S.M.Almeida ex Sanjappa & Predeep,Pueraria montana var. lobata (Willd.) Maesen & S.M.Almeida ex Sanjappa & Predeep,Pueraria montana,Vigna stipulacea (Lam.) Kuntze,Vigna stipulacea,Pueraria,Vigna
1182173,Caesalpinia pyramidata (Mill.) Martyn,Cenostigma gaumeri (Greenm.) Gagnon & G.P.Lewis,Cenostigma gaumeri (Greenm.) Gagnon & G.P.Lewis,Cenostigma gaumeri (Greenm.) Gagnon & G.P.Lewis,Cenostigma gaumeri,Erythrostemon yucatanensis var. yucatanensis,Erythrostemon yucatanensis,Cenostigma,Erythrostemon
1182727,Arenaria arctica var. hondoensis (Ohwi) H.Hara,Cherleria arctica (Steven ex Ser.) A.J.Moore & Dillenb.,Cherleria arctica (Steven ex Ser.) A.J.Moore & Dillenb.,Cherleria arctica (Steven ex Ser.) A.J.Moore & Dillenb.,Cherleria arctica,Minuartia hondoensis (Ohwi) Ohwi,Minuartia hondoensis,Cherleria,Minuartia
1183445,Arctium majus subsp. intermedium (Lange) Nyman,Cousinia chlorocephala C.A.Mey. ex DC.,Cousinia chlorocephala C.A.Mey. ex DC.,Cousinia chlorocephala C.A.Mey. ex DC.,Cousinia chlorocephala,Arctium nemorosum Lej.,Arctium nemorosum,Cousinia,Arctium
1183446,Lappa intermedium (Lange) Lange,Cousinia chlorocephala C.A.Mey. ex DC.,Cousinia chlorocephala C.A.Mey. ex DC.,Cousinia chlorocephala C.A.Mey. ex DC.,Cousinia chlorocephala,Arctium nemorosum Lej.,Arctium nemorosum,Cousinia,Arctium
1185809,Shawia arguta (Benth.) Britten,Camptacra gracilis (Benth.) Lander,Camptacra gracilis (Benth.) Lander,Camptacra gracilis (Benth.) Lander,Camptacra gracilis,Olearia arguta Benth.,Olearia arguta,Camptacra,Olearia
1200703,Coprosma dentata (Elmer) Heads,Nertera granadensis var. granadensis,Nertera granadensis var. granadensis,Nertera granadensis var. granadensis,Nertera granadensis,Hemiphragma heterophyllum var. dentatum (Elmer) T.Yamaz.,Hemiphragma heterophyllum,Nertera,Hemiphragma
1203212,Anoectochilus lowii T.Br.,Dossinia marmorata C.Morren,Dossinia marmorata C.Morren,Dossinia marmorata C.Morren,Dossinia marmorata,Anoectochilus brevilabris Lindl.,Anoectochilus brevilabris,Dossinia,Anoectochilus
1229400,Vilfa frondosa C.Presl,Agrostis castellana Boiss. & Reut.,Agrostis castellana Boiss. & Reut.,Agrostis castellana Boiss. & Reut.,Agrostis castellana,Polypogon viridis (Gouan) Breistr.,Polypogon viridis,Agrostis,Polypogon
1263953,Feuilleea terminalis Kuntze,Albizia polycephala (Benth.) Killip,Albizia polycephala (Benth.) Killip,Pseudalbizzia polycephala (Benth.) E.J.M.Koenen & Duno,Pseudalbizzia polycephala,"Hydrochorea pedicellaris (DC.) M.V.B.Soares, Iganci & M.P.Morim",Hydrochorea pedicellaris,Pseudalbizzia,Hydrochorea
1271173,Wendlandia Willd.,Cocculus DC.,Cocculus DC.,Cocculus DC.,,Nephroia Lour.,,Cocculus,Nephroia
1273917,Chrysoxylon vinhatico Casar.,Dimorphandra exaltata Schott,Dimorphandra exaltata Schott,Dimorphandra exaltata Schott,Dimorphandra exaltata,Plathymenia reticulata Benth.,Plathymenia reticulata,Dimorphandra,Plathymenia
1275700,Eruca vesicaria var. stenocarpa (Boiss. & Reut.) Thell.,Eruca vesicaria (L.) Cav.,Eruca vesicaria (L.) Cav.,Eruca vesicaria (L.) Cav.,Eruca vesicaria,Erucastrum nasturtiifolium subsp. nasturtiifolium,Erucastrum nasturtiifolium,Eruca,Erucastrum
1275704,Eruca sativa var. stenocarpa (Boiss. & Reut.) Coss.,Eruca vesicaria (L.) Cav.,Eruca vesicaria (L.) Cav.,Eruca vesicaria (L.) Cav.,Eruca vesicaria,Erucastrum nasturtiifolium subsp. nasturtiifolium,Erucastrum nasturtiifolium,Eruca,Erucastrum
1275711,Eruca sativa subsp. stenocarpa (Boiss. & Reut.) Maire,Eruca vesicaria (L.) Cav.,Eruca vesicaria (L.) Cav.,Eruca vesicaria (L.) Cav.,Eruca vesicaria,Erucastrum nasturtiifolium subsp. nasturtiifolium,Erucastrum nasturtiifolium,Eruca,Erucastrum
1278406,Harrisia serruliflora (Haw.) Lourteig,Harrisia divaricata (Lam.) Backeb.,Harrisia divaricata (Lam.) Backeb.,Harrisia divaricata (Lam.) Backeb.,Harrisia divaricata,Serrulatocereus serruliflorus (Haw.) Guiggi,Serrulatocereus serruliflorus,Harrisia,Serrulatocereus
1278408,Serrulatocereus serruliflorus (Haw.) Guiggi,Harrisia divaricata (Lam.) Backeb.,Harrisia divaricata (Lam.) Backeb.,Harrisia divaricata (Lam.) Backeb.,Harrisia divaricata,Serrulatocereus serruliflorus (Haw.) Guiggi,Serrulatocereus serruliflorus,Harrisia,Serrulatocereus
1279807,Robinsonia guianensis (Aubl.) J.F.Gmel.,Quiina guianensis Aubl.,Quiina guianensis Aubl.,Quiina guianensis Aubl.,Quiina guianensis,Touroulia guianensis Aubl.,Touroulia guianensis,Quiina,Touroulia
1287559,× Rowleyara hildmannii (Hildm.) P.V.Heath,Disocactus crenatus subsp. kimnachii (Bavo) M.Á.Cruz & S.Arias,Disocactus crenatus subsp. kimnachii (Bavo) M.Á.Cruz & S.Arias,Disocactus crenatus subsp. kimnachii (Bavo) M.Á.Cruz & S.Arias,Disocactus crenatus,× Disoselenicereus hildmannii (Hildm.) M.H.J.van der Meer,× Disoselenicereus hildmannii,Disocactus,× Disoselenicereus
1299153,Anemonoides soyensis (H.Boissieu) Holub,Anemonastrum flaccidum (Fr.Schmidt) Mosyakin,Anemonastrum flaccidum (Fr.Schmidt) Mosyakin,Anemonastrum flaccidum (Fr.Schmidt) Mosyakin,Anemonastrum flaccidum,Anemonoides soyensis (H.Boissieu) Holub,Anemonoides soyensis,Anemonastrum,Anemonoides
1301734,Maquira grandifolia (Trécul) Baill. ex Benth. & Hook.f.,Maquira guianensis subsp. guianensis,Maquira guianensis subsp. guianensis,Maquira guianensis subsp. guianensis,Maquira guianensis,Perebea guianensis subsp. guianensis,Perebea guianensis,Maquira,Perebea
1303681,Cirsium horridum (Adams) Petr.,Centaurea benedicta var. benedicta,Centaurea benedicta var. benedicta,Centaurea benedicta var. benedicta,Centaurea benedicta,"Lophiolepis horrida (Adams) Bureš, Del Guacchio, Iamonico & P.Caputo",Lophiolepis horrida,Centaurea,Lophiolepis
1304133,Placus membranaceus (DC.) Kuntze,Pluchea paniculata var. paniculata,Pluchea paniculata var. paniculata,Pluchea paniculata var. paniculata,Pluchea paniculata,Blumea membranacea DC.,Blumea membranacea,Pluchea,Blumea
