,taxon_name_w_authors,202204_accepted_name_w_author,202212_taxon_name_w_authors,202212_chained_accepted_name_w_author,202212_chained_accepted_species,202212_direct_accepted_name_w_author,202212_direct_accepted_species,202212_chained_accepted_genus,202212_direct_accepted_genus
127667,Alifana lutescens Raf.,Miconia lutescens DC.,Miconia lutescens DC.,Miconia lutescens DC.,Miconia lutescens,Brachyotum lutescens Triana,Brachyotum lutescens,Miconia,Brachyotum
128068,Chaetogastra strigosa DC.,Pleroma chamaecistus Triana,Pleroma chamaecistus Triana,Chaetogastra chamaecistus Griseb.,Chaetogastra chamaecistus,Brachyotum strigosum Triana,Brachyotum strigosum,Chaetogastra,Brachyotum
128375,Dissotis scabra Gilg,Dissotis perkinsiae Gilg,Dissotis perkinsiae Gilg,Feliciotis perkinsiae (Gilg) Ver.-Lib. & G.Kadereit,Feliciotis perkinsiae,Rosettea scabra (Gilg) Ver.-Lib. & G.Kadereit,Rosettea scabra,Feliciotis,Rosettea
129231,Melastoma velutinum Willd.,Miconia albicans (Sw.) Steud.,Miconia albicans (Sw.) Steud.,Miconia albicans (Sw.) Steud.,Miconia albicans,Pleroma clavatum (Pers.) P.J.F.Guim. & Michelang.,Pleroma clavatum,Miconia,Pleroma
129967,Pleroma strigosum Triana,Pleroma ornatum Triana,Pleroma ornatum Triana,Chaetogastra ornata (Sw.) P.J.F.Guim. & Michelang.,Chaetogastra ornata,Brachyotum strigosum Triana,Brachyotum strigosum,Chaetogastra,Brachyotum
130135,Sagraea hirtella DC.,Ossaea hirtella Triana,Ossaea hirtella Triana,Ossaea hirtella Triana,Ossaea hirtella,Miconia hirtellicaulis Ionta & Judd,Miconia hirtellicaulis,Ossaea,Miconia
132379,Acacia vogeliana Steud.,Lysiloma ambigua Urb.,Lysiloma ambigua Urb.,Lysiloma ambigua Urb.,Lysiloma ambigua,Parasenegalia vogeliana (Steud.) Seigler & Ebinger,Parasenegalia vogeliana,Lysiloma,Parasenegalia
134384,Acacia ambigua Vogel,Lysiloma ambigua Urb.,Lysiloma ambigua Urb.,Lysiloma ambigua Urb.,Lysiloma ambigua,Parasenegalia vogeliana (Steud.) Seigler & Ebinger,Parasenegalia vogeliana,Lysiloma,Parasenegalia
135488,Pithecellobium abbottii Rose & Leonard,Abarema abbottii (Rose & Leonard) Barneby & J.W.,Abarema abbottii (Rose & Leonard) Barneby & J.W.,Abarema abbottii (Rose & Leonard) Barneby & J.W.,Abarema abbottii,Jupunba abbottii (Rose & Leonard) Britton & Rose,Jupunba abbottii,Abarema,Jupunba
135546,Pithecellobium fanshawei Sandwith,Abarema barbouriana (Standl.) Barneby & J.W.Grimes,Abarema barbouriana (Standl.) Barneby & J.W.Grimes,"Jupunba barbouriana (Standl.) M.V.B.Soares, M.P.Morim & Iganci",Jupunba barbouriana,Abarema barbouriana var. barbouriana (Standl.) Barneby & J.W.Grimes,Abarema barbouriana,Jupunba,Abarema
135593,Pithecellobium malacotrichum Harms,Abarema auriculata (Benth.) Barneby & J.W.Grimes,Abarema auriculata (Benth.) Barneby & J.W.Grimes,"Jupunba auriculata (Benth.) M.V.B.Soares, M.P.Morim & Iganci",Jupunba auriculata,Enterolobium contortisiliquum (Vell.) Morong,Enterolobium contortisiliquum,Jupunba,Enterolobium
137135,Desmodium arenicola (Vail) F.J.Herm.,Dendrolobium triangulare (Retz.) Schindl.,Dendrolobium triangulare (Retz.) Schindl.,Dendrolobium triangulare (Retz.) Schindl.,Dendrolobium triangulare,Desmodium lineatum DC.,Desmodium lineatum,Dendrolobium,Desmodium
138028,Mimosa leptophylla Poir.,Painteria leptophylla (DC.) Britton & Rose,Painteria leptophylla (DC.) Britton & Rose,Painteria leptophylla (DC.) Britton & Rose,Painteria leptophylla,Vachellia farnesiana var. farnesiana ,Vachellia farnesiana,Painteria,Vachellia
138421,Astragalus carnosus Pursh,Astragalus crassicarpus Nutt.,Astragalus crassicarpus Nutt.,Astragalus crassicarpus Nutt.,Astragalus crassicarpus,Sophora nuttalliana B.L.Turner,Sophora nuttalliana,Astragalus,Sophora
138892,Acacia fasciculata Kunth,Mimosa benthamii J.F.Macbr.,Mimosa benthamii J.F.Macbr.,Mimosa benthamii J.F.Macbr.,Mimosa benthamii,Calliandra surinamensis Benth.,Calliandra surinamensis,Mimosa,Calliandra
139430,Robinia nicou Aubl.,Deguelia utilis (A.C.Sm.) A.M.G.Azevedo,Deguelia utilis (A.C.Sm.) A.M.G.Azevedo,Deguelia utilis (A.C.Sm.) A.M.G.Azevedo,Deguelia utilis,Lonchocarpus heptaphyllus (Poir.) DC.,Lonchocarpus heptaphyllus,Deguelia,Lonchocarpus
139630,Betencourtia rhynchosioides A.St.-Hil.,Galactia jussiaeana Kunth,Galactia jussiaeana Kunth,Galactia jussiaeana Kunth,Galactia jussiaeana,Betencourtia martii (DC.) L.P.Queiroz,Betencourtia martii,Galactia,Betencourtia
140437,Mimosa blanchetii Benth.,Pithecellobium blanchetii (Benth.) Benth.,Pithecellobium blanchetii (Benth.) Benth.,Blanchetiodendron blanchetii (Benth.) Barneby & J.W.Grimes,Blanchetiodendron blanchetii,Mimosa blanchetii Benth.,Mimosa blanchetii,Blanchetiodendron,Mimosa
141560,Aeschynomene pumila L.,Aeschynomene indica L.,Aeschynomene indica L.,Aeschynomene indica L.,Aeschynomene indica,Neptunia prostrata (Lam.) Baill.,Neptunia prostrata,Aeschynomene,Neptunia
141786,Orobus ochroleucus (Hook.) A.Braun,Vicia sparsiflora Ten.,Vicia sparsiflora Ten.,Vicia sparsiflora Ten.,Vicia sparsiflora,Lathyrus ochroleucus Hook.,Lathyrus ochroleucus,Vicia,Lathyrus
141888,Aeschynomene pauciflora Vogel,Aeschynomene mollicula Kunth,Aeschynomene mollicula Kunth,"Ctenodon molliculus (Kunth) D.B.O.S.Cardoso, Filardi & H.C.Lima",Ctenodon molliculus,Aeschynomene mollicula var. mollicula Kunth,Aeschynomene mollicula,Ctenodon,Aeschynomene
142403,Mimosa terminalis Vell.,Balizia pedicellaris (DC.) Barneby & J.W.Grimes,Balizia pedicellaris (DC.) Barneby & J.W.Grimes,Balizia pedicellaris (DC.) Barneby & J.W.Grimes,Balizia pedicellaris,Albizia polycephala (Benth.) Killip,Albizia polycephala,Balizia,Albizia
142446,Psoralea alnifolia Bertol.,Rhynchosia tomentosa var. tomentosa (L.) Hook. & Arn.,Rhynchosia tomentosa var. tomentosa (L.) Hook. & Arn.,Rhynchosia tomentosa var. tomentosa (L.) Hook. & Arn.,Rhynchosia tomentosa,Cullen americanum Rydb.,Cullen americanum,Rhynchosia,Cullen
142742,Desmodium delicatulum A.Rich.,Desmodium hirtum var. delicatulum (A.Rich.) B.G.Schub.,Desmodium hirtum var. delicatulum (A.Rich.) B.G.Schub.,Desmodium hirtum var. delicatulum (A.Rich.) B.G.Schub.,Desmodium hirtum,Grona hirta var. delicatula (A.Rich.) H.Ohashi & K.Ohashi,Grona hirta,Desmodium,Grona
143564,Phaseolus violaceus Vell.,Vigna luteola (Jacq.) Benth.,Vigna luteola (Jacq.) Benth.,Vigna luteola (Jacq.) Benth.,Vigna luteola,Helicotropis linearis (Kunth) A.Delgado,Helicotropis linearis,Vigna,Helicotropis
146227,Mimosa retusa Jacq.,Senegalia westiana (DC.) Britton & Rose,Senegalia westiana (DC.) Britton & Rose,Senegalia westiana (DC.) Britton & Rose,Senegalia westiana,"Piptadenia retusa (Jacq.) P.G.Ribeiro, Seigler & Ebinger",Piptadenia retusa,Senegalia,Piptadenia
146228,Mimosa carthagenensis Mill.,Acacia retusa (Jacq.) R.A.Howard,Acacia retusa (Jacq.) R.A.Howard,"Piptadenia retusa (Jacq.) P.G.Ribeiro, Seigler & Ebinger",Piptadenia retusa,Senegalia westiana (DC.) Britton & Rose,Senegalia westiana,Piptadenia,Senegalia
146339,Astragalus spicatus Torr. & A.Gray,Oxytropis spicata (Pall.) O.Fedtsch. & B.Fedtsch.,Oxytropis spicata (Pall.) O.Fedtsch. & B.Fedtsch.,Oxytropis spicata (Pall.) O.Fedtsch. & B.Fedtsch.,Oxytropis spicata,Astragalus accidens var. hendersonii M.E.Jones,Astragalus accidens,Oxytropis,Astragalus
146450,Collaea decumbens Benth.,Galactia decumbens Hoehne,Galactia decumbens Hoehne,Galactia decumbens Hoehne,Galactia decumbens,Cerradicola decumbens (Benth.) L.P.Queiroz,Cerradicola decumbens,Galactia,Cerradicola
147832,Bauhinia punctata Bolle,Schnella anamesa (J.F.Macbr.) Wunderlin,Schnella anamesa (J.F.Macbr.) Wunderlin,Schnella anamesa (J.F.Macbr.) Wunderlin,Schnella anamesa,Bauhinia galpinii N.E.Br.,Bauhinia galpinii,Schnella,Bauhinia
147862,Aeschynomene mollicula var. mollicula Kunth,Aeschynomene mollicula Kunth,Aeschynomene mollicula Kunth,"Ctenodon molliculus (Kunth) D.B.O.S.Cardoso, Filardi & H.C.Lima",Ctenodon molliculus,Aeschynomene mollicula var. mollicula Kunth,Aeschynomene mollicula,Ctenodon,Aeschynomene
148329,Peltogyne confertiflora (Mart. ex Hayne) Benth.,Peltogyne venosa (Vahl) Benth.,Peltogyne venosa (Vahl) Benth.,Peltogyne venosa (Vahl) Benth.,Peltogyne venosa,Hymenaea courbaril L.,Hymenaea courbaril,Peltogyne,Hymenaea
148483,Gleditsia inermis L.,Gleditsia triacanthos L.,Gleditsia triacanthos L.,Gleditsia triacanthos L.,Gleditsia triacanthos,Vachellia leucophloea var. leucophloea ,Vachellia leucophloea,Gleditsia,Vachellia
149228,Acaciopsis californica (Brandegee) Britton & Rose,Acacia pringlei subsp. californica (Brandegee) Y.S.Lee & al.,Acacia pringlei subsp. californica (Brandegee) Y.S.Lee & al.,Acacia pringlei subsp. californica (Brandegee) Y.S.Lee & al.,Acacia pringlei,Vachellia californica (Brandegee) Seigler & Ebinger,Vachellia californica,Acacia,Vachellia
149633,Phaseolus truxillensis Kunth,Leptospron adenanthum (G.Mey.) A.Delgado,Leptospron adenanthum (G.Mey.) A.Delgado,Leptospron adenanthum (G.Mey.) A.Delgado,Leptospron adenanthum,Vigna truxillensis (Kunth) N.Zamora,Vigna truxillensis,Leptospron,Vigna
150206,Lotus siliquosus L.,Lotus maritimus L.,Lotus maritimus L.,Lotus maritimus L.,Lotus maritimus,Lathyrus inconspicuus var. inconspicuus ,Lathyrus inconspicuus,Lotus,Lathyrus
151228,Lotononis hirsuta (Thunb.) D.Dietr.,Lotononis wilmsii Dümmer,Lotononis wilmsii Dümmer,Lotononis wilmsii Dümmer,Lotononis wilmsii,Euchlora hirsuta (Thunb.) Druce,Euchlora hirsuta,Lotononis,Euchlora
151503,Albizia dubia Britton & Killip,Abarema barbouriana (Standl.) Barneby & J.W.Grimes,Abarema barbouriana (Standl.) Barneby & J.W.Grimes,"Jupunba barbouriana (Standl.) M.V.B.Soares, M.P.Morim & Iganci",Jupunba barbouriana,Abarema barbouriana var. barbouriana (Standl.) Barneby & J.W.Grimes,Abarema barbouriana,Jupunba,Abarema
151560,Jupunba abbottii (Rose & Leonard) Britton & Rose,Abarema abbottii (Rose & Leonard) Barneby & J.W.,Abarema abbottii (Rose & Leonard) Barneby & J.W.,Abarema abbottii (Rose & Leonard) Barneby & J.W.,Abarema abbottii,Jupunba abbottii (Rose & Leonard) Britton & Rose,Jupunba abbottii,Abarema,Jupunba
151696,Glycine pentandra Spreng.,Teramnus labialis subsp. labialis (L.f.) Spreng.,Teramnus labialis subsp. labialis (L.f.) Spreng.,Teramnus labialis subsp. labialis (L.f.) Spreng.,Teramnus labialis,Ophrestia hedysaroides (Willd.) Verdc.,Ophrestia hedysaroides,Teramnus,Ophrestia
152349,Millettia pilipes F.M.Bailey,Callerya pilipes (Bailey) Schot,Callerya pilipes (Bailey) Schot,Callerya pilipes (Bailey) Schot,Callerya pilipes,Austrocallerya pilipes (F.M.Bailey) J.Compton & Schrire,Austrocallerya pilipes,Callerya,Austrocallerya
152558,Caesalpinia robusta (C.T.White) Pedley,Mezoneuron robustum C.T.White,Mezoneuron robustum C.T.White,Mezoneuron robustum C.T.White,Mezoneuron robustum,Guilandina robusta (C.T.White) G.P.Lewis,Guilandina robusta,Mezoneuron,Guilandina
154949,Astragalus creticus subsp. rumelicus (Bunge) Maire,Astracantha rumelica subsp. rumelica (Bunge) Reer & Podlech,Astracantha rumelica subsp. rumelica (Bunge) Reer & Podlech,Astracantha rumelica subsp. rumelica (Bunge) Reer & Podlech,Astracantha rumelica,Astragalus rumelicus Bunge,Astragalus rumelicus,Astracantha,Astragalus
155779,Astragalus lapponicus Schischk.,Oxytropis lapponica (Wahlenb.) J.Gay,Oxytropis lapponica (Wahlenb.) J.Gay,Oxytropis lapponica (Wahlenb.) J.Gay,Oxytropis lapponica,Astragalus norvegicus Weber,Astragalus norvegicus,Oxytropis,Astragalus
156058,Campylotropis virgata Miq.,Campylotropis cytisoides (Jungh.) Miq.,Campylotropis cytisoides (Jungh.) Miq.,Campylotropis cytisoides (Jungh.) Miq.,Campylotropis cytisoides,Lespedeza cyrtobotrya Miq.,Lespedeza cyrtobotrya,Campylotropis,Lespedeza
156091,Hedysarum pilosum Roxb. ex Wight & Arn.,Lespedeza pilosa (Thunb.) Siebold & Zucc.,Lespedeza pilosa (Thunb.) Siebold & Zucc.,Lespedeza pilosa (Thunb.) Siebold & Zucc.,Lespedeza pilosa,Grona styracifolia (Osbeck) H.Ohashi & K.Ohashi,Grona styracifolia,Lespedeza,Grona
156444,Clitoria tetragona Poir. ex DC.,Periandra coccinea (Schrad.) Benth.,Periandra coccinea (Schrad.) Benth.,Periandra coccinea (Schrad.) Benth.,Periandra coccinea,Clitoria falcata var. falcata ,Clitoria falcata,Periandra,Clitoria
156862,Millettia obovata Gagnep.,Callerya cinerea (Benth.) Schot,Callerya cinerea (Benth.) Schot,Callerya cinerea (Benth.) Schot,Callerya cinerea,Millettia pachyloba Drake,Millettia pachyloba,Callerya,Millettia
157685,Abarema curvicarpa var. curvicarpa (H.S.Irwin) Barneby & J.W.Grime,Abarema curvicarpa (H.S.Irwin) Barneby & J.W.Grimes,Abarema curvicarpa (H.S.Irwin) Barneby & J.W.Grimes,"Jupunba curvicarpa (H.S.Irwin) M.V.B.Soares, M.P.Morim & Iganci",Jupunba curvicarpa,Abarema curvicarpa var. curvicarpa (H.S.Irwin) Barneby & J.W.Grime,Abarema curvicarpa,Jupunba,Abarema
157696,Abarema barbouriana var. barbouriana (Standl.) Barneby & J.W.Grimes,Abarema barbouriana (Standl.) Barneby & J.W.Grimes,Abarema barbouriana (Standl.) Barneby & J.W.Grimes,"Jupunba barbouriana (Standl.) M.V.B.Soares, M.P.Morim & Iganci",Jupunba barbouriana,Abarema barbouriana var. barbouriana (Standl.) Barneby & J.W.Grimes,Abarema barbouriana,Jupunba,Abarema
157704,Abarema leucophylla var. leucophylla (Benth.) Barneby & J.W.Grimes,Abarema leucophylla (Spruce ex Benth.) Barneby & J.W.Grimes,Abarema leucophylla (Spruce ex Benth.) Barneby & J.W.Grimes,"Jupunba leucophylla (Spruce ex Benth.) M.V.B.Soares, M.P.Morim & Iganci",Jupunba leucophylla,Abarema leucophylla var. leucophylla (Benth.) Barneby & J.W.Grimes,Abarema leucophylla,Jupunba,Abarema
157795,Pithecellobium inundatum Mart.,Zygia inundata (Ducke) H.C.Lima ex Barneby & J.W.Grimes,Zygia inundata (Ducke) H.C.Lima ex Barneby & J.W.Grimes,Inga inundata Ducke,Inga inundata,Abarema cochleata var. cochleata (Willd.) Barneby & J.W.Grimes,Abarema cochleata,Inga,Abarema
157837,Abarema cochleata var. cochleata (Willd.) Barneby & J.W.Grimes,Abarema cochleata (Willd.) Barneby & J.W.Grimes,Abarema cochleata (Willd.) Barneby & J.W.Grimes,"Jupunba cochleata (Willd.) M.V.B.Soares, M.P.Morim & Iganci",Jupunba cochleata,Abarema cochleata var. cochleata (Willd.) Barneby & J.W.Grimes,Abarema cochleata,Jupunba,Abarema
158681,Glycine ferruginea Graham,Harashuteria hirsuta (Baker) K.Ohashi & H.Ohashi,Harashuteria hirsuta (Baker) K.Ohashi & H.Ohashi,Harashuteria hirsuta (Baker) K.Ohashi & H.Ohashi,Harashuteria hirsuta,Amphicarpaea ferruginea Benth.,Amphicarpaea ferruginea,Harashuteria,Amphicarpaea
158693,Glycine monophylla Burm.f.,Psoralea monophylla (L.) C.H.Stirt.,Psoralea monophylla (L.) C.H.Stirt.,Psoralea monophylla (L.) C.H.Stirt.,Psoralea monophylla,Eleiotis sororia (L.) DC.,Eleiotis sororia,Psoralea,Eleiotis
160439,Ormosia acuminata Graham,Ormosia fordiana Oliv.,Ormosia fordiana Oliv.,Ormosia fordiana Oliv.,Ormosia fordiana,Sophora benthamii Steenis,Sophora benthamii,Ormosia,Sophora
161157,Dolichos trilobus Lour.,Pueraria montana var. lobata (Willd.) Maesen & S.M.Almeida ex Sanjappa & Predeep,Pueraria montana var. lobata (Willd.) Maesen & S.M.Almeida ex Sanjappa & Predeep,Pueraria montana var. lobata (Willd.) Maesen & S.M.Almeida ex Sanjappa & Predeep,Pueraria montana,Pachyrhizus erosus (L.) Urb.,Pachyrhizus erosus,Pueraria,Pachyrhizus
161931,Hedysarum fruticosum subsp. laeve (Maxim.) B.Fedtsch.,Hedysarum fruticosum var. laeve (Maxim.) H.C.Fu,Hedysarum fruticosum var. laeve (Maxim.) H.C.Fu,Hedysarum fruticosum var. laeve (Maxim.) H.C.Fu,Hedysarum fruticosum,Corethrodendron lignosum var. laeve (Maxim.) L.R.Xu & B.H.Choi,Corethrodendron lignosum,Hedysarum,Corethrodendron
162010,Derris dalbergioides Baker,Derris microphylla (Miq.) Backer,Derris microphylla (Miq.) Backer,Derris microphylla (Miq.) Backer,Derris microphylla,Brachypterum microphyllum Miq.,Brachypterum microphyllum,Derris,Brachypterum
162572,Bauhinia caterviflora H.Y.Chen,Bauhinia glauca subsp. tenuiflora (C.B.Clarke) K.Larsen & S.S.Lar,Bauhinia glauca subsp. tenuiflora (C.B.Clarke) K.Larsen & S.S.Lar,Bauhinia glauca subsp. tenuiflora (C.B.Clarke) K.Larsen & S.S.Lar,Bauhinia glauca,Cheniella tenuiflora (Watt ex C.B.Clarke) R.Clark & Mackinder,Cheniella tenuiflora,Bauhinia,Cheniella
162756,Acacia macrocephala var. siamensis Craib,Acacia pseudo-intsia Miq.,Acacia pseudo-intsia Miq.,Acacia pseudo-intsia Miq.,Acacia pseudo-intsia,"Senegalia pseudointsia (Miq.) Maslin, Seigler & Ebinger",Senegalia pseudointsia,Acacia,Senegalia
162916,Crotalaria linifolia var. angustifolia Gagnep.,Calobota angustifolia (E.Mey.) Boatwr. & B.-E.van Wyk,Calobota angustifolia (E.Mey.) Boatwr. & B.-E.van Wyk,Calobota angustifolia (E.Mey.) Boatwr. & B.-E.van Wyk,Calobota angustifolia,Crotalaria montana var. montana Roth,Crotalaria montana,Calobota,Crotalaria
163154,Desmodium virgatum (Thunb.) Poir.,Desmodium velutinum (Willd.) DC.,Desmodium velutinum (Willd.) DC.,Polhillides velutina (Willd.) H.Ohashi & K.Ohashi,Polhillides velutina,Lespedeza virgata (Thunb.) DC.,Lespedeza virgata,Polhillides,Lespedeza
163850,Acacia pruinosa A.Cunn. ex Benth.,Pararchidendron pruinosum (A.Cunn. ex Benth.) I.C.Nielsen,Pararchidendron pruinosum (A.Cunn. ex Benth.) I.C.Nielsen,Pararchidendron pruinosum (A.Cunn. ex Benth.) I.C.Nielsen,Pararchidendron pruinosum,Acacia pruinosa A.Cunn. ex Benth.,Acacia pruinosa,Pararchidendron,Acacia
163852,Racosperma pruinosum (A.Cunn. ex Benth.) Pedley,Pararchidendron pruinosum (A.Cunn. ex Benth.) I.C.Nielsen,Pararchidendron pruinosum (A.Cunn. ex Benth.) I.C.Nielsen,Pararchidendron pruinosum (A.Cunn. ex Benth.) I.C.Nielsen,Pararchidendron pruinosum,Acacia pruinosa A.Cunn. ex Benth.,Acacia pruinosa,Pararchidendron,Acacia
163853,Acacia spectabilis var. stuartii Benth.,Pararchidendron pruinosum (A.Cunn. ex Benth.) I.C.Nielsen,Pararchidendron pruinosum (A.Cunn. ex Benth.) I.C.Nielsen,Pararchidendron pruinosum (A.Cunn. ex Benth.) I.C.Nielsen,Pararchidendron pruinosum,Acacia pruinosa A.Cunn. ex Benth.,Acacia pruinosa,Pararchidendron,Acacia
166703,Mimosa edulis Poir.,Pithecellobium dulce (Roxb.) Benth.,Pithecellobium dulce (Roxb.) Benth.,Pithecellobium dulce (Roxb.) Benth.,Pithecellobium dulce,Vachellia farnesiana var. farnesiana ,Vachellia farnesiana,Pithecellobium,Vachellia
166717,Leucaena glauca Benth.,Leucaena leucocephala subsp. leucocephala (Lam.) de Wit,Leucaena leucocephala subsp. leucocephala (Lam.) de Wit,Leucaena leucocephala subsp. leucocephala (Lam.) de Wit,Leucaena leucocephala,Acaciella glauca (L.) L.Rico,Acaciella glauca,Leucaena,Acaciella
167204,Hedysarum latifolium Wall.,Desmodium velutinum (Willd.) DC.,Desmodium velutinum (Willd.) DC.,Polhillides velutina (Willd.) H.Ohashi & K.Ohashi,Polhillides velutina,Sohmaea laxiflora (DC.) H.Ohashi & K.Ohashi,Sohmaea laxiflora,Polhillides,Sohmaea
167695,Brachypterum microphyllum Miq.,Derris microphylla (Miq.) Backer,Derris microphylla (Miq.) Backer,Derris microphylla (Miq.) Backer,Derris microphylla,Brachypterum microphyllum Miq.,Brachypterum microphyllum,Derris,Brachypterum
168027,Bauhinia parvifolia (Teijsm. & Binn.) Teijsm. & Binn.,Bauhinia corymbosa Roxb.,Bauhinia corymbosa Roxb.,Bauhinia corymbosa Roxb.,Bauhinia corymbosa,Cheniella corymbosa (Roxb. ex DC.) R.Clark & Mackinder,Cheniella corymbosa,Bauhinia,Cheniella
168035,Bauhinia mirabilis Merr.,Phanera yunnanensis (Franch.) Wunderlin,Phanera yunnanensis (Franch.) Wunderlin,Phanera yunnanensis (Franch.) Wunderlin,Phanera yunnanensis,Bauhinia diptera Blume ex Miq.,Bauhinia diptera,Phanera,Bauhinia
168036,Phanera diptera (Blume ex Miq.) Miq.,Phanera yunnanensis (Franch.) Wunderlin,Phanera yunnanensis (Franch.) Wunderlin,Phanera yunnanensis (Franch.) Wunderlin,Phanera yunnanensis,Bauhinia diptera Blume ex Miq.,Bauhinia diptera,Phanera,Bauhinia
168037,Bracteolanthus dipterus (Blume ex Miq.) de Wit,Phanera yunnanensis (Franch.) Wunderlin,Phanera yunnanensis (Franch.) Wunderlin,Phanera yunnanensis (Franch.) Wunderlin,Phanera yunnanensis,Bauhinia diptera Blume ex Miq.,Bauhinia diptera,Phanera,Bauhinia
168298,Codariocalyx conicus (Poir.) Hassk.,Codariocalyx gyroides Hassk.,Codariocalyx gyroides Hassk.,Codariocalyx gyroides Hassk.,Codariocalyx gyroides,Grona styracifolia (Osbeck) H.Ohashi & K.Ohashi,Grona styracifolia,Codariocalyx,Grona
171493,Peltophorum linnaei Benth.,Coulteria cubensis (Greenm.) Sotuyo & G.P.Lewis,Coulteria cubensis (Greenm.) Sotuyo & G.P.Lewis,Coulteria cubensis (Greenm.) Sotuyo & G.P.Lewis,Coulteria cubensis,Caesalpinia brasiliensis L.,Caesalpinia brasiliensis,Coulteria,Caesalpinia
171644,Hedysarum lineatum Michx.,Dendrolobium triangulare (Retz.) Schindl.,Dendrolobium triangulare (Retz.) Schindl.,Dendrolobium triangulare (Retz.) Schindl.,Dendrolobium triangulare,Desmodium lineatum DC.,Desmodium lineatum,Dendrolobium,Desmodium
173759,Tetragonolobus siliquosus Roth,Lotus maritimus L.,Lotus maritimus L.,Lotus maritimus L.,Lotus maritimus,Lathyrus inconspicuus var. inconspicuus ,Lathyrus inconspicuus,Lotus,Lathyrus
174824,Genista tricuspidata subsp. duriaei (Spach) Batt.,Genista tricuspidata Desf.,Genista tricuspidata Desf.,Genista tricuspidata Desf.,Genista tricuspidata,Retama raetam subsp. bovei (Spach) Talavera & P.E.Gibbs,Retama raetam,Genista,Retama
175127,Cytisus purgans (L.) Boiss.,"Cytisus oromediterraneus Rivas Mart., T.E.Díaz, Fern.Prieto, Loidi & Penas","Cytisus oromediterraneus Rivas Mart., T.E.Díaz, Fern.Prieto, Loidi & Penas","Cytisus oromediterraneus Rivas Mart., T.E.Díaz, Fern.Prieto, Loidi & Penas",Cytisus oromediterraneus,Genista scorpius subsp. scorpius (L.) DC.,Genista scorpius,Cytisus,Genista
180144,Ixora roxburghii Kuntze,Pavetta indica L.,Pavetta indica L.,Pavetta indica L.,Pavetta indica,Ixora roxburghii Kuntze,Ixora roxburghii,Pavetta,Ixora
196586,Mapouria chionantha (DC.) Müll.Arg.,Psychotria guianensis (Aubl.) Rusby,Psychotria guianensis (Aubl.) Rusby,Palicourea guianensis Aubl.,Palicourea guianensis,Psychotria pedunculosa Rich.,Psychotria pedunculosa,Palicourea,Psychotria
196609,Mapouria guianensis Aubl.,Psychotria guianensis (Aubl.) Rusby,Psychotria guianensis (Aubl.) Rusby,Palicourea guianensis Aubl.,Palicourea guianensis,Psychotria guianensis (Aubl.) Clos,Psychotria guianensis,Palicourea,Psychotria
196625,Mapouria luschnathiana Müll.Arg.,Psychotria guianensis (Aubl.) Rusby,Psychotria guianensis (Aubl.) Rusby,Palicourea guianensis Aubl.,Palicourea guianensis,Psychotria pedunculosa Rich.,Psychotria pedunculosa,Palicourea,Psychotria
196626,Mapouria luschnathii Müll.Arg.,Psychotria guianensis (Aubl.) Rusby,Psychotria guianensis (Aubl.) Rusby,Palicourea guianensis Aubl.,Palicourea guianensis,Psychotria pedunculosa Rich.,Psychotria pedunculosa,Palicourea,Psychotria
196652,Mapouria opaca Bremek.,Psychotria guianensis (Aubl.) Rusby,Psychotria guianensis (Aubl.) Rusby,Palicourea guianensis Aubl.,Palicourea guianensis,Psychotria pedunculosa Rich.,Psychotria pedunculosa,Palicourea,Psychotria
208778,Myrtus moraviana Kuntze,Luma apiculata (DC.) Burret,Luma apiculata (DC.) Burret,Luma apiculata (DC.) Burret,Luma apiculata,Eugenia modesta DC.,Eugenia modesta,Luma,Eugenia
214658,Oldenlandia paniculata L.,Leptopetalum biflorum (L.) Neupane & N.Wikstr.,Leptopetalum biflorum (L.) Neupane & N.Wikstr.,Leptopetalum biflorum (L.) Neupane & N.Wikstr.,Leptopetalum biflorum,Oldenlandia paniculata L.,Oldenlandia paniculata,Leptopetalum,Oldenlandia
217088,Aralia japonica (T.Nees) Makino,Aralia elata var. elata ,Aralia elata var. elata ,Aralia elata var. elata ,Aralia elata,Panax japonicus (T.Nees) C.A.Mey.,Panax japonicus,Aralia,Panax
217264,Aralia longifolia (Blume) Reinw. ex de Vriese,Oreopanax capitatus (Jacq.) Decne. & Planch.,Oreopanax capitatus (Jacq.) Decne. & Planch.,Oreopanax capitatus (Jacq.) Decne. & Planch.,Oreopanax capitatus,Heptapleurum longifolium (Blume) Seem.,Heptapleurum longifolium,Oreopanax,Heptapleurum
221342,Palicourea chionantha DC.,Psychotria guianensis (Aubl.) Rusby,Psychotria guianensis (Aubl.) Rusby,Palicourea guianensis Aubl.,Palicourea guianensis,Psychotria pedunculosa Rich.,Psychotria pedunculosa,Palicourea,Psychotria
226025,Petesia carnosa Hook. & Arn.,Bikkia tetrandra (G.Forst.) A.Rich.,Bikkia tetrandra (G.Forst.) A.Rich.,Bikkia tetrandra (G.Forst.) A.Rich.,Bikkia tetrandra,Kadua romanzoffiensis Cham. & Schltdl.,Kadua romanzoffiensis,Bikkia,Kadua
242159,Asperula alpigena Schur,Asperula cynanchica subsp. cynanchica ,Asperula cynanchica subsp. cynanchica ,Asperula cynanchica subsp. cynanchica ,Asperula cynanchica,Cynanchica pyrenaica subsp. cynanchica (L.) P.Caputo & Del Guacchio,Cynanchica pyrenaica,Asperula,Cynanchica
242167,Asperula alpina M.Bieb.,Asperula cynanchica subsp. cynanchica ,Asperula cynanchica subsp. cynanchica ,Asperula cynanchica subsp. cynanchica ,Asperula cynanchica,Cynanchica pyrenaica subsp. cynanchica (L.) P.Caputo & Del Guacchio,Cynanchica pyrenaica,Asperula,Cynanchica
242231,Asperula arenicola Reut.,Asperula cynanchica subsp. cynanchica ,Asperula cynanchica subsp. cynanchica ,Asperula cynanchica subsp. cynanchica ,Asperula cynanchica,Cynanchica pyrenaica subsp. cynanchica (L.) P.Caputo & Del Guacchio,Cynanchica pyrenaica,Asperula,Cynanchica
242592,Asperula bazargiciensis Prodan,Asperula cynanchica subsp. cynanchica ,Asperula cynanchica subsp. cynanchica ,Asperula cynanchica subsp. cynanchica ,Asperula cynanchica,Cynanchica pyrenaica subsp. cynanchica (L.) P.Caputo & Del Guacchio,Cynanchica pyrenaica,Asperula,Cynanchica
242881,Asperula capillacea R.Vilm. ex Kerguélen,Asperula cynanchica subsp. cynanchica ,Asperula cynanchica subsp. cynanchica ,Asperula cynanchica subsp. cynanchica ,Asperula cynanchica,Cynanchica pyrenaica subsp. cynanchica (L.) P.Caputo & Del Guacchio,Cynanchica pyrenaica,Asperula,Cynanchica
242928,Psychotria chionantha Britton,Psychotria guianensis (Aubl.) Rusby,Psychotria guianensis (Aubl.) Rusby,Palicourea guianensis Aubl.,Palicourea guianensis,Psychotria pedunculosa Rich.,Psychotria pedunculosa,Palicourea,Psychotria
243258,Asperula cynanchica var. ansotana P.Monts. & L.Villar,Asperula cynanchica subsp. cynanchica ,Asperula cynanchica subsp. cynanchica ,Asperula cynanchica subsp. cynanchica ,Asperula cynanchica,Cynanchica pyrenaica subsp. cynanchica (L.) P.Caputo & Del Guacchio,Cynanchica pyrenaica,Asperula,Cynanchica
243269,Asperula cynanchica subsp. brachysiphon (Lange) O.Bolòs & Vigo,Asperula cynanchica subsp. cynanchica ,Asperula cynanchica subsp. cynanchica ,Asperula cynanchica subsp. cynanchica ,Asperula cynanchica,Cynanchica pyrenaica subsp. cynanchica (L.) P.Caputo & Del Guacchio,Cynanchica pyrenaica,Asperula,Cynanchica
243352,Asperula cynanchica var. ebusitana O.Bolòs & Vigo,Asperula cynanchica subsp. cynanchica ,Asperula cynanchica subsp. cynanchica ,Asperula cynanchica subsp. cynanchica ,Asperula cynanchica,Cynanchica pyrenaica subsp. cynanchica (L.) P.Caputo & Del Guacchio,Cynanchica pyrenaica,Asperula,Cynanchica
243728,Psychotria indulgens Rusby,Psychotria santamartensis Rusby,Psychotria santamartensis Rusby,Psychotria santamartensis Rusby,Psychotria santamartensis,"Rudgea sanmartensis (Rusby) C.M.Taylor, Bruniera & Zappi",Rudgea sanmartensis,Psychotria,Rudgea
244061,Psychotria luschnathii Klotzsch ex Mart.,Psychotria guianensis (Aubl.) Rusby,Psychotria guianensis (Aubl.) Rusby,Palicourea guianensis Aubl.,Palicourea guianensis,Psychotria pedunculosa Rich.,Psychotria pedunculosa,Palicourea,Psychotria
244137,Psychotria mapourioides var. opaca (Bremek.) Steyerm.,Psychotria guianensis (Aubl.) Rusby,Psychotria guianensis (Aubl.) Rusby,Palicourea guianensis Aubl.,Palicourea guianensis,Psychotria pedunculosa Rich.,Psychotria pedunculosa,Palicourea,Psychotria
244138,Psychotria mapourioides var. tobagensis (Urb.) Steyerm.,Psychotria guianensis (Aubl.) Rusby,Psychotria guianensis (Aubl.) Rusby,Palicourea guianensis Aubl.,Palicourea guianensis,Psychotria pedunculosa Rich.,Psychotria pedunculosa,Palicourea,Psychotria
244248,Asperula heteroclada Hausskn.,Asperula cynanchica subsp. cynanchica ,Asperula cynanchica subsp. cynanchica ,Asperula cynanchica subsp. cynanchica ,Asperula cynanchica,Cynanchica pyrenaica subsp. cynanchica (L.) P.Caputo & Del Guacchio,Cynanchica pyrenaica,Asperula,Cynanchica
244282,Psychotria morindoides (A.Rich.) Lemée,Ronabea latifolia Aubl.,Ronabea latifolia Aubl.,Ronabea latifolia Aubl.,Ronabea latifolia,"Appunia morindoides (A.Rich. ex DC.) Delprete, C.M.Taylor & T.McDowell",Appunia morindoides,Ronabea,Appunia
244395,Psychotria novoguineensis Warb. ex Valeton,Psychotria apiculata Müll.Arg.,Psychotria apiculata Müll.Arg.,Palicourea apiculata (Müll.Arg.) C.M.Taylor,Palicourea apiculata,Psychotria warburgiana A.P.Davis,Psychotria warburgiana,Palicourea,Psychotria
244770,Asperula lilaciflora var. caespitosa Boiss.,Asperula lilaciflora Boiss.,Asperula lilaciflora Boiss.,Cynanchica lilaciflora (Boiss.) P.Caputo & Del Guacchio,Cynanchica lilaciflora,Asperula lilaciflora subsp. lilaciflora ,Asperula lilaciflora,Cynanchica,Asperula
244891,Psychotria rhodocarpa Teijsm. & Binn.,Psychotria sangeana (Miq.) Merr.,Psychotria sangeana (Miq.) Merr.,Pavetta sylvatica Blume,Pavetta sylvatica,"Eumachia horsfieldiana (Miq.) Barrabé, C.M.Taylor & Razafim.",Eumachia horsfieldiana,Pavetta,Eumachia
244996,Psychotria salicifolia Schltr.,Palicourea attenuata Rusby,Palicourea attenuata Rusby,Palicourea attenuata Rusby,Palicourea attenuata,Psychotria hootmawaapensis Barrabé & J.Florence,Psychotria hootmawaapensis,Palicourea,Psychotria
245032,Asperula macroclada A.Huet,Asperula cynanchica subsp. cynanchica ,Asperula cynanchica subsp. cynanchica ,Asperula cynanchica subsp. cynanchica ,Asperula cynanchica,Cynanchica pyrenaica subsp. cynanchica (L.) P.Caputo & Del Guacchio,Cynanchica pyrenaica,Asperula,Cynanchica
245168,Asperula minor Gray,Asperula cynanchica subsp. cynanchica ,Asperula cynanchica subsp. cynanchica ,Asperula cynanchica subsp. cynanchica ,Asperula cynanchica,Cynanchica pyrenaica subsp. cynanchica (L.) P.Caputo & Del Guacchio,Cynanchica pyrenaica,Asperula,Cynanchica
245228,Asperula multiflora Lapeyr.,Asperula cynanchica subsp. cynanchica ,Asperula cynanchica subsp. cynanchica ,Asperula cynanchica subsp. cynanchica ,Asperula cynanchica,Cynanchica pyrenaica subsp. cynanchica (L.) P.Caputo & Del Guacchio,Cynanchica pyrenaica,Asperula,Cynanchica
245383,Psychotria tobagensis Urb.,Psychotria guianensis (Aubl.) Rusby,Psychotria guianensis (Aubl.) Rusby,Palicourea guianensis Aubl.,Palicourea guianensis,Psychotria pedunculosa Rich.,Psychotria pedunculosa,Palicourea,Psychotria
245430,Psychotria trinitensis Urb.,Psychotria guianensis (Aubl.) Rusby,Psychotria guianensis (Aubl.) Rusby,Palicourea guianensis Aubl.,Palicourea guianensis,Psychotria pedunculosa Rich.,Psychotria pedunculosa,Palicourea,Psychotria
246186,Asperula rubeola Gratel.,Asperula cynanchica subsp. cynanchica ,Asperula cynanchica subsp. cynanchica ,Asperula cynanchica subsp. cynanchica ,Asperula cynanchica,Cynanchica pyrenaica subsp. cynanchica (L.) P.Caputo & Del Guacchio,Cynanchica pyrenaica,Asperula,Cynanchica
246197,Asperula rubeola Lam.,Asperula cynanchica subsp. cynanchica ,Asperula cynanchica subsp. cynanchica ,Asperula cynanchica subsp. cynanchica ,Asperula cynanchica,Cynanchica pyrenaica subsp. cynanchica (L.) P.Caputo & Del Guacchio,Cynanchica pyrenaica,Asperula,Cynanchica
246375,Asperula semiamicta Klokov,Asperula cynanchica subsp. cynanchica ,Asperula cynanchica subsp. cynanchica ,Asperula cynanchica subsp. cynanchica ,Asperula cynanchica,Cynanchica pyrenaica subsp. cynanchica (L.) P.Caputo & Del Guacchio,Cynanchica pyrenaica,Asperula,Cynanchica
246418,Asperula setulosa Boiss.,Asperula graveolens subsp. graveolens ,Asperula graveolens subsp. graveolens ,Asperula graveolens subsp. graveolens ,Asperula graveolens,Cynanchica setulosa (Boiss.) P.Caputo & Del Guacchio,Cynanchica setulosa,Asperula,Cynanchica
246633,Asperula stricta var. longifolia Boiss.,Asperula stricta Boiss.,Asperula stricta Boiss.,Cynanchica stricta (Boiss.) P.Caputo & Del Guacchio,Cynanchica stricta,Asperula stricta subsp. stricta ,Asperula stricta,Cynanchica,Asperula
246665,Asperula stricta subsp. pruinosa Ehrend.,Asperula stricta Boiss.,Asperula stricta Boiss.,Cynanchica stricta (Boiss.) P.Caputo & Del Guacchio,Cynanchica stricta,Asperula stricta subsp. stricta ,Asperula stricta,Cynanchica,Asperula
246753,Asperula subalpina Schur,Asperula cynanchica subsp. cynanchica ,Asperula cynanchica subsp. cynanchica ,Asperula cynanchica subsp. cynanchica ,Asperula cynanchica,Cynanchica pyrenaica subsp. cynanchica (L.) P.Caputo & Del Guacchio,Cynanchica pyrenaica,Asperula,Cynanchica
246970,Asperula tenuiflora Jord.,Asperula cynanchica subsp. cynanchica ,Asperula cynanchica subsp. cynanchica ,Asperula cynanchica subsp. cynanchica ,Asperula cynanchica,Cynanchica pyrenaica subsp. cynanchica (L.) P.Caputo & Del Guacchio,Cynanchica pyrenaica,Asperula,Cynanchica
247074,Asperula trabutii Sennen,Asperula cynanchica subsp. cynanchica ,Asperula cynanchica subsp. cynanchica ,Asperula cynanchica subsp. cynanchica ,Asperula cynanchica,Cynanchica pyrenaica subsp. cynanchica (L.) P.Caputo & Del Guacchio,Cynanchica pyrenaica,Asperula,Cynanchica
254563,Ronabea didymocarpos A.Rich. ex DC.,Psychotria bahiensis DC.,Psychotria bahiensis DC.,Psychotria bahiensis DC.,Psychotria bahiensis,Palicourea didymocarpa Griseb.,Palicourea didymocarpa,Psychotria,Palicourea
254569,Ronabea morindoides A.Rich. ex DC.,Ronabea latifolia Aubl.,Ronabea latifolia Aubl.,Ronabea latifolia Aubl.,Ronabea latifolia,"Appunia morindoides (A.Rich. ex DC.) Delprete, C.M.Taylor & T.McDowell",Appunia morindoides,Ronabea,Appunia
255686,Rudgea chiriquiensis Dwyer,Psychotria nebulosa K.Krause,Psychotria nebulosa K.Krause,Psychotria nebulosa K.Krause,Psychotria nebulosa,Palicourea horquetensis (Dwyer & M.V.Hayden) A.C.Berger & C.M.Taylor,Palicourea horquetensis,Psychotria,Palicourea
260156,Sarcocephalus bartlirgii Miq.,Nauclea orientalis L.,Nauclea orientalis L.,Nauclea orientalis L.,Nauclea orientalis,Neonauclea bartlingii Merr.,Neonauclea bartlingii,Nauclea,Neonauclea
266830,Sideroxylon adolfi-friedericii Engl.,Pouteria adolfi-friedericii (Engl.) A.Meeuse,Pouteria adolfi-friedericii (Engl.) A.Meeuse,Pouteria adolfi-friedericii (Engl.) A.Meeuse,Pouteria adolfi-friedericii,Aningeria adolfi-friederici (Engl.) Robyns & Gilbert,Aningeria adolfi-friederici,Pouteria,Aningeria
267518,Sipanea palustris (A.Rich. ex DC.) J.H.Kirkbr.,Sipanea wilson-brownei R.S.Cowan,Sipanea wilson-brownei R.S.Cowan,Sipanea wilson-brownei R.S.Cowan,Sipanea wilson-brownei,Neobertiera palustris (A.Rich. ex DC.) Delprete,Neobertiera palustris,Sipanea,Neobertiera
268430,Spermacoce affinis Pohl ex DC.,Mitracarpus hirtus DC.,Mitracarpus hirtus DC.,Mitracarpus hirtus DC.,Mitracarpus hirtus,Spermacoce affinis (DC.) R.M.Salas,Spermacoce affinis,Mitracarpus,Spermacoce
268578,Spermacoce distans Kunth,Hexasepalum apiculatum (Willd. ex Roem. & Schult.) Delprete & J.H.Kirkbr.,Hexasepalum apiculatum (Willd. ex Roem. & Schult.) Delprete & J.H.Kirkbr.,Hexasepalum apiculatum (Willd. ex Roem. & Schult.) Delprete & J.H.Kirkbr.,Hexasepalum apiculatum,Spermacoce capitata Ruiz & Pav.,Spermacoce capitata,Hexasepalum,Spermacoce
268948,Spermacoce spinosa L.,Spermacoce tenuior L.,Spermacoce tenuior L.,Spermacoce tenuior L.,Spermacoce tenuior,Hexasepalum sarmentosum (Sw.) Delprete & J.H.Kirkbr.,Hexasepalum sarmentosum,Spermacoce,Hexasepalum
272363,Bancalus cordatus Kuntze,Nauclea orientalis L.,Nauclea orientalis L.,Nauclea orientalis L.,Nauclea orientalis,Neonauclea excelsa Merr.,Neonauclea excelsa,Nauclea,Neonauclea
272423,Bancalus macrophyllus Kuntze,Nauclea orientalis L.,Nauclea orientalis L.,Nauclea orientalis L.,Nauclea orientalis,Neolamarckia macrophylla (Roxb.) Bosser,Neolamarckia macrophylla,Nauclea,Neolamarckia
272498,Bancalus rotundifolius Kuntze,Mitragyna rotundifolia Kuntze,Mitragyna rotundifolia Kuntze,Mitragyna rotundifolia Kuntze,Mitragyna rotundifolia,Uncaria longiflora Merr.,Uncaria longiflora,Mitragyna,Uncaria
273179,Strempelia indulgens (Rusby) Bremek.,Psychotria santamartensis Rusby,Psychotria santamartensis Rusby,Psychotria santamartensis Rusby,Psychotria santamartensis,"Rudgea sanmartensis (Rusby) C.M.Taylor, Bruniera & Zappi",Rudgea sanmartensis,Psychotria,Rudgea
274790,Syzygium latifolium Blanco,Eugenia roxburghii DC.,Eugenia roxburghii DC.,Eugenia roxburghii DC.,Eugenia roxburghii,Syzygium simile (Merr.) Merr.,Syzygium simile,Eugenia,Syzygium
276750,Tardavel spinosa Standl.,Spermacoce tenuior L.,Spermacoce tenuior L.,Spermacoce tenuior L.,Spermacoce tenuior,Hexasepalum sarmentosum (Sw.) Delprete & J.H.Kirkbr.,Hexasepalum sarmentosum,Spermacoce,Hexasepalum
282919,Tricalysia ruandensis Bremek.,Tricalysia congesta (Oliv.) Hiern,Tricalysia congesta (Oliv.) Hiern,Empogona congesta (Oliv.) J.E.Burrows,Empogona congesta,Tricalysia congesta subsp. congesta ,Tricalysia congesta,Empogona,Tricalysia
285056,Uragoga chionantha (DC.) Kuntze,Psychotria guianensis (Aubl.) Rusby,Psychotria guianensis (Aubl.) Rusby,Palicourea guianensis Aubl.,Palicourea guianensis,Psychotria pedunculosa Rich.,Psychotria pedunculosa,Palicourea,Psychotria
285412,Uragoga mapouria Kuntze,Psychotria guianensis (Aubl.) Rusby,Psychotria guianensis (Aubl.) Rusby,Palicourea guianensis Aubl.,Palicourea guianensis,Psychotria guianensis (Aubl.) Clos,Psychotria guianensis,Palicourea,Psychotria
288215,Virecta lanceolata Baill.,Pseudomussaenda flava Verdc.,Pseudomussaenda flava Verdc.,Pseudomussaenda flava Verdc.,Pseudomussaenda flava,Pentas lanceolata (Forssk.) Deflers,Pentas lanceolata,Pseudomussaenda,Pentas
291531,Neanotis paniculata (L.) M.R.Almeida,Leptopetalum biflorum (L.) Neupane & N.Wikstr.,Leptopetalum biflorum (L.) Neupane & N.Wikstr.,Leptopetalum biflorum (L.) Neupane & N.Wikstr.,Leptopetalum biflorum,Oldenlandia paniculata L.,Oldenlandia paniculata,Leptopetalum,Oldenlandia
296062,Bigelovia distans Hook. & Arn.,Hexasepalum apiculatum (Willd. ex Roem. & Schult.) Delprete & J.H.Kirkbr.,Hexasepalum apiculatum (Willd. ex Roem. & Schult.) Delprete & J.H.Kirkbr.,Hexasepalum apiculatum (Willd. ex Roem. & Schult.) Delprete & J.H.Kirkbr.,Hexasepalum apiculatum,Spermacoce capitata Ruiz & Pav.,Spermacoce capitata,Hexasepalum,Spermacoce
306232,Borreria commutata Spreng.,Spermacoce verticillata L.,Spermacoce verticillata L.,Spermacoce verticillata L.,Spermacoce verticillata,Hexasepalum serrulatum (P.Beauv.) J.H.Kirkbr. & Delprete,Hexasepalum serrulatum,Spermacoce,Hexasepalum
306522,Borreria distans (Kunth) DC.,Hexasepalum apiculatum (Willd. ex Roem. & Schult.) Delprete & J.H.Kirkbr.,Hexasepalum apiculatum (Willd. ex Roem. & Schult.) Delprete & J.H.Kirkbr.,Hexasepalum apiculatum (Willd. ex Roem. & Schult.) Delprete & J.H.Kirkbr.,Hexasepalum apiculatum,Spermacoce capitata Ruiz & Pav.,Spermacoce capitata,Hexasepalum,Spermacoce
312743,Borreria spinosa (Jacq.) DC.,Machaonia havanensis (Jacq. ex J.F.Gmel.) Alain,Machaonia havanensis (Jacq. ex J.F.Gmel.) Alain,Machaonia havanensis (Jacq. ex J.F.Gmel.) Alain,Machaonia havanensis,Hexasepalum sarmentosum (Sw.) Delprete & J.H.Kirkbr.,Hexasepalum sarmentosum,Machaonia,Hexasepalum
315871,Liparia villosa Thunb.,Xiphotheca reflexa (Thunb.) A.L.Schutte & B.-E.van Wyk,Xiphotheca reflexa (Thunb.) A.L.Schutte & B.-E.van Wyk,Xiphotheca reflexa (Thunb.) A.L.Schutte & B.-E.van Wyk,Xiphotheca reflexa,Liparia laevigata (L.) Thunb.,Liparia laevigata,Xiphotheca,Liparia
316642,Laurus ligustrina Wall.,Phoebe lanceolata (Nees) Nees,Phoebe lanceolata (Nees) Nees,Phoebe lanceolata (Nees) Nees,Phoebe lanceolata,Machilus declinatus (Blume) de Kok,Machilus declinatus,Phoebe,Machilus
316867,Laurus grandis Wall.,Phoebe grandis (Nees) Merr.,Phoebe grandis (Nees) Merr.,Phoebe grandis (Nees) Merr.,Phoebe grandis,Litsea costalis (Nees) Kosterm.,Litsea costalis,Phoebe,Litsea
316996,Leucothoe duckei Huber,Agarista duckei (Huber) Judd,Agarista duckei (Huber) Judd,Agarista duckei (Huber) Judd,Agarista duckei,Leucothoe duckei Huber,Leucothoe duckei,Agarista,Leucothoe
317453,Lebeckia scorpius Thunb.,Wiborgia fusca subsp. fusca Thunb.,Wiborgia fusca subsp. fusca Thunb.,Wiborgia fusca subsp. fusca Thunb.,Wiborgia fusca,Genista scorpius (L.) DC.,Genista scorpius,Wiborgia,Genista
317730,Lathyrus alfredi T.G.White,Lathyrus venosus Muhl. ex Willd.,Lathyrus venosus Muhl. ex Willd.,Lathyrus venosus Muhl. ex Willd.,Lathyrus venosus,Swartzia laurifolia Benth.,Swartzia laurifolia,Lathyrus,Swartzia
320693,Mammillaria ramosissima Quehl,Coryphantha sulcata (Engelm.) Britton & Rose,Coryphantha sulcata (Engelm.) Britton & Rose,Coryphantha sulcata (Engelm.) Britton & Rose,Coryphantha sulcata,Pelecyphora vivipara ,Pelecyphora vivipara,Coryphantha,Pelecyphora
324396,Macrotyloma sar-garhwalensis R.D.Gaur & L.R.Dangwal,Macrotyloma uniflorum var. uniflorum (Lam.) Verdc.,Macrotyloma uniflorum var. uniflorum (Lam.) Verdc.,Macrotyloma uniflorum var. uniflorum (Lam.) Verdc.,Macrotyloma uniflorum,Clitoria annua J.Graham,Clitoria annua,Macrotyloma,Clitoria
324787,Meibomia lineata (DC.) Kuntze,Dendrolobium triangulare (Retz.) Schindl.,Dendrolobium triangulare (Retz.) Schindl.,Dendrolobium triangulare (Retz.) Schindl.,Dendrolobium triangulare,Desmodium lineatum DC.,Desmodium lineatum,Dendrolobium,Desmodium
324868,Meibomia rotundifolia (DC.) Kuntze,Alysicarpus racemosus Benth.,Alysicarpus racemosus Benth.,Alysicarpus racemosus Benth.,Alysicarpus racemosus,Desmodium rotundifolium DC.,Desmodium rotundifolium,Alysicarpus,Desmodium
325823,Maytenus gracilis Loes.,Gymnosporia gracilis Loes.,Gymnosporia gracilis Loes.,Gymnosporia gracilis Loes.,Gymnosporia gracilis,Maytenus gracilis Loes.,Maytenus gracilis,Gymnosporia,Maytenus
326289,Morisonia imrayi Griseb.,Morisonia americana L.,Morisonia americana L.,Morisonia americana L.,Morisonia americana,Styrax glaber Sw.,Styrax glaber,Morisonia,Styrax
327212,Monotes gilletii De Wild.,Marquesia acuminata (Gilg) R.E.Fr.,Marquesia acuminata (Gilg) R.E.Fr.,Marquesia acuminata (Gilg) R.E.Fr.,Marquesia acuminata,Monotes gilletii De Wild.,Monotes gilletii,Marquesia,Monotes
327419,Mocanera mayapis Blanco,Dipterocarpus turbinatus C.F.Gaertn.,Dipterocarpus turbinatus C.F.Gaertn.,Dipterocarpus turbinatus C.F.Gaertn.,Dipterocarpus turbinatus,Anisoptera thurifera subsp. thurifera (Blanco) Blume,Anisoptera thurifera,Dipterocarpus,Anisoptera
329513,Neosciadium glochidiatum (Benth.) Domin,Centella asiatica (L.) Urb.,Centella asiatica (L.) Urb.,Centella asiatica (L.) Urb.,Centella asiatica,Hydrocotyle glochidiata Benth.,Hydrocotyle glochidiata,Centella,Hydrocotyle
332793,Ocotea angustifolia (Schott) Mez,Nectandra angustifolia (Schrad.) Nees & Mart.,Nectandra angustifolia (Schrad.) Nees & Mart.,Nectandra angustifolia (Schrad.) Nees & Mart.,Nectandra angustifolia,Ocotea lancifolia (Schott) Mez,Ocotea lancifolia,Nectandra,Ocotea
344990,Pachycereus chrysomallus (Lem.) Britton & Rose,Pachycereus militaris (Audot) D.R.Hunt,Pachycereus militaris (Audot) D.R.Hunt,Backebergia militaris (Audot) Bravo ex Sánchez-Mej.,Backebergia militaris,Cephalocereus fulviceps (F.A.C.Weber ex K.Schum.) H.E.Moore,Cephalocereus fulviceps,Backebergia,Cephalocereus
345874,Richetia oblongifolia F.Heim,Hopea oblongifolia Dyer,Hopea oblongifolia Dyer,Hopea oblongifolia Dyer,Hopea oblongifolia,Shorea multiflora (Burck) Symington,Shorea multiflora,Hopea,Shorea
349602,Roemeria latiloba Fedde,Papaver dodecandrum (Forssk.) Medik.,Papaver dodecandrum (Forssk.) Medik.,Papaver dodecandrum (Forssk.) Medik.,Papaver dodecandrum,Roemeria hispida (Lam.)  Stace,Roemeria hispida,Papaver,Roemeria
352593,Terminalia pyrifolia (C.Presl) Kurz,Combretum pyrifolium Kurz,Combretum pyrifolium Kurz,Combretum pyrifolium Kurz,Combretum pyrifolium,Terminalia calamansanai (Blanco) Rolfe,Terminalia calamansanai,Combretum,Terminalia
355659,Trifolium nemorosum Gaterau,Tripolium pannonicum (Jacq.) Dobrocz.,Tripolium pannonicum (Jacq.) Dobrocz.,Tripolium pannonicum (Jacq.) Dobrocz.,Tripolium pannonicum,Trifolium pannonicum subsp. pannonicum ,Trifolium pannonicum,Tripolium,Trifolium
355876,Tragacantha physalodes (DC.) Kuntze,Lasiosiphon anthylloides Meisn.,Lasiosiphon anthylloides Meisn.,Lasiosiphon anthylloides Meisn.,Lasiosiphon anthylloides,Astragalus anthylloides Lam.,Astragalus anthylloides,Lasiosiphon,Astragalus
356103,Trifolium alopecuroides Kit.,Tripolium pannonicum (Jacq.) Dobrocz.,Tripolium pannonicum (Jacq.) Dobrocz.,Tripolium pannonicum (Jacq.) Dobrocz.,Tripolium pannonicum,Trifolium pannonicum subsp. pannonicum ,Trifolium pannonicum,Tripolium,Trifolium
356109,Trifolium alopecuroides Pers.,Tripolium pannonicum (Jacq.) Dobrocz.,Tripolium pannonicum (Jacq.) Dobrocz.,Tripolium pannonicum (Jacq.) Dobrocz.,Tripolium pannonicum,Trifolium pannonicum subsp. pannonicum ,Trifolium pannonicum,Tripolium,Trifolium
356179,Trifolium armenium Eichw.,Tripolium pannonicum (Jacq.) Dobrocz.,Tripolium pannonicum (Jacq.) Dobrocz.,Tripolium pannonicum (Jacq.) Dobrocz.,Tripolium pannonicum,Trifolium pannonicum subsp. pannonicum ,Trifolium pannonicum,Tripolium,Trifolium
356193,Trifolium barbatum DC.,Tripolium pannonicum (Jacq.) Dobrocz.,Tripolium pannonicum (Jacq.) Dobrocz.,Tripolium pannonicum (Jacq.) Dobrocz.,Tripolium pannonicum,Trifolium pannonicum subsp. pannonicum ,Trifolium pannonicum,Tripolium,Trifolium
357558,Tragacantha foliolosa (Bunge) Kuntze,Lasiosiphon anthylloides Meisn.,Lasiosiphon anthylloides Meisn.,Lasiosiphon anthylloides Meisn.,Lasiosiphon anthylloides,Astragalus anthylloides Lam.,Astragalus anthylloides,Lasiosiphon,Astragalus
357672,Tragacantha anthyllodes (Lam.) Kuntze,Lasiosiphon anthylloides Meisn.,Lasiosiphon anthylloides Meisn.,Lasiosiphon anthylloides Meisn.,Lasiosiphon anthylloides,Astragalus anthylloides Lam.,Astragalus anthylloides,Lasiosiphon,Astragalus
363558,Vaccinium pachycardium Standl.,Sphyrospermum buxifolium Poepp. & Endl.,Sphyrospermum buxifolium Poepp. & Endl.,Sphyrospermum buxifolium Poepp. & Endl.,Sphyrospermum buxifolium,Vaccinium pachycardium Standl.,Vaccinium pachycardium,Sphyrospermum,Vaccinium
363750,Vaccinium smithianum Standl.,Themistoclesia smithiana (Standl.) Sleumer,Themistoclesia smithiana (Standl.) Sleumer,Themistoclesia smithiana (Standl.) Sleumer,Themistoclesia smithiana,Vaccinium smithianum Standl.,Vaccinium smithianum,Themistoclesia,Vaccinium
364116,Vatica camphorifera (Roxb.) Voigt,Dryobalanops aromatica C.F.Gaertn.,Dryobalanops aromatica C.F.Gaertn.,Dryobalanops aromatica C.F.Gaertn.,Dryobalanops aromatica,Vatica camphorifera (Roxb.) Voigt,Vatica camphorifera,Dryobalanops,Vatica
367097,Wisteria pilipes (F.M.Bailey) Sprague,Callerya pilipes (Bailey) Schot,Callerya pilipes (Bailey) Schot,Callerya pilipes (Bailey) Schot,Callerya pilipes,Austrocallerya pilipes (F.M.Bailey) J.Compton & Schrire,Austrocallerya pilipes,Callerya,Austrocallerya
397739,Pultenaea astipulea D.A.Herb.,Pultenaea luehmannii Maiden,Pultenaea luehmannii Maiden,Pultenaea luehmannii Maiden,Pultenaea luehmannii,Phyllota luehmannii F.Muell.,Phyllota luehmannii,Pultenaea,Phyllota
398712,Podolobium obovatum A.Gray,Gastrolobium dilatatum (Benth.) G.Chandler & Crisp,Gastrolobium dilatatum (Benth.) G.Chandler & Crisp,Gastrolobium dilatatum (Benth.) G.Chandler & Crisp,Gastrolobium dilatatum,Podolobium scandens (Sm.) DC.,Podolobium scandens,Gastrolobium,Podolobium
399597,Perittium ferrugineum Vogel,Melanoxylum brauna Schott,Melanoxylum brauna Schott,Melanoxylum brauna Schott,Melanoxylum brauna,Melanoxylon brauna Schott,Melanoxylon brauna,Melanoxylum,Melanoxylon
399705,Phaca incana Vahl,Lasiosiphon anthylloides Meisn.,Lasiosiphon anthylloides Meisn.,Lasiosiphon anthylloides Meisn.,Lasiosiphon anthylloides,Astragalus anthylloides Lam.,Astragalus anthylloides,Lasiosiphon,Astragalus
408861,Papaver cornigerum Stocks,Papaver pavoninum C.A.Mey.,Papaver pavoninum C.A.Mey.,Papaver pavoninum C.A.Mey.,Papaver pavoninum,"Roemeria pavonina (Schrenk ex Fisch. & C.A.Mey.) Banfi, Bartolucci, J.-M.Tison & Galasso",Roemeria pavonina,Papaver,Roemeria
408942,Papaver desertorum Grossh.,Papaver minus (Boivin ex Bél.) Meikle,Papaver minus (Boivin ex Bél.) Meikle,Papaver minus (Boivin ex Bél.) Meikle,Papaver minus,"Roemeria minor (Boiv.) Banfi, Bartolucci, J.-M.Tison & Galasso",Roemeria minor,Papaver,Roemeria
454216,Andromeda hypnoides L.,Harrimanella hypnoides (L.) Coville,Harrimanella hypnoides (L.) Coville,Harrimanella hypnoides (L.) Coville,Harrimanella hypnoides,Andromeda hypnoides L.,Andromeda hypnoides,Harrimanella,Andromeda
454225,Andromeda mexicana Hemsl.,Agarista mexicana (Hemsl.) Judd,Agarista mexicana (Hemsl.) Judd,Agarista mexicana (Hemsl.) Judd,Agarista mexicana,Andromeda mexicana Hemsl.,Andromeda mexicana,Agarista,Andromeda
456863,Anisoptera parvifolia Warb.,Hopea parvifolia (Warb.) Slooten,Hopea parvifolia (Warb.) Slooten,Hopea parvifolia (Warb.) Slooten,Hopea parvifolia,Anisoptera parvifolia Warb.,Anisoptera parvifolia,Hopea,Anisoptera
458117,Anthyllis linifolia L.,Aspalathus linearifolia (Burm.f.) DC.,Aspalathus linearifolia (Burm.f.) DC.,Aspalathus linearifolia (Burm.f.) DC.,Aspalathus linearifolia,Lebeckia contaminata Thunb.,Lebeckia contaminata,Aspalathus,Lebeckia
459087,Aperula puberula Blume,Litsea moupinensis Lecomte,Litsea moupinensis Lecomte,Litsea moupinensis Lecomte,Litsea moupinensis,Lindera polyantha (Blume) Boerl.,Lindera polyantha,Litsea,Lindera
471683,Astragalus foliolosus Bunge,Lasiosiphon anthylloides Meisn.,Lasiosiphon anthylloides Meisn.,Lasiosiphon anthylloides Meisn.,Lasiosiphon anthylloides,Astragalus anthylloides Lam.,Astragalus anthylloides,Lasiosiphon,Astragalus
472304,Astragalus physaloides DC.,Lasiosiphon anthylloides Meisn.,Lasiosiphon anthylloides Meisn.,Lasiosiphon anthylloides Meisn.,Lasiosiphon anthylloides,Astragalus anthylloides Lam.,Astragalus anthylloides,Lasiosiphon,Astragalus
472473,Astragalus safranbolicus E.Sheld.,Lasiosiphon anthylloides Meisn.,Lasiosiphon anthylloides Meisn.,Lasiosiphon anthylloides Meisn.,Lasiosiphon anthylloides,Astragalus anthylloides Lam.,Astragalus anthylloides,Lasiosiphon,Astragalus
476101,Balanocarpus acuminatus F.Heim,Shorea multiflora (Burck) Symington,Shorea multiflora (Burck) Symington,Shorea multiflora (Burck) Symington,Shorea multiflora,Neobalanocarpus heimii (King) P.S.Ashton,Neobalanocarpus heimii,Shorea,Neobalanocarpus
479667,Benzoin puberulum (Blume) Kuntze,Litsea moupinensis Lecomte,Litsea moupinensis Lecomte,Litsea moupinensis Lecomte,Litsea moupinensis,Lindera polyantha (Blume) Boerl.,Lindera polyantha,Litsea,Lindera
504407,Cassine glauca var. cochinchinensis Pierre,Elaeodendron ellipticum Decne.,Elaeodendron ellipticum Decne.,Elaeodendron ellipticum Decne.,Elaeodendron ellipticum,Cassine grossa (Wall. ex Roxb.) Kosterm.,Cassine grossa,Elaeodendron,Cassine
504433,Cassine latifolia var. heterophylla Sond.,Lauridia tetragona (L.f.) R.H.Archer,Lauridia tetragona (L.f.) R.H.Archer,Lauridia tetragona (L.f.) R.H.Archer,Lauridia tetragona,Gymnosporia heterophylla Loes.,Gymnosporia heterophylla,Lauridia,Gymnosporia
504448,Cassine micrantha Hayata,Cassine micrantha Loes.,Cassine micrantha Loes.,Cassine micrantha Loes.,Cassine micrantha,Microtropis japonica Hallier f.,Microtropis japonica,Cassine,Microtropis
504461,Cassine parvifolia I.H.Müll.,Cassine parvifolia Sond.,Cassine parvifolia Sond.,Cassine parvifolia Sond.,Cassine parvifolia,Elaeodendron parvifolium R.H.Archer,Elaeodendron parvifolium,Cassine,Elaeodendron
518493,Cinnamomum aromaticum Nees,Cinnamomum cassia (L.) J.Presl,Cinnamomum cassia (L.) J.Presl,Neolitsea cassia (L.) Kosterm.,Neolitsea cassia,Cinnamomum aromaticum Nees,Cinnamomum aromaticum,Neolitsea,Cinnamomum
518746,Cinnamomum longifolium Lukman.,Cinnamomum cassia (L.) J.Presl,Cinnamomum cassia (L.) J.Presl,Neolitsea cassia (L.) Kosterm.,Neolitsea cassia,Cinnamomum aromaticum Nees,Cinnamomum aromaticum,Neolitsea,Cinnamomum
518772,Cinnamomum medium Lukman.,Cinnamomum cassia (L.) J.Presl,Cinnamomum cassia (L.) J.Presl,Neolitsea cassia (L.) Kosterm.,Neolitsea cassia,Cinnamomum aromaticum Nees,Cinnamomum aromaticum,Neolitsea,Cinnamomum
528342,Colutea incana Poir.,Lasiosiphon anthylloides Meisn.,Lasiosiphon anthylloides Meisn.,Lasiosiphon anthylloides Meisn.,Lasiosiphon anthylloides,Astragalus anthylloides Lam.,Astragalus anthylloides,Lasiosiphon,Astragalus
532004,Asperula longiflora var. ramosior Boiss.,Asperula aristata L.f.,Asperula aristata L.f.,Cynanchica aristata (L.f.) P.Caputo & Del Guacchio,Cynanchica aristata,Asperula aristata subsp. aristata ,Asperula aristata,Cynanchica,Asperula
536431,Oldenlandia paniculata var. multiflora Miq.,Oldenlandia biflora L.,Oldenlandia biflora L.,Leptopetalum biflorum (L.) Neupane & N.Wikstr.,Leptopetalum biflorum,Oldenlandia paniculata L.,Oldenlandia paniculata,Leptopetalum,Oldenlandia
536442,Oldenlandia paniculata var. pygmaea Miq.,Oldenlandia biflora L.,Oldenlandia biflora L.,Leptopetalum biflorum (L.) Neupane & N.Wikstr.,Leptopetalum biflorum,Oldenlandia paniculata L.,Oldenlandia paniculata,Leptopetalum,Oldenlandia
536658,Anthocephalus indicus var. macrophyllus Pierre ex Pit.,Breonia chinensis (Lam.) Capuron,Breonia chinensis (Lam.) Capuron,Breonia chinensis (Lam.) Capuron,Breonia chinensis,Neolamarckia cadamba (Roxb.) Bosser,Neolamarckia cadamba,Breonia,Neolamarckia
539866,Cryptocarya stocksii Meisn.,Litsea stocksii (Meisn.) Hook.f.,Litsea stocksii (Meisn.) Hook.f.,Litsea stocksii (Meisn.) Hook.f.,Litsea stocksii,Cryptocarya stocksii Meisn.,Cryptocarya stocksii,Litsea,Cryptocarya
547548,Cytisus virgatus Link,Cytisus nigricans L.,Cytisus nigricans L.,Cytisus nigricans L.,Cytisus nigricans,Genista tenera (Jacq. ex Murray) Kuntze,Genista tenera,Cytisus,Genista
549906,× Astroworthia bicarinata (Haw.) G.D.Rowley,× Astrolista bicarinata (Haw.) Molteno & Figueiredo,× Astrolista bicarinata (Haw.) Molteno & Figueiredo,× Astrolista bicarinata (Haw.) Molteno & Figueiredo,Astrolista bicarinata,× Astroworthia bicarinata (Haw.) G.D.Rowley,Astroworthia bicarinata,× Astrolista,× Astroworthia
549919,Dehaasia elliptica Ridl.,Dehaasia polyneura (Miq.) Kosterm.,Dehaasia polyneura (Miq.) Kosterm.,Alseodaphne polyneura Miq.,Alseodaphne polyneura,Dehaasia elliptica Ridl.,Dehaasia elliptica,Alseodaphne,Dehaasia
552822,Desmodium unibotryosum C.Chen & X.J.Cui,Sohmaea laxiflora (DC.) H.Ohashi & K.Ohashi,Sohmaea laxiflora (DC.) H.Ohashi & K.Ohashi,Sohmaea laxiflora (DC.) H.Ohashi & K.Ohashi,Sohmaea laxiflora,Hylodesmum laxum subsp. laxum (DC.) H.Ohashi & R.R.Mill,Hylodesmum laxum,Sohmaea,Hylodesmum
573859,Elaeodendron glaucum var. macrocarpum Koord. & Valeton,Elaeodendron ellipticum Decne.,Elaeodendron ellipticum Decne.,Elaeodendron ellipticum Decne.,Elaeodendron ellipticum,Cassine koordersii Kosterm.,Cassine koordersii,Elaeodendron,Cassine
589018,Euonymus tina Buch.-Ham.,Elaeodendron glaucum Pers.,Elaeodendron glaucum Pers.,Elaeodendron glaucum Pers.,Elaeodendron glaucum,Cassine grossa (Wall. ex Roxb.) Kosterm.,Cassine grossa,Elaeodendron,Cassine
590105,Eutaxia strangeana Turcz.,Pultenaea prostrata Benth. ex Hook.f.,Pultenaea prostrata Benth. ex Hook.f.,Pultenaea prostrata Benth. ex Hook.f.,Pultenaea prostrata,Dillwynia retorta (J.C.Wendl.) Druce,Dillwynia retorta,Pultenaea,Dillwynia
617429,Gymnosporia gracilis Pierre,Gymnosporia gracilis Loes.,Gymnosporia gracilis Loes.,Gymnosporia gracilis Loes.,Gymnosporia gracilis,Maytenus gracilis Loes.,Maytenus gracilis,Gymnosporia,Maytenus
628483,Huodendron siamicum H.R.Fletcher,Styrax porterianus Wall. & G.Don,Styrax porterianus Wall. & G.Don,Styrax porterianus Wall. & G.Don,Styrax porterianus,Huodendron siamicum H.R.Fletcher,Huodendron siamicum,Styrax,Huodendron
629014,Hydrocotyle larranagii M.Hiroe,Centella affinis (Eckl. & Zeyh.) Adamson,Centella affinis (Eckl. & Zeyh.) Adamson,Centella affinis (Eckl. & Zeyh.) Adamson,Centella affinis,Hydrocotyle linearis Larrañaga,Hydrocotyle linearis,Centella,Hydrocotyle
658815,Calamus pisicarpus Blume,Selaginella vanderystii Bizzarri,Selaginella vanderystii Bizzarri,Selaginella vanderystii Bizzarri,Selaginella vanderystii,Calamus pisicarpus Blume,Calamus pisicarpus,Selaginella,Calamus
696323,Canthium lucidum Hook. & Arn.,Psychotria umbellata Thonn.,Psychotria umbellata Thonn.,Psychotria calva var. calva ,Psychotria calva,Psydrax odorata subsp. odorata ,Psydrax odorata,Psychotria,Psydrax
699669,Asperula littoralis var. setulosa (Boiss.) Nyman,Asperula graveolens subsp. graveolens ,Asperula graveolens subsp. graveolens ,Asperula graveolens subsp. graveolens ,Asperula graveolens,Cynanchica setulosa (Boiss.) P.Caputo & Del Guacchio,Cynanchica setulosa,Asperula,Cynanchica
699676,Asperula longiflora var. commutata (C.Presl) Nyman,Asperula aristata L.f.,Asperula aristata L.f.,Cynanchica aristata (L.f.) P.Caputo & Del Guacchio,Cynanchica aristata,Asperula aristata subsp. aristata ,Asperula aristata,Cynanchica,Asperula
699677,Asperula longiflora subsp. flaccida (Ten.) Nyman,Asperula aristata L.f.,Asperula aristata L.f.,Cynanchica aristata (L.f.) P.Caputo & Del Guacchio,Cynanchica aristata,Asperula aristata subsp. aristata ,Asperula aristata,Cynanchica,Asperula
699678,Asperula aristata var. macrorrhiza (Hoffmanns. & Link) Nyman,Asperula aristata L.f.,Asperula aristata L.f.,Cynanchica aristata (L.f.) P.Caputo & Del Guacchio,Cynanchica aristata,Asperula aristata subsp. aristata ,Asperula aristata,Cynanchica,Asperula
699680,Asperula aristata var. canescens (Vis.) Nyman,Asperula aristata L.f.,Asperula aristata L.f.,Cynanchica aristata (L.f.) P.Caputo & Del Guacchio,Cynanchica aristata,Asperula aristata subsp. aristata ,Asperula aristata,Cynanchica,Asperula
701007,Asperula canescens var. glabra W.D.J.Koch,Asperula cynanchica L.,Asperula cynanchica L.,Cynanchica pyrenaica subsp. cynanchica (L.) P.Caputo & Del Guacchio,Cynanchica pyrenaica,Asperula aristata subsp. aristata ,Asperula aristata,Cynanchica,Asperula
706096,Caryophyllus floribundus Blume ex DC.,Myrciaria floribunda O.Berg,Myrciaria floribunda O.Berg,Myrciaria floribunda O.Berg,Myrciaria floribunda,Syzygium fastigiatum (Blume) Merr. & L.M.Perry,Syzygium fastigiatum,Myrciaria,Syzygium
708542,Asperula aristata var. scabra Lange,Asperula aristata L.f.,Asperula aristata L.f.,Cynanchica aristata (L.f.) P.Caputo & Del Guacchio,Cynanchica aristata,Asperula aristata subsp. aristata ,Asperula aristata,Cynanchica,Asperula
712746,Licania guyanensis Klotzsch,Licania heteromorpha Benth.,Licania heteromorpha Benth.,Hymenopus heteromorphus (Benth.) Sothers & Prance,Hymenopus heteromorphus,Licania heteromorpha var. heteromorpha ,Licania heteromorpha,Hymenopus,Licania
712785,Licania biglandulosa Griseb. ex Urb.,Licania heteromorpha Benth.,Licania heteromorpha Benth.,Hymenopus heteromorphus (Benth.) Sothers & Prance,Hymenopus heteromorphus,Licania heteromorpha var. heteromorpha ,Licania heteromorpha,Hymenopus,Licania
735777,Chassalia expansa Miq.,Psychotria malayana Jack,Psychotria malayana Jack,Psychotria malayana Jack,Psychotria malayana,Eumachia montana (Blume) I.M.Turner,Eumachia montana,Psychotria,Eumachia
753047,Chytraculia fastigiata Kuntze,Syzygium fastigiatum (Blume) Merr. & L.M.Perry,Syzygium fastigiatum (Blume) Merr. & L.M.Perry,Syzygium fastigiatum (Blume) Merr. & L.M.Perry,Syzygium fastigiatum,Myrcia loranthifolia (DC.) G.P.Burton & E.Lucas,Myrcia loranthifolia,Syzygium,Myrcia
804680,Empogona ruandensis (Bremek.) Tosh & Robbr.,Tricalysia congesta (Oliv.) Hiern,Tricalysia congesta (Oliv.) Hiern,Empogona congesta (Oliv.) J.E.Burrows,Empogona congesta,Tricalysia congesta subsp. congesta ,Tricalysia congesta,Empogona,Tricalysia
814054,Asperula montana var. lactea Porta,"Asperula lactea (Porta) Brullo, Gargano, N.G.Passal. & Peruzzi","Asperula lactea (Porta) Brullo, Gargano, N.G.Passal. & Peruzzi","Asperula lactea (Porta) Brullo, Gargano, N.G.Passal. & Peruzzi",Asperula lactea,"Cynanchica lactea (Brullo, Gargano, N.G.Passal. & Peruzzi) P.Caputo & Del Guacchio",Cynanchica lactea,Asperula,Cynanchica
817657,Coussarea chiriquiensis (Dwyer) C.M.Taylor,Psychotria nebulosa K.Krause,Psychotria nebulosa K.Krause,Psychotria nebulosa K.Krause,Psychotria nebulosa,Palicourea horquetensis (Dwyer & M.V.Hayden) A.C.Berger & C.M.Taylor,Palicourea horquetensis,Psychotria,Palicourea
842736,Ericomyrtus drummondii Turcz.,Astartea pulchella (DC.) Rye,Astartea pulchella (DC.) Rye,Astartea pulchella (DC.) Rye,Astartea pulchella,Ericomyrtus drummondii Turcz.,Ericomyrtus drummondii,Astartea,Ericomyrtus
845316,Eugenia anjouanensis H.Perrier,Syzygium humblotii (H.Perrier) Labat & G.E.Schatz,Syzygium humblotii (H.Perrier) Labat & G.E.Schatz,Syzygium humblotii (H.Perrier) Labat & G.E.Schatz,Syzygium humblotii,Eugenia humblotii Engl. & Brehmer,Eugenia humblotii,Syzygium,Eugenia
847794,Eugenia rubiginosa Cordem.,Myrcia nitida Cambess.,Myrcia nitida Cambess.,Myrcia nitida Cambess.,Myrcia nitida,Eugenia mespiloides Lam.,Eugenia mespiloides,Myrcia,Eugenia
858537,Galium purpureum var. luteoviride Rohlena,Asperula purpurea (L.) Ehrend.,Asperula purpurea (L.) Ehrend.,Thliphthisa purpurea (L.) P.Caputo & Del Guacchio,Thliphthisa purpurea,Asperula purpurea subsp. purpurea ,Asperula purpurea,Thliphthisa,Asperula
858538,Galium purpureum var. trichanthum Vand.,Asperula purpurea (L.) Ehrend.,Asperula purpurea (L.) Ehrend.,Thliphthisa purpurea (L.) P.Caputo & Del Guacchio,Thliphthisa purpurea,Asperula purpurea subsp. purpurea ,Asperula purpurea,Thliphthisa,Asperula
858628,Galium rubrum Scop.,Asperula purpurea (L.) Ehrend.,Asperula purpurea (L.) Ehrend.,Thliphthisa purpurea (L.) P.Caputo & Del Guacchio,Thliphthisa purpurea,Asperula purpurea subsp. purpurea ,Asperula purpurea,Thliphthisa,Asperula
864366,Guettarda cuatrecasasii Standl. ex Steyerm.,Guettarda crispiflora subsp. sabiceoides (Standl.) C.M.Taylor,Guettarda crispiflora subsp. sabiceoides (Standl.) C.M.Taylor,Tournefortiopsis dependens (Ruiz & Pav.) Borhidi,Tournefortiopsis dependens,Guettarda cuatrecasasii Standl. ex Steyerm.,Guettarda cuatrecasasii,Tournefortiopsis,Guettarda
864455,Guettarda membranacea Sieber ex DC.,Guettarda crispiflora Vahl,Guettarda crispiflora Vahl,Tournefortiopsis crispiflora (Vahl) Borhidi,Tournefortiopsis crispiflora,Guettarda crispiflora subsp. crispiflora ,Guettarda crispiflora,Tournefortiopsis,Guettarda
867937,Hedera latifolia G.Nicholson,Polyscias scutellaria (Burm.f.) Fosberg,Polyscias scutellaria (Burm.f.) Fosberg,Polyscias scutellaria (Burm.f.) Fosberg,Polyscias scutellaria,Hedera helix f. helix ,Hedera helix,Polyscias,Hedera
868447,Hedyotis hispida Roth,Oldenlandia verticillata L.,Oldenlandia verticillata L.,Scleromitrion verticillatum (L.) R.J.Wang,Scleromitrion verticillatum,Oldenlandia umbellata L.,Oldenlandia umbellata,Scleromitrion,Oldenlandia
868667,Hedyotis paniculata Lam.,Leptopetalum biflorum (L.) Neupane & N.Wikstr.,Leptopetalum biflorum (L.) Neupane & N.Wikstr.,Leptopetalum biflorum (L.) Neupane & N.Wikstr.,Leptopetalum biflorum,Oldenlandia paniculata L.,Oldenlandia paniculata,Leptopetalum,Oldenlandia
900357,Deguelia microphylla (Miq.) Valeton,Derris microphylla (Miq.) Backer,Derris microphylla (Miq.) Backer,Derris microphylla (Miq.) Backer,Derris microphylla,Brachypterum microphyllum Miq.,Brachypterum microphyllum,Derris,Brachypterum
900365,Desmodium glutinosum f. unifoliatum (B.G.Schub.) B.G.Schub.,Desmodium glutinosum f. unifoliolatum (B.G.Schub.) B.G.Schub.,Desmodium glutinosum f. unifoliolatum (B.G.Schub.) B.G.Schub.,Desmodium glutinosum f. unifoliolatum (B.G.Schub.) B.G.Schub.,Desmodium glutinosum,Hylodesmum glutinosum (Muhl. ex Willd.) H.Ohashi & R.R.Mill,Hylodesmum glutinosum,Desmodium,Hylodesmum
900560,Galactia rugosa (Benth.) Chodat & Hassl.,Camptosema ellipticum (Desv.) Burkart,Camptosema ellipticum (Desv.) Burkart,Camptosema ellipticum (Desv.) Burkart,Camptosema ellipticum,Cerradicola elliptica (Desv.) L.P.Queiroz,Cerradicola elliptica,Camptosema,Cerradicola
901574,Hydrocotyle glochidiata Benth.,Centella asiatica (L.) Urb.,Centella asiatica (L.) Urb.,Centella asiatica (L.) Urb.,Centella asiatica,Hydrocotyle glochidiata Benth.,Hydrocotyle glochidiata,Centella,Hydrocotyle
905803,Melastoma hirtellum Sw.,Ossaea hirtella Triana,Ossaea hirtella Triana,Ossaea hirtella Triana,Ossaea hirtella,Miconia hirtellicaulis Ionta & Judd,Miconia hirtellicaulis,Ossaea,Miconia
905806,Clidemia hirtella Griseb.,Ossaea hirtella Triana,Ossaea hirtella Triana,Ossaea hirtella Triana,Ossaea hirtella,Miconia hirtellicaulis Ionta & Judd,Miconia hirtellicaulis,Ossaea,Miconia
911196,Thibaudia quereme Kunth,Cavendishia quereme (Kunth) Benth. & Hook.f.,Cavendishia quereme (Kunth) Benth. & Hook.f.,Cavendishia quereme (Kunth) Benth. & Hook.f.,Cavendishia quereme,Thibaudia quereme Kunth,Thibaudia quereme,Cavendishia,Thibaudia
911222,Leucothoe subcanescens (DC.) Meisn.,Agarista chlorantha G.Don,Agarista chlorantha G.Don,Agarista chlorantha G.Don,Agarista chlorantha,Leucothoe subcanescens (DC.) Meisn.,Leucothoe subcanescens,Agarista,Leucothoe
911289,Vaccinium valerioi Standl.,Sphyrospermum cordifolium Benth.,Sphyrospermum cordifolium Benth.,Sphyrospermum cordifolium Benth.,Sphyrospermum cordifolium,Vaccinium valerioi Standl.,Vaccinium valerioi,Sphyrospermum,Vaccinium
911292,Sphyrospermum myrtifolium Hook.,Vaccinium sphyrospermoides Sleumer,Vaccinium sphyrospermoides Sleumer,Vaccinium sphyrospermoides Sleumer,Vaccinium sphyrospermoides,Sphyrospermum myrtifolium Hook.,Sphyrospermum myrtifolium,Vaccinium,Sphyrospermum
911301,Periclesia flexuosa A.C.Sm.,Ceratostema flexuosum (A.C.Sm.) J.F.Macbr.,Ceratostema flexuosum (A.C.Sm.) J.F.Macbr.,Ceratostema flexuosum (A.C.Sm.) J.F.Macbr.,Ceratostema flexuosum,Periclesia flexuosa A.C.Sm.,Periclesia flexuosa,Ceratostema,Periclesia
911303,Ceratostema buxifolium Fielding & Gardner,Demosthenesia buxifolia (Fielding & Gardner) A.C.Sm.,Demosthenesia buxifolia (Fielding & Gardner) A.C.Sm.,Demosthenesia buxifolia (Fielding & Gardner) A.C.Sm.,Demosthenesia buxifolia,Ceratostema buxifolium Fielding & Gardner,Ceratostema buxifolium,Demosthenesia,Ceratostema
912160,Leucothoe griffithiana var. sessilifolia C.Y.Wu & T.Z.Hsu,Gaultheria brevistipes (C.Y.Wu & T.Z.Hsu) R.C.Fang,Gaultheria brevistipes (C.Y.Wu & T.Z.Hsu) R.C.Fang,Gaultheria brevistipes (C.Y.Wu & T.Z.Hsu) R.C.Fang,Gaultheria brevistipes,Leucothoe griffithiana var. sessilifolia C.Y.Wu & T.Z.Hsu,Leucothoe griffithiana,Gaultheria,Leucothoe
912179,Pieris doyonensis Hand.-Mazz.,Lyonia doyonensis (Hand.-Mazz.) Hand.-Mazz.,Lyonia doyonensis (Hand.-Mazz.) Hand.-Mazz.,Lyonia doyonensis (Hand.-Mazz.) Hand.-Mazz.,Lyonia doyonensis,Pieris doyonensis Hand.-Mazz.,Pieris doyonensis,Lyonia,Pieris
912194,Thibaudia gaultheriifolia Griff.,Vaccinium gaultheriifolium (Griff.) Hook.f. ex C.B.Clarke,Vaccinium gaultheriifolium (Griff.) Hook.f. ex C.B.Clarke,Vaccinium gaultheriifolium (Griff.) Hook.f. ex C.B.Clarke,Vaccinium gaultheriifolium,Thibaudia gaultheriifolia Griff.,Thibaudia gaultheriifolia,Vaccinium,Thibaudia
912195,Thibaudia revoluta Griff.,Vaccinium dunalianum Wight,Vaccinium dunalianum Wight,Vaccinium dunalianum Wight,Vaccinium dunalianum,Thibaudia revoluta Griff.,Thibaudia revoluta,Vaccinium,Thibaudia
912196,Thibaudia myrtifolia Griff.,Agapetes serpens (Wight) Sleumer,Agapetes serpens (Wight) Sleumer,Agapetes serpens (Wight) Sleumer,Agapetes serpens,Thibaudia myrtifolia Griff.,Thibaudia myrtifolia,Agapetes,Thibaudia
913009,Dolichos comosus G.Mey.,Dioclea reflexa (Hook.f.) C.Wright,Dioclea reflexa (Hook.f.) C.Wright,Dioclea reflexa (Hook.f.) C.Wright,Dioclea reflexa,Macropsychanthus comosus (G.Mey.) L.P.Queiroz & Snak,Macropsychanthus comosus,Dioclea,Macropsychanthus
913955,Hosackia nana S.Watson,Ottleya plebeia (Brandegee) D.D.Sokoloff,Ottleya plebeia (Brandegee) D.D.Sokoloff,Acmispon plebeius (Brandegee) Allred,Acmispon plebeius,Astragalus micromerius Barneby,Astragalus micromerius,Acmispon,Astragalus
914096,Senegalia vogeliana (Steud.) Britton & Rose,Lysiloma ambigua Urb.,Lysiloma ambigua Urb.,Lysiloma ambigua Urb.,Lysiloma ambigua,Parasenegalia vogeliana (Steud.) Seigler & Ebinger,Parasenegalia vogeliana,Lysiloma,Parasenegalia
914344,Clitoria parvifolia Pittier,Centrosema vexillatum Benth.,Centrosema vexillatum Benth.,Centrosema vexillatum Benth.,Centrosema vexillatum,Clitoria laurifolia Poir.,Clitoria laurifolia,Centrosema,Clitoria
914357,Collaea rugosa Benth.,Camptosema ellipticum (Desv.) Burkart,Camptosema ellipticum (Desv.) Burkart,Camptosema ellipticum (Desv.) Burkart,Camptosema ellipticum,Cerradicola elliptica (Desv.) L.P.Queiroz,Cerradicola elliptica,Camptosema,Cerradicola
914747,Lotus nanus (S.Watson) A.Heller,Ottleya plebeia (Brandegee) D.D.Sokoloff,Ottleya plebeia (Brandegee) D.D.Sokoloff,Acmispon plebeius (Brandegee) Allred,Acmispon plebeius,Astragalus micromerius Barneby,Astragalus micromerius,Acmispon,Astragalus
915367,Phaseolus adenanthus var. truxillensis Hassl.,Vigna truxillensis (Kunth) N.Zamora,Vigna truxillensis (Kunth) N.Zamora,Vigna truxillensis (Kunth) N.Zamora,Vigna truxillensis,Leptospron adenanthum (G.Mey.) A.Delgado,Leptospron adenanthum,Vigna,Leptospron
915592,Recordoxylon irwinii R.S.Cowan,Melanoxylum brauna Schott,Melanoxylum brauna Schott,Melanoxylum brauna Schott,Melanoxylum brauna,Melanoxylon brauna Schott,Melanoxylon brauna,Melanoxylum,Melanoxylon
915812,Lysiloma ambiguum Urb.,Lysiloma ambigua Urb.,Lysiloma ambigua Urb.,Lysiloma ambigua Urb.,Lysiloma ambigua,Parasenegalia vogeliana (Steud.) Seigler & Ebinger,Parasenegalia vogeliana,Lysiloma,Parasenegalia
916316,Desmodium michauxii Daniels,Alysicarpus racemosus Benth.,Alysicarpus racemosus Benth.,Alysicarpus racemosus Benth.,Alysicarpus racemosus,Desmodium rotundifolium DC.,Desmodium rotundifolium,Alysicarpus,Desmodium
916351,Dioclea comosa (G.Mey.) Kuntze,Dioclea reflexa (Hook.f.) C.Wright,Dioclea reflexa (Hook.f.) C.Wright,Dioclea reflexa (Hook.f.) C.Wright,Dioclea reflexa,Macropsychanthus comosus (G.Mey.) L.P.Queiroz & Snak,Macropsychanthus comosus,Dioclea,Macropsychanthus
916450,Galega colutea Willd.,Indigofera colutea (Burm.f.) Merr.,Indigofera colutea (Burm.f.) Merr.,Indigofera colutea (Burm.f.) Merr.,Indigofera colutea,Tephrosia villosa subsp. villosa ,Tephrosia villosa,Indigofera,Tephrosia
916538,Hedysarum incanum Thunb.,Desmodium incanum (G.Mey.) DC.,Desmodium incanum (G.Mey.) DC.,Desmodium incanum (G.Mey.) DC.,Desmodium incanum,Indigofera incarnata (Willd.) Nakai,Indigofera incarnata,Desmodium,Indigofera
916587,Inga coriacea Humb. & Bonpl. ex Willd.,Inga sertulifera DC.,Inga sertulifera DC.,Inga sertulifera DC.,Inga sertulifera,Calliandra coriacea (Humb. & Bonpl. ex Willd.) Benth.,Calliandra coriacea,Inga,Calliandra
916636,Lespedeza sericea (Graham) Benth.,Lespedeza juncea var. sericea (Thunb.) Lace & Hauech,Lespedeza juncea var. sericea (Thunb.) Lace & Hauech,Lespedeza juncea var. sericea (Thunb.) Lace & Hauech,Lespedeza juncea,Campylotropis macrostyla (D.Don) Lindl. ex Miq.,Campylotropis macrostyla,Lespedeza,Campylotropis
916671,Lotus brachycarpus Hochst. ex Steud.,Acmispon brachycarpus (Benth.) D.D.Sokoloff,Acmispon brachycarpus (Benth.) D.D.Sokoloff,Acmispon brachycarpus (Benth.) D.D.Sokoloff,Acmispon brachycarpus,Lotus quinatus (Forssk.) J.B.Gillett,Lotus quinatus,Acmispon,Lotus
916888,Acacia saponaria B.Heyne & ex.Benth.,Enterolobium contortisiliquum (Vell.) Morong,Enterolobium contortisiliquum (Vell.) Morong,Enterolobium contortisiliquum (Vell.) Morong,Enterolobium contortisiliquum,Senegalia rugata (Lam.) Britton & Rose,Senegalia rugata,Enterolobium,Senegalia
917597,Psoralea fruticosa Kellogg,Eysenhardtia polystachya (Ortega) Sarg.,Eysenhardtia polystachya (Ortega) Sarg.,Eysenhardtia polystachya (Ortega) Sarg.,Eysenhardtia polystachya,Pediomelum esculentum (Pursh) Rydb.,Pediomelum esculentum,Eysenhardtia,Pediomelum
917618,Pterocarpus cultratus Vell.,Lonchocarpus cultratus (Vell.) A.M.G.Azevedo & H.C.Lima,Lonchocarpus cultratus (Vell.) A.M.G.Azevedo & H.C.Lima,Lonchocarpus cultratus (Vell.) A.M.G.Azevedo & H.C.Lima,Lonchocarpus cultratus,Pterocarpus rohrii Vahl,Pterocarpus rohrii,Lonchocarpus,Pterocarpus
917653,Rudolphia elliptica Desv.,Camptosema ellipticum (Desv.) Burkart,Camptosema ellipticum (Desv.) Burkart,Camptosema ellipticum (Desv.) Burkart,Camptosema ellipticum,Cerradicola elliptica (Desv.) L.P.Queiroz,Cerradicola elliptica,Camptosema,Cerradicola
917921,Mucuna comosa (G.Mey.) DC.,Dioclea reflexa (Hook.f.) C.Wright,Dioclea reflexa (Hook.f.) C.Wright,Dioclea reflexa (Hook.f.) C.Wright,Dioclea reflexa,Macropsychanthus comosus (G.Mey.) L.P.Queiroz & Snak,Macropsychanthus comosus,Dioclea,Macropsychanthus
918609,Macrolobium letestui Pellegr.,Isomacrolobium graciliflorum (Harms) Aubrév. & Pellegr.,Isomacrolobium graciliflorum (Harms) Aubrév. & Pellegr.,Englerodendron graciliflorum (Harms) Estrella & Ojeda,Englerodendron graciliflorum,Gilbertiodendron grandistipulatum (De Wild.) J.Léonard,Gilbertiodendron grandistipulatum,Englerodendron,Gilbertiodendron
919821,Lebeckia pauciflora Benth. ex Harv.,Aspalathus linearis (Burm.f.) R.Dahlgren,Aspalathus linearis (Burm.f.) R.Dahlgren,Aspalathus linearis (Burm.f.) R.Dahlgren,Aspalathus linearis,Lebeckia contaminata Thunb.,Lebeckia contaminata,Aspalathus,Lebeckia
919960,Peltaria capensis Burm. ex DC.,Heliophila diffusa DC.,Heliophila diffusa DC.,Heliophila diffusa DC.,Heliophila diffusa,Wiborgia fusca subsp. fusca Thunb.,Wiborgia fusca,Heliophila,Wiborgia
920288,Pterocarpus indicus Herb.Madr. ex Wall.,Pterocarpus dalbergioides Roxb.,Pterocarpus dalbergioides Roxb.,Pterocarpus dalbergioides Roxb.,Pterocarpus dalbergioides,Derris canarensis (Dalzell) Baker,Derris canarensis,Pterocarpus,Derris
920899,Meibomia delicatula (A.Rich.) Kuntze,Desmodium hirtum var. delicatulum (A.Rich.) B.G.Schub.,Desmodium hirtum var. delicatulum (A.Rich.) B.G.Schub.,Desmodium hirtum var. delicatulum (A.Rich.) B.G.Schub.,Desmodium hirtum,Grona hirta var. delicatula (A.Rich.) H.Ohashi & K.Ohashi,Grona hirta,Desmodium,Grona
921633,Desmodium rotundifolium f. glabratum (A.Gray) B.G.Schub.,Alysicarpus racemosus Benth.,Alysicarpus racemosus Benth.,Alysicarpus racemosus Benth.,Alysicarpus racemosus,Desmodium rotundifolium DC.,Desmodium rotundifolium,Alysicarpus,Desmodium
921634,Desmodium rotundifolium var. glabratum A.Gray,Alysicarpus racemosus Benth.,Alysicarpus racemosus Benth.,Alysicarpus racemosus Benth.,Alysicarpus racemosus,Desmodium rotundifolium DC.,Desmodium rotundifolium,Alysicarpus,Desmodium
921700,Sophora chrysophylla var. lanaiensis Chock,Ononis viscosa subsp. breviflora (DC.) Nyman,Ononis viscosa subsp. breviflora (DC.) Nyman,Ononis viscosa subsp. breviflora (DC.) Nyman,Ononis viscosa,Sophora chrysophylla (Salisb.) Seem.,Sophora chrysophylla,Ononis,Sophora
921901,Indigofera macrostachya Willd. ex Spreng.,Indigofera kirilowii Maxim. ex Palibin,Indigofera kirilowii Maxim. ex Palibin,Indigofera kirilowii Maxim. ex Palibin,Indigofera kirilowii,Dalea coerulea var. coerulea (L.f.) Schinz & Thell.,Dalea coerulea,Indigofera,Dalea
921971,Cracca pulchella (Hook.f.) Kuntze,Vicia pulchella Kunth,Vicia pulchella Kunth,Vicia pulchella Kunth,Vicia pulchella,Tephrosia linearis var. linearis ,Tephrosia linearis,Vicia,Tephrosia
922020,Pterocarpus dalbergiodes Kuntze,Derris microphylla Hassk.,Derris microphylla Hassk.,Derris microphylla Hassk.,Derris microphylla,Brachypterum microphyllum Miq.,Brachypterum microphyllum,Derris,Brachypterum
922263,Schotia bequaertii var. bergeri (De Wild.) J.Léonard,Leonardoxa bequaertii var. bergeri Leonard,Leonardoxa bequaertii var. bergeri Leonard,Leonardoxa bequaertii var. bergeri Leonard,Leonardoxa bequaertii,Normandiodendron bequaertii (De Wild.) J.Léonard,Normandiodendron bequaertii,Leonardoxa,Normandiodendron
922478,"Acacia pringlei subsp. californica (Brandegee) Y.S.Lee, D.Seigler & Ebinger",Acacia pringlei subsp. californica (Brandegee) Y.S.Lee & al.,Acacia pringlei subsp. californica (Brandegee) Y.S.Lee & al.,Acacia pringlei subsp. californica (Brandegee) Y.S.Lee & al.,Acacia pringlei,Vachellia californica (Brandegee) Seigler & Ebinger,Vachellia californica,Acacia,Vachellia
926147,Salacia petiolata A.C.Sm.,Salacia ulei Loes.,Salacia ulei Loes.,Salacia ulei Loes.,Salacia ulei,Peritassa petiolata (A.C.Sm.) Lombardi,Peritassa petiolata,Salacia,Peritassa
926156,Salacia affinis Peyr.,Cheiloclinium cognatum (Miers) A.C.Sm.,Cheiloclinium cognatum (Miers) A.C.Sm.,Cheiloclinium cognatum (Miers) A.C.Sm.,Cheiloclinium cognatum,Salacia elliptica G.Don,Salacia elliptica,Cheiloclinium,Salacia
930408,Persea orizabae M.Martens & Galeotti,Licaria triandra (Sw.) Kosterm.,Licaria triandra (Sw.) Kosterm.,Licaria triandra (Sw.) Kosterm.,Licaria triandra,Litsea glaucescens Kunth,Litsea glaucescens,Licaria,Litsea
930756,Persea cavaleriei (H.Lév.) Kosterm.,Phoebe cavaleriei (H.Lév.) Y.Yang & Bing Liu,Phoebe cavaleriei (H.Lév.) Y.Yang & Bing Liu,Phoebe cavaleriei (H.Lév.) Y.Yang & Bing Liu,Phoebe cavaleriei,Machilus cavaleriei H.Lév.,Machilus cavaleriei,Phoebe,Machilus
930797,Licaria quixos (Lam.) Kosterm.,Licaria triandra (Sw.) Kosterm.,Licaria triandra (Sw.) Kosterm.,Licaria triandra (Sw.) Kosterm.,Licaria triandra,Mespilodaphne quixos (Lam.) Rohwer,Mespilodaphne quixos,Licaria,Mespilodaphne
939930,Memecylon bebaiense Gilg ex Engl.,Warneckea bebaiensis (Gilg ex Engl.) Jacq.-Fél.,Warneckea bebaiensis (Gilg ex Engl.) Jacq.-Fél.,Warneckea bebaiensis (Gilg ex Engl.) Jacq.-Fél.,Warneckea bebaiensis,Memecylon bebaiense Gilg ex Engl.,Memecylon bebaiense,Warneckea,Memecylon
939994,Osbeckia pauciramosa Jacq.-Fél.,Dissotis bureaevii A.Fern. & R.Fern.,Dissotis bureaevii A.Fern. & R.Fern.,Dissotis bureaevii A.Fern. & R.Fern.,Dissotis bureaevii,Eleotis buraeavi (Cogn.) Ver.-Lib. & R.D.Stone,Eleotis buraeavi,Dissotis,Eleotis
941424,Cremanium axillare Macfad.,Mecranium axillare subsp. axillare ,Mecranium axillare subsp. axillare ,Mecranium axillare subsp. axillare ,Mecranium axillare,"Miconia axillaris (Macfad.) Skean, Judd & Majure",Miconia axillaris,Mecranium,Miconia
941437,Ossaea integrifolia Naudin,Mecranium integrifolium subsp. integrifolium ,Mecranium integrifolium subsp. integrifolium ,Mecranium integrifolium subsp. integrifolium ,Mecranium integrifolium,"Miconia antillana Skean, Judd & Majure",Miconia antillana,Mecranium,Miconia
941439,Mecranium amygdalinum var. integrifolia Cogn.,Mecranium integrifolium subsp. integrifolium ,Mecranium integrifolium subsp. integrifolium ,Mecranium integrifolium subsp. integrifolium ,Mecranium integrifolium,"Miconia antillana Skean, Judd & Majure",Miconia antillana,Mecranium,Miconia
947463,Papaver argemone subsp. belangeri Takht.,Papaver minus (Boivin ex Bél.) Meikle,Papaver minus (Boivin ex Bél.) Meikle,Papaver minus (Boivin ex Bél.) Meikle,Papaver minus,"Roemeria minor (Boiv.) Banfi, Bartolucci, J.-M.Tison & Galasso",Roemeria minor,Papaver,Roemeria
1070682,Leucothoe chapadensis Kin.-Gouv.,Agarista chapadensis (Kin.-Gouv.) Judd,Agarista chapadensis (Kin.-Gouv.) Judd,Agarista chapadensis (Kin.-Gouv.) Judd,Agarista chapadensis,Leucothoe chapadensis Kin.-Gouv.,Leucothoe chapadensis,Agarista,Leucothoe
1070688,Leucothoe cordifolia Meisn.,Agarista pulchella var. cordifolia (Meisn.) Judd,Agarista pulchella var. cordifolia (Meisn.) Judd,Agarista pulchella var. cordifolia (Meisn.) Judd,Agarista pulchella,Leucothoe cordifolia Meisn.,Leucothoe cordifolia,Agarista,Leucothoe
1070691,Leucothoe hispidula (DC.) Meisn.,Agarista hispidula (DC.) Hook. ex Nied.,Agarista hispidula (DC.) Hook. ex Nied.,Agarista hispidula (DC.) Hook. ex Nied.,Agarista hispidula,Leucothoe hispidula (DC.) Meisn.,Leucothoe hispidula,Agarista,Leucothoe
1070692,Leucothoe breviflora Meisn.,Agarista hispidula (DC.) Hook. ex Nied.,Agarista hispidula (DC.) Hook. ex Nied.,Agarista hispidula (DC.) Hook. ex Nied.,Agarista hispidula,Leucothoe breviflora Meisn.,Leucothoe breviflora,Agarista,Leucothoe
1070694,Leucothoe intermedia Meisn.,Agarista hispidula (DC.) Hook. ex Nied.,Agarista hispidula (DC.) Hook. ex Nied.,Agarista hispidula (DC.) Hook. ex Nied.,Agarista hispidula,Leucothoe intermedia Meisn.,Leucothoe intermedia,Agarista,Leucothoe
1074968,Andromeda pulverulenta W.Bartram,Zenobia pulverulenta (W.Bartram ex Willd.) Pollard,Zenobia pulverulenta (W.Bartram ex Willd.) Pollard,Zenobia pulverulenta (W.Bartram ex Willd.) Pollard,Zenobia pulverulenta,Andromeda pulverulenta W.Bartram,Andromeda pulverulenta,Zenobia,Andromeda
1078385,Vaccinium montanum Pohl,Gaylussacia montana (Pohl) Sleumer,Gaylussacia montana (Pohl) Sleumer,Gaylussacia montana (Pohl) Sleumer,Gaylussacia montana,Vaccinium montanum Pohl,Vaccinium montanum,Gaylussacia,Vaccinium
1080204,Leucothoe brevistipes C.Y.Wu & T.Z.Xu,Gaultheria brevistipes (C.Y.Wu & T.Z.Hsu) R.C.Fang,Gaultheria brevistipes (C.Y.Wu & T.Z.Hsu) R.C.Fang,Gaultheria brevistipes (C.Y.Wu & T.Z.Hsu) R.C.Fang,Gaultheria brevistipes,Leucothoe brevistipes C.Y.Wu & T.Z.Xu,Leucothoe brevistipes,Gaultheria,Leucothoe
1086795,Papaver pavoninum f. pavoninum ,Papaver pavoninum C.A.Mey.,Papaver pavoninum C.A.Mey.,Papaver pavoninum C.A.Mey.,Papaver pavoninum,"Roemeria pavonina (Schrenk ex Fisch. & C.A.Mey.) Banfi, Bartolucci, J.-M.Tison & Galasso",Roemeria pavonina,Papaver,Roemeria
1086818,Leucothoe itatiaiae (Wawra) Drude,Gaultheria itatiaiae Wawra,Gaultheria itatiaiae Wawra,Gaultheria itatiaiae Wawra,Gaultheria itatiaiae,Leucothoe itatiaiae (Wawra) Drude,Leucothoe itatiaiae,Gaultheria,Leucothoe
1094657,Rhexia oxypetala Spreng.,Pleroma oxypetala (Ruiz & Pav.) A.Chev.,Pleroma oxypetala (Ruiz & Pav.) A.Chev.,Pleroma oxypetala (Ruiz & Pav.) A.Chev.,Pleroma oxypetala,Rhexia oxypetala Spreng.,Rhexia oxypetala,Pleroma,Rhexia
1106834,Vaccinium ledifolium Pohl,Gaylussacia incana Cham.,Gaylussacia incana Cham.,Gaylussacia incana Cham.,Gaylussacia incana,Vaccinium ledifolium Pohl,Vaccinium ledifolium,Gaylussacia,Vaccinium
1106838,Syringodea grandiflora (Ruiz & Pav. ex G.Don) G.Don,Erica abietina subsp. aurantiaca E.G.H.Oliv. & I.M.Oliv.,Erica abietina subsp. aurantiaca E.G.H.Oliv. & I.M.Oliv.,Erica grandiflora L.f.,Erica grandiflora,Pellegrinia grandiflora (Ruiz & Pav.) Sleumer,Pellegrinia grandiflora,Erica,Pellegrinia
1111770,Rhynchanthera adenophora Miq.,Acisanthera uniflora (Vahl) Gleason,Acisanthera uniflora (Vahl) Gleason,Acisanthera uniflora (Vahl) Gleason,Acisanthera uniflora,Rhynchanthera grandiflora DC.,Rhynchanthera grandiflora,Acisanthera,Rhynchanthera
1137114,Acacia plumosa Martius ex Colla,Senegalia lowei (L.Rico) Seigler & Ebinger,Senegalia lowei (L.Rico) Seigler & Ebinger,Senegalia lowei (L.Rico) Seigler & Ebinger,Senegalia lowei,Piptadenia trisperma (Vell.) Benth.,Piptadenia trisperma,Senegalia,Piptadenia
1138185,Galactia rugosa f. ovalifolia Hassl.,Camptosema ellipticum (Desv.) Burkart,Camptosema ellipticum (Desv.) Burkart,Camptosema ellipticum (Desv.) Burkart,Camptosema ellipticum,Cerradicola elliptica (Desv.) L.P.Queiroz,Cerradicola elliptica,Camptosema,Cerradicola
1139727,Clinomicromeria × hostii (Caruel) Govaerts,Clinopodium × hostii (Caruel) Bräuchler,Clinopodium × hostii (Caruel) Bräuchler,Clinopodium × hostii (Caruel) Bräuchler,Clinopodium hostii,Clinomicromeria × hostii (Caruel) Govaerts,Clinomicromeria hostii,Clinopodium,Clinomicromeria
1151045,Solori microphylla (Miq.) Sirich. & Adema,Derris microphylla Hassk.,Derris microphylla Hassk.,Derris microphylla Hassk.,Derris microphylla,Brachypterum microphyllum Miq.,Brachypterum microphyllum,Derris,Brachypterum
1167736,Galactia rugosa var. guaranitica Hassl.,Camptosema ellipticum (Desv.) Burkart,Camptosema ellipticum (Desv.) Burkart,Camptosema ellipticum (Desv.) Burkart,Camptosema ellipticum,Cerradicola elliptica (Desv.) L.P.Queiroz,Cerradicola elliptica,Camptosema,Cerradicola
1167737,Galactia rugosa var. intermedia Hassl.,Camptosema ellipticum (Desv.) Burkart,Camptosema ellipticum (Desv.) Burkart,Camptosema ellipticum (Desv.) Burkart,Camptosema ellipticum,Cerradicola elliptica (Desv.) L.P.Queiroz,Cerradicola elliptica,Camptosema,Cerradicola
1167738,Galactia rugosa var. sericea Hassl.,Camptosema ellipticum (Desv.) Burkart,Camptosema ellipticum (Desv.) Burkart,Camptosema ellipticum (Desv.) Burkart,Camptosema ellipticum,Cerradicola elliptica (Desv.) L.P.Queiroz,Cerradicola elliptica,Camptosema,Cerradicola
1168031,Meibomia lineata var. polymorpha Vail,Dendrolobium triangulare (Retz.) Schindl.,Dendrolobium triangulare (Retz.) Schindl.,Dendrolobium triangulare (Retz.) Schindl.,Dendrolobium triangulare,Desmodium lineatum DC.,Desmodium lineatum,Dendrolobium,Desmodium
1169864,Oxylobium scandens var. obovatum (A.Gray) Benth.,Gastrolobium dilatatum (Benth.) G.Chandler & Crisp,Gastrolobium dilatatum (Benth.) G.Chandler & Crisp,Gastrolobium dilatatum (Benth.) G.Chandler & Crisp,Gastrolobium dilatatum,Podolobium scandens (Sm.) DC.,Podolobium scandens,Gastrolobium,Podolobium
1172203,Pithecellobium alexandri var. intermedium Urb.,Abarema alexandri (Urb.) Barneby & J.W.Grimes,Abarema alexandri (Urb.) Barneby & J.W.Grimes,Jupunba alexandri (Urb.) Britton & Rose,Jupunba alexandri,Abarema alexandri var. alexandri ,Abarema alexandri,Jupunba,Abarema
1172246,Pleroma barbigerum var. lepidotum (Naudin) Triana,Pleroma lepidotum Triana,Pleroma lepidotum Triana,Andesanthus lepidotus (Humb. & Bonpl.) P.J.F.Guim. & Michelang.,Andesanthus lepidotus,Tibouchina mathaei Cogn.,Tibouchina mathaei,Andesanthus,Tibouchina
1176628,Chorizema daviesioides var. preissianum Meisn.,Mirbelia ramulosa C.A.Gardner,Mirbelia ramulosa C.A.Gardner,Mirbelia ramulosa C.A.Gardner,Mirbelia ramulosa,Jacksonia furcellata (Bonpl.) DC.,Jacksonia furcellata,Mirbelia,Jacksonia
1182648,Trifolium pannonicum var. moldavicum A.T.Szabó,Tripolium pannonicum (Jacq.) Dobrocz.,Tripolium pannonicum (Jacq.) Dobrocz.,Tripolium pannonicum (Jacq.) Dobrocz.,Tripolium pannonicum,Trifolium pannonicum subsp. pannonicum ,Trifolium pannonicum,Tripolium,Trifolium
1202348,Trifolium pannonicum var. rubrocalycinum Podp.,Tripolium pannonicum subsp. pannonicum ,Tripolium pannonicum subsp. pannonicum ,Tripolium pannonicum subsp. pannonicum ,Tripolium pannonicum,Trifolium pannonicum subsp. pannonicum ,Trifolium pannonicum,Tripolium,Trifolium
1203084,Acanthobotrya Eckl. & Zeyh.,Lebeckia Thunb.,Lebeckia Thunb.,Lebeckia Thunb.,,Calobota Eckl. & Zeyh.,,Lebeckia,Calobota
1203415,Adiantopsis Fée,Hemionitis L.,Hemionitis L.,Hemionitis L.,,Adiantopsis Fée,,Hemionitis,Adiantopsis
1203529,Agalma Miq.,Schefflera J.R.Forst. & G.Forst.,Schefflera J.R.Forst. & G.Forst.,Schefflera J.R.Forst. & G.Forst.,,Heptapleurum Gaertn.,,Schefflera,Heptapleurum
1204343,Anplectrum A.Gray,Dissochaeta Blume,Dissochaeta Blume,Dissochaeta Blume,,Diplectria Rchb.,,Dissochaeta,Diplectria
1204819,Arthrosprion Hassk.,Acacia Mill.,Acacia Mill.,Acacia Mill.,,Senegalia Raf.,,Acacia,Senegalia
1204828,Artrolobium Desv.,Ornithopus L.,Ornithopus L.,Ornithopus L.,,Coronilla L.,,Ornithopus,Coronilla
1205197,Backebergia Bravo,Pachycereus (A.Berger) Britton & Rose,Pachycereus (A.Berger) Britton & Rose,Pachycereus (A.Berger) Britton & Rose,,Backebergia Bravo,,Pachycereus,Backebergia
1205198,Backeria Bakh.f.,Dissochaeta Blume,Dissochaeta Blume,Dissochaeta Blume,,Diplectria Rchb.,,Dissochaeta,Diplectria
1205233,Bakeria Seem.,Schefflera J.R.Forst. & G.Forst.,Schefflera J.R.Forst. & G.Forst.,Schefflera J.R.Forst. & G.Forst.,,Plerandra A.Gray,,Schefflera,Plerandra
1205601,Binaria Raf.,Bauhinia Plum. ex L.,Bauhinia Plum. ex L.,Bauhinia Plum. ex L.,,Schnella Raddi,,Bauhinia,Schnella
1205735,Boelia Webb,Genista L.,Genista L.,Genista L.,,Retama Raf.,,Genista,Retama
1205983,Brasilettia (DC.) Kuntze,Caesalpinia Plum. ex L.,Caesalpinia Plum. ex L.,Caesalpinia Plum. ex L.,,Coulteria Kunth,,Caesalpinia,Coulteria
1206278,Cadelium Medik.,Pueraria DC.,Pueraria DC.,Pueraria DC.,,Glycine Willd.,,Pueraria,Glycine
1206383,Callistachys Vent.,Oxylobium Andrews,Oxylobium Andrews,Oxylobium Andrews,,Callistachys Vent.,,Oxylobium,Callistachys
1206764,Carterella Terrell,Hedyotis L.,Hedyotis L.,Hedyotis L.,,Carterella Terrell,,Hedyotis,Carterella
1206869,Catinga Aubl.,Calycorectes O.Berg,Calycorectes O.Berg,Calycorectes O.Berg,,Eugenia L.,,Calycorectes,Eugenia
1207137,Chaetogastra DC.,Tibouchina Aubl.,Tibouchina Aubl.,Tibouchina Aubl.,,Chaetogastra DC.,,Tibouchina,Chaetogastra
1207555,Chrystolia Montrouz. ex Beauvis.,Pueraria DC.,Pueraria DC.,Pueraria DC.,,Glycine Willd.,,Pueraria,Glycine
1208158,Corothamnus (W.D.J.Koch) C.Presl,Genista L.,Genista L.,Genista L.,,Cytisus Desf.,,Genista,Cytisus
1208433,Cruddasia Prain,Ophrestia H.M.L.Forbes,Ophrestia H.M.L.Forbes,Ophrestia H.M.L.Forbes,,Cruddasia Prain,,Ophrestia,Cruddasia
1208529,Cubeba Raf.,Piper L.,Piper L.,Piper L.,,Litsea Lam.,,Piper,Litsea
1208552,Cullenia Wight,Durio Adans.,Durio Adans.,Durio Adans.,,Cullenia Wight,,Durio,Cullenia
1208734,Cymbosema Benth.,Dioclea Kunth,Dioclea Kunth,Dioclea Kunth,,Cymbosema Benth.,,Dioclea,Cymbosema
1209434,Didymopanax Decne. & Planch.,Schefflera J.R.Forst. & G.Forst.,Schefflera J.R.Forst. & G.Forst.,Schefflera J.R.Forst. & G.Forst.,,Didymopanax Decne. & Planch.,,Schefflera,Didymopanax
1209791,Dizygotheca N.E.Br.,Schefflera J.R.Forst. & G.Forst.,Schefflera J.R.Forst. & G.Forst.,Schefflera J.R.Forst. & G.Forst.,,Plerandra A.Gray,,Schefflera,Plerandra
1209837,Dollinera Endl.,Desmodium Desv.,Desmodium Desv.,Desmodium Desv.,,Ototropis Nees,,Desmodium,Ototropis
1209870,Dorychnium Royen ex Moench,Psoralea L.,Psoralea L.,Psoralea L.,,Cullen Medik.,,Psoralea,Cullen
1209924,Drepanolobus Nutt.,Hosackia Douglas ex Benth.,Hosackia Douglas ex Benth.,Hosackia Douglas ex Benth.,,Acmispon Raf.,,Hosackia,Acmispon
1210246,Elayuna Raf.,Bauhinia Plum. ex L.,Bauhinia Plum. ex L.,Bauhinia Plum. ex L.,,Piliostigma Hochst.,,Bauhinia,Piliostigma
1210275,Eleuthranthes F.Muell. ex Benth.,Opercularia Gaertn.,Opercularia Gaertn.,Opercularia Gaertn.,,Eleuthranthes F.Muell. ex Benth.,,Opercularia,Eleuthranthes
1210923,Evea Aubl.,Psychotria L.,Psychotria L.,Psychotria L.,,Faramea Aubl.,,Psychotria,Faramea
1211675,Glycyrrhizopsis Boiss.,Glycyrrhiza Tourn. ex L.,Glycyrrhiza Tourn. ex L.,Glycyrrhiza Tourn. ex L.,,Glycyrrhizopsis Boiss.,,Glycyrrhiza,Glycyrrhizopsis
1212585,Hephestionia Naudin,Tibouchina Aubl.,Tibouchina Aubl.,Tibouchina Aubl.,,Chaetogastra DC.,,Tibouchina,Chaetogastra
1213861,Kennedynella Steud.,Pueraria DC.,Pueraria DC.,Pueraria DC.,,Glycine Willd.,,Pueraria,Glycine
1213948,Klugiodendron Britton & Killip,Abarema Pittier,Abarema Pittier,Abarema Pittier,,Jupunba ,,Abarema,Jupunba
1214259,Lasiandra DC.,Tibouchina Aubl.,Tibouchina Aubl.,Tibouchina Aubl.,,Pleroma D.Don,,Tibouchina,Pleroma
1214504,Lepidocoryphantha Backeb.,Coryphantha (Engelm.) Lem.,Coryphantha (Engelm.) Lem.,Coryphantha (Engelm.) Lem.,,Pelecyphora C.Ehrenb.,,Coryphantha,Pelecyphora
1214590,Leptocyamus Benth.,Pueraria DC.,Pueraria DC.,Pueraria DC.,,Glycine Willd.,,Pueraria,Glycine
1215169,Ludovicia Coss.,Tripodion Medik.,Tripodion Medik.,Tripodion Medik.,,Hammatolobium Fenzl,,Tripodion,Hammatolobium
1215527,Manglesia ,Grevillea R.Br. ex Knight,Grevillea R.Br. ex Knight,Grevillea R.Br. ex Knight,,Melaleuca L.,,Grevillea,Melaleuca
1216094,Micranthella Naudin,Tibouchina Aubl.,Tibouchina Aubl.,Tibouchina Aubl.,,Chaetogastra DC.,,Tibouchina,Chaetogastra
1216105,Microberlinia A.Chev.,Berlinia Sol. ex Hook.f.,Berlinia Sol. ex Hook.f.,Berlinia Sol. ex Hook.f.,,Microberlinia A.Chev.,,Berlinia,Microberlinia
1216343,Mitrocereus (Backeb.) Backeb.,Cephalocereus Pfeiff.,Cephalocereus Pfeiff.,Cephalocereus Pfeiff.,,Backebergia Bravo,,Cephalocereus,Backebergia
1217189,Nesopanax Seem.,Schefflera J.R.Forst. & G.Forst.,Schefflera J.R.Forst. & G.Forst.,Schefflera J.R.Forst. & G.Forst.,,Plerandra A.Gray,,Schefflera,Plerandra
1217322,Nonatelia Aubl.,Psychotria L.,Psychotria L.,Psychotria L.,,Palicourea Aubl.,,Psychotria,Palicourea
1217346,Noterophila Mart.,Acisanthera P.Browne,Acisanthera P.Browne,Acisanthera P.Browne,,Noterophila Mart.,,Acisanthera,Noterophila
1217823,Oreocosmus Naudin,Tibouchina Aubl.,Tibouchina Aubl.,Tibouchina Aubl.,,Chaetogastra DC.,,Tibouchina,Chaetogastra
1218477,Paratropia DC.,Schefflera J.R.Forst. & G.Forst.,Schefflera J.R.Forst. & G.Forst.,Schefflera J.R.Forst. & G.Forst.,,Heptapleurum Gaertn.,,Schefflera,Heptapleurum
1218529,Passaea ,Bernardia Mill.,Bernardia Mill.,Bernardia Mill.,,Ononis L.,,Bernardia,Ononis
1218836,Perittium Vogel,Melanoxylum Schott,Melanoxylum Schott,Melanoxylum Schott,,Melanoxylon Schott,,Melanoxylum,Melanoxylon
1218839,Perlebia ,Heptaptera Marg. & Reut.,Heptaptera Marg. & Reut.,Heptaptera Marg. & Reut.,,Bauhinia Plum. ex L.,,Heptaptera,Bauhinia
1219311,Pileostigma Hochst.,Bauhinia Plum. ex L.,Bauhinia Plum. ex L.,Bauhinia Plum. ex L.,,Piliostigma Hochst.,,Bauhinia,Piliostigma
1219603,Pleimeris Raf.,Gardenia J.Ellis,Gardenia J.Ellis,Gardenia J.Ellis,,Thunbergia Retz.,,Gardenia,Thunbergia
1220585,Pterocereus T.MacDoug. & Miranda,Pachycereus (A.Berger) Britton & Rose,Pachycereus (A.Berger) Britton & Rose,Pachycereus (A.Berger) Britton & Rose,,Pterocereus T.MacDoug. & Miranda,,Pachycereus,Pterocereus
1220705,Punjuba Britton & Rose,Abarema Pittier,Abarema Pittier,Abarema Pittier,,Punjuba Britton & Rose,,Abarema,Punjuba
1220712,Purpurella Naudin,Tibouchina Aubl.,Tibouchina Aubl.,Tibouchina Aubl.,,Chaetogastra DC.,,Tibouchina,Chaetogastra
1221381,Roemeria Medik.,Papaver L.,Papaver L.,Papaver L.,,Roemeria Medik.,,Papaver,Roemeria
1221963,Schizocalomyrtus Kausel,Calycorectes O.Berg,Calycorectes O.Berg,Calycorectes O.Berg,,Eugenia L.,,Calycorectes,Eugenia
1222108,Sciodaphyllum P.Browne,Schefflera J.R.Forst. & G.Forst.,Schefflera J.R.Forst. & G.Forst.,Schefflera J.R.Forst. & G.Forst.,,Sciodaphyllum P.Browne,,Schefflera,Sciodaphyllum
1222301,Semarilla Raf.,Celastrus L.,Celastrus L.,Celastrus L.,,Gymnosporia (Wight & Arn.) Benth. & Hook.f.,,Celastrus,Gymnosporia
1222642,Sloetiopsis Engl.,Streblus Lour.,Streblus Lour.,Streblus Lour.,,Sloetiopsis Engl.,,Streblus,Sloetiopsis
1222682,Soja Moench,Pueraria DC.,Pueraria DC.,Pueraria DC.,,Glycine Willd.,,Pueraria,Glycine
1224290,Tournaya A.Schmitz,Gigasiphon Drake,Gigasiphon Drake,Gigasiphon Drake,,Tournaya A.Schmitz,,Gigasiphon,Tournaya
1224292,Tournefortiopsis Rusby,Guettarda L.,Guettarda L.,Guettarda L.,,Tournefortiopsis Rusby,,Guettarda,Tournefortiopsis
1224563,Triendilix Raf.,Pueraria DC.,Pueraria DC.,Pueraria DC.,,Glycine Willd.,,Pueraria,Glycine
1224905,Unjala Blume,Schefflera J.R.Forst. & G.Forst.,Schefflera J.R.Forst. & G.Forst.,Schefflera J.R.Forst. & G.Forst.,,Heptapleurum Gaertn.,,Schefflera,Heptapleurum
1226801,Bolducia Neck.,Taralea Aubl.,Taralea Aubl.,Taralea Aubl.,,Dipteryx Schreb.,,Taralea,Dipteryx
1226843,Solori Adans.,Derris Lour.,Derris Lour.,Derris Lour.,,Brachypterum (Wight & Arn.) Benth.,,Derris,Brachypterum
1227284,Gynapteina Spach,Schefflera J.R.Forst. & G.Forst.,Schefflera J.R.Forst. & G.Forst.,Schefflera J.R.Forst. & G.Forst.,,Heptapleurum Gaertn.,,Schefflera,Heptapleurum
