,taxon_name_w_authors,202312_accepted_name_w_author,202406_taxon_name_w_authors,202406_chained_accepted_name_w_author,202406_chained_accepted_species,202406_direct_accepted_name_w_author,202406_direct_accepted_species,202406_chained_accepted_genus,202406_direct_accepted_genus
2690,Hieracium melanophaeum (Nägeli & Peter) Prain,Pilosella piloselloides subsp. praealta (Gochnat) S.Bräut. & Greuter,Pilosella piloselloides subsp. praealta (Gochnat) S.Bräut. & Greuter,Pilosella piloselloides subsp. praealta (Gochnat) S.Bräut. & Greuter,Pilosella piloselloides,Hieracium chondrillifolium subsp. melanophaeum (Nägeli & Peter) Zahn,Hieracium chondrillifolium,Pilosella,Hieracium
2897,Scorzonera lasiospora Boiss. & Balansa,Scorzonera latifolia DC.,Scorzonera latifolia DC.,Scorzonera latifolia DC.,Scorzonera latifolia,"Gelasia latifolia (Fisch. & C.A.Mey.) Zaika, Sukhor. & N.Kilian",Gelasia latifolia,Scorzonera,Gelasia
6122,Lasiospora latifolia Fisch. & C.A.Mey.,Scorzonera latifolia DC.,Scorzonera latifolia DC.,Scorzonera latifolia DC.,Scorzonera latifolia,"Gelasia latifolia (Fisch. & C.A.Mey.) Zaika, Sukhor. & N.Kilian",Gelasia latifolia,Scorzonera,Gelasia
6327,Picris humifusa Willd.,Helminthotheca echioides (L.) Holub,Helminthotheca echioides (L.) Holub,Helminthotheca echioides (L.) Holub,Helminthotheca echioides,Picris hieracioides L.,Picris hieracioides,Helminthotheca,Picris
6901,Hieracium scabricaule Bisch.,Pilosella balansae (Boiss.) S.Bräut. & Greuter,Pilosella balansae (Boiss.) S.Bräut. & Greuter,Pilosella balansae (Boiss.) S.Bräut. & Greuter,Pilosella balansae,Hieracium scabricaule Bisch.,Hieracium scabricaule,Pilosella,Hieracium
10321,Lasiospora nervosa Sch.Bip.,Scorzonera latifolia DC.,Scorzonera latifolia DC.,Scorzonera latifolia DC.,Scorzonera latifolia,"Gelasia latifolia (Fisch. & C.A.Mey.) Zaika, Sukhor. & N.Kilian",Gelasia latifolia,Scorzonera,Gelasia
10819,Hieracium tubulosum (Tausch) Tausch,Schlagintweitia intybacea (All.) Griseb.,Schlagintweitia intybacea (All.) Griseb.,Schlagintweitia intybacea (All.) Griseb.,Schlagintweitia intybacea,Hieracium alpinum subsp. tubulosum (Tausch) Zahn,Hieracium alpinum,Schlagintweitia,Hieracium
19604,Apargia pyrenaica Sternb. & Hoppe ex Steud.,Leontodon hispidus subsp. montanus (Ball) Greuter,Leontodon hispidus subsp. montanus (Ball) Greuter,Leontodon hispidus subsp. montanus (Ball) Greuter,Leontodon hispidus,Scorzoneroides pyrenaica (Gouan) Holub,Scorzoneroides pyrenaica,Leontodon,Scorzoneroides
20669,Prenanthes formosana Kitam.,Notoseris melanantha (Franch.) C.Shih,Notoseris melanantha (Franch.) C.Shih,Paraprenanthes melanantha (Franch.) Ze H.Wang,Paraprenanthes melanantha,Notoseris macilenta (Vaniot & H.Lév.) N.Kilian,Notoseris macilenta,Paraprenanthes,Notoseris
27908,Hieracium scabrum Michx.,Pilosella verruculata subsp. verruculata ,Pilosella verruculata subsp. verruculata ,Pilosella verruculata subsp. verruculata ,Pilosella verruculata,Hieracium scabrum Michx.,Hieracium scabrum,Pilosella,Hieracium
28916,Scorzonera paniculata Boiss.,Scorzonera latifolia DC.,Scorzonera latifolia DC.,Scorzonera latifolia DC.,Scorzonera latifolia,"Gelasia latifolia (Fisch. & C.A.Mey.) Zaika, Sukhor. & N.Kilian",Gelasia latifolia,Scorzonera,Gelasia
33615,Notoseris henryi (Dunn) C.Shih,Notoseris melanantha (Franch.) C.Shih,Notoseris melanantha (Franch.) C.Shih,Paraprenanthes melanantha (Franch.) Ze H.Wang,Paraprenanthes melanantha,Notoseris henryi (Dunn) C.Shih,Notoseris henryi,Paraprenanthes,Notoseris
35356,Scorzonera latifolia var. abbreviata Lipsch.,Scorzonera latifolia DC.,Scorzonera latifolia DC.,Scorzonera latifolia DC.,Scorzonera latifolia,"Gelasia latifolia (Fisch. & C.A.Mey.) Zaika, Sukhor. & N.Kilian",Gelasia latifolia,Scorzonera,Gelasia
37146,Sonchus agrestis Swartz,Erechtites hieraciifolius (L.) Raf. ex DC.,Erechtites hieraciifolius (L.) Raf. ex DC.,Erechtites hieraciifolius (L.) Raf. ex DC.,Erechtites hieraciifolius,Sonchus agrestis Swartz,Sonchus agrestis,Erechtites,Sonchus
40546,Scorzonera latifolia var. typica Trautv.,Scorzonera latifolia DC.,Scorzonera latifolia DC.,Scorzonera latifolia DC.,Scorzonera latifolia,"Gelasia latifolia (Fisch. & C.A.Mey.) Zaika, Sukhor. & N.Kilian",Gelasia latifolia,Scorzonera,Gelasia
41193,Scorzonera latifolia var. glabrata Trautv.,Scorzonera latifolia DC.,Scorzonera latifolia DC.,Scorzonera latifolia DC.,Scorzonera latifolia,"Gelasia latifolia (Fisch. & C.A.Mey.) Zaika, Sukhor. & N.Kilian",Gelasia latifolia,Scorzonera,Gelasia
41807,Scorzonera latifolia var. media Lipsch.,Scorzonera latifolia DC.,Scorzonera latifolia DC.,Scorzonera latifolia DC.,Scorzonera latifolia,"Gelasia latifolia (Fisch. & C.A.Mey.) Zaika, Sukhor. & N.Kilian",Gelasia latifolia,Scorzonera,Gelasia
43093,Scorzonera multiscapa var. compacta Boiss.,Scorzonera phaeopappa Boiss.,Scorzonera phaeopappa Boiss.,Scorzonera phaeopappa Boiss.,Scorzonera phaeopappa,"Pseudopodospermum phaeopappum (Boiss.) Zaika, Sukhor. & N.Kilian",Pseudopodospermum phaeopappum,Scorzonera,Pseudopodospermum
43156,Scorzonera phaeopappa var. minor Boiss.,Scorzonera phaeopappa Boiss.,Scorzonera phaeopappa Boiss.,Scorzonera phaeopappa Boiss.,Scorzonera phaeopappa,"Pseudopodospermum phaeopappum (Boiss.) Zaika, Sukhor. & N.Kilian",Pseudopodospermum phaeopappum,Scorzonera,Pseudopodospermum
43224,Scorzonera latifolia var. angustifolia Lipsch.,Scorzonera latifolia DC.,Scorzonera latifolia DC.,Scorzonera latifolia DC.,Scorzonera latifolia,"Gelasia latifolia (Fisch. & C.A.Mey.) Zaika, Sukhor. & N.Kilian",Gelasia latifolia,Scorzonera,Gelasia
43673,Sonchus libycus Spach,Sonchus fruticosus L.f.,Sonchus fruticosus L.f.,Sonchus fruticosus L.f.,Sonchus fruticosus,Launaea angustifolia subsp. arabica (Boiss.) N.Kilian,Launaea angustifolia,Sonchus,Launaea
44148,Scorzonera latifolia var. macrophylla Lipsch.,Scorzonera latifolia DC.,Scorzonera latifolia DC.,Scorzonera latifolia DC.,Scorzonera latifolia,"Gelasia latifolia (Fisch. & C.A.Mey.) Zaika, Sukhor. & N.Kilian",Gelasia latifolia,Scorzonera,Gelasia
61228,Prenanthes henryi Dunn,Notoseris melanantha (Franch.) C.Shih,Notoseris melanantha (Franch.) C.Shih,Paraprenanthes melanantha (Franch.) Ze H.Wang,Paraprenanthes melanantha,Notoseris henryi (Dunn) C.Shih,Notoseris henryi,Paraprenanthes,Notoseris
65948,Hieracium umbelliferum (Lindeb.) Norrl.,Pilosella densiflora (Tausch) Soják,Pilosella densiflora (Tausch) Soják,Pilosella densiflora (Tausch) Soják,Pilosella densiflora,Hieracium praenodatum Johanss.,Hieracium praenodatum,Pilosella,Hieracium
68602,Scorzonera multiscapa Boiss.,Scorzonera phaeopappa Boiss.,Scorzonera phaeopappa Boiss.,Scorzonera phaeopappa Boiss.,Scorzonera phaeopappa,"Pseudopodospermum phaeopappum (Boiss.) Zaika, Sukhor. & N.Kilian",Pseudopodospermum phaeopappum,Scorzonera,Pseudopodospermum
70907,Notoseris formosana (Kitam.) C.Shih,Notoseris melanantha (Franch.) C.Shih,Notoseris melanantha (Franch.) C.Shih,Paraprenanthes melanantha (Franch.) Ze H.Wang,Paraprenanthes melanantha,Notoseris macilenta (Vaniot & H.Lév.) N.Kilian,Notoseris macilenta,Paraprenanthes,Notoseris
71544,Scorzonera nervosa Trevir.,Scorzonera latifolia DC.,Scorzonera latifolia DC.,Scorzonera latifolia DC.,Scorzonera latifolia,"Gelasia latifolia (Fisch. & C.A.Mey.) Zaika, Sukhor. & N.Kilian",Gelasia latifolia,Scorzonera,Gelasia
73143,Andryala integrifolia var. diffusa DC.,Hieracium racemosum subsp. crinitum (Sm.) Rouy,Hieracium racemosum subsp. crinitum (Sm.) Rouy,Hieracium racemosum subsp. crinitum (Sm.) Rouy,Hieracium racemosum,Andryala integrifolia L.,Andryala integrifolia,Hieracium,Andryala
80993,Podospermum phaeopappum Boiss.,Scorzonera phaeopappa Boiss.,Scorzonera phaeopappa Boiss.,Scorzonera phaeopappa Boiss.,Scorzonera phaeopappa,"Pseudopodospermum phaeopappum (Boiss.) Zaika, Sukhor. & N.Kilian",Pseudopodospermum phaeopappum,Scorzonera,Pseudopodospermum
82746,Lactuca crepidioides Vaniot,Ixeris chinensis subsp. versicolor (Fisch. ex Link) Kitam.,Ixeris chinensis subsp. versicolor (Fisch. ex Link) Kitam.,Ixeris chinensis subsp. versicolor (Fisch. ex Link) Kitam.,Ixeris chinensis,Ixeridium dentatum subsp. dentatum ,Ixeridium dentatum,Ixeris,Ixeridium
85833,Leontodon autumnalis var. atlanticus Ball,Leontodon atlanticus (Ball) Widder,Leontodon atlanticus (Ball) Widder,Leontodon atlanticus (Ball) Widder,Leontodon atlanticus,Scorzoneroides atlantica (Ball) Holub,Scorzoneroides atlantica,Leontodon,Scorzoneroides
87248,Hieracium gracile var. densifloccum (Zahn) Cronquist,Pilosella tristis F.W.Schultz & Sch.Bip.,Pilosella tristis F.W.Schultz & Sch.Bip.,Pilosella tristis F.W.Schultz & Sch.Bip.,Pilosella tristis,Hieracium triste Willd. ex Spreng.,Hieracium triste,Pilosella,Hieracium
93537,Leontodon pavonii Boiss.,Leontodon hispidus L.,Leontodon hispidus L.,Leontodon hispidus L.,Leontodon hispidus,Hypochaeris radicata L.,Hypochaeris radicata,Leontodon,Hypochaeris
106211,Notoseris rhombiformis C.Shih,Notoseris melanantha (Franch.) C.Shih,Notoseris melanantha (Franch.) C.Shih,Paraprenanthes melanantha (Franch.) Ze H.Wang,Paraprenanthes melanantha,Notoseris khasiana (C.B.Clarke) N.Kilian,Notoseris khasiana,Paraprenanthes,Notoseris
128473,Collaea argentina Griseb.,Nanogalactia heterophylla (Gillies ex Hook.) L.P.Queiroz,Nanogalactia heterophylla (Gillies ex Hook.) L.P.Queiroz,Nanogalactia heterophylla (Gillies ex Hook.) L.P.Queiroz,Nanogalactia heterophylla,Collaea argentina Griseb.,Collaea argentina,Nanogalactia,Collaea
139079,Mimosa terminalis Vell.,Pseudalbizzia polycephala (Benth.) E.J.M.Koenen & Duno,Pseudalbizzia polycephala (Benth.) E.J.M.Koenen & Duno,Pseudalbizzia polycephala (Benth.) E.J.M.Koenen & Duno,Pseudalbizzia polycephala,"Hydrochorea pedicellaris (DC.) M.V.B.Soares, Iganci & M.P.Morim",Hydrochorea pedicellaris,Pseudalbizzia,Hydrochorea
150422,Indigofera enneaphylla L.,Indigofera tsiangiana Metcalf,Indigofera tsiangiana Metcalf,Indigofera tsiangiana Metcalf,Indigofera tsiangiana,Psoralea pinnata L.,Psoralea pinnata,Indigofera,Psoralea
155670,Feuilleea terminalis Kuntze,Pseudalbizzia polycephala (Benth.) E.J.M.Koenen & Duno,Pseudalbizzia polycephala (Benth.) E.J.M.Koenen & Duno,Pseudalbizzia polycephala (Benth.) E.J.M.Koenen & Duno,Pseudalbizzia polycephala,"Hydrochorea pedicellaris (DC.) M.V.B.Soares, Iganci & M.P.Morim",Hydrochorea pedicellaris,Pseudalbizzia,Hydrochorea
163792,Lens himalayensis (A.Braun & C.D.Bouché) Alef.,Lens culinaris subsp. culinaris ,Lens culinaris subsp. culinaris ,Vicia lens subsp. lens ,Vicia lens,Aa Rchb.f.,,Vicia,Aa
174078,Cytisus gallicus A.Kern. ex Willk. & Lange,Chamaecytisus supinus subsp. supinus ,Chamaecytisus supinus subsp. supinus ,Chamaecytisus supinus subsp. supinus ,Chamaecytisus supinus,Cytisus lotoides Pourr.,Cytisus lotoides,Chamaecytisus,Cytisus
188208,Listrostachys pescatoriana (Lindl.) S.Moore,Oeoniella polystachys (Thouars) Schltr.,Oeoniella polystachys (Thouars) Schltr.,Oeoniella polystachys (Thouars) Schltr.,Oeoniella polystachys,Listrostachys pertusa (Lindl.) Rchb.f.,Listrostachys pertusa,Oeoniella,Listrostachys
226136,Phyllanthus anabaptizatus Müll.Arg.,Glochidion zeylanicum (Gaertn.) A.Juss.,Glochidion zeylanicum (Gaertn.) A.Juss.,Glochidion zeylanicum (Gaertn.) A.Juss.,Glochidion zeylanicum,Phyllanthus zeylanicus Müll.Arg.,Phyllanthus zeylanicus,Glochidion,Phyllanthus
226679,Phyllanthus flueggeiformis Müll.Arg.,Flueggea virosa (Roxb. ex Willd.) Royle,Flueggea virosa (Roxb. ex Willd.) Royle,Flueggea virosa (Roxb. ex Willd.) Royle,Flueggea virosa,Phyllanthus glaucus Wall. ex Müll.Arg.,Phyllanthus glaucus,Flueggea,Phyllanthus
249752,Reidia polyphylla Wight,Phyllanthus zeylanicus (Gaertn.) Müll.Arg.,Phyllanthus zeylanicus (Gaertn.) Müll.Arg.,Glochidion zeylanicum (Gaertn.) A.Juss.,Glochidion zeylanicum,Phyllanthus zeylanicus Müll.Arg.,Phyllanthus zeylanicus,Glochidion,Phyllanthus
250086,Restrepia liebmanniana Kraenzl.,Acianthera strupifolia (Lindl.) Pridgeon & M.W.Chase,Acianthera strupifolia (Lindl.) Pridgeon & M.W.Chase,Acianthera strupifolia (Lindl.) Pridgeon & M.W.Chase,Acianthera strupifolia,Andreettaea marginata (Rich.) A.Doucette,Andreettaea marginata,Acianthera,Andreettaea
257206,Sarcanthus ornithorrhynchus Rchb.f.,Robiquetia rosea (Lindl.) Garay,Robiquetia rosea (Lindl.) Garay,Robiquetia rosea (Lindl.) Garay,Robiquetia rosea,Cleisostoma discolor Lindl.,Cleisostoma discolor,Robiquetia,Cleisostoma
260108,Schiedeella petiolata Schltr.,Greenwoodiella micrantha (Lex.) Salazar & R.Jiménez,Greenwoodiella micrantha (Lex.) Salazar & R.Jiménez,Greenwoodiella micrantha (Lex.) Salazar & R.Jiménez,Greenwoodiella micrantha,Schiedeella transversalis (A.Rich. & Galeotti) Schltr.,Schiedeella transversalis,Greenwoodiella,Schiedeella
260120,Schiedeella transversalis (A.Rich. & Galeotti) Schltr.,Greenwoodiella micrantha (Lex.) Salazar & R.Jiménez,Greenwoodiella micrantha (Lex.) Salazar & R.Jiménez,Greenwoodiella micrantha (Lex.) Salazar & R.Jiménez,Greenwoodiella micrantha,Schiedeella transversalis (A.Rich. & Galeotti) Schltr.,Schiedeella transversalis,Greenwoodiella,Schiedeella
266565,Spiranthes transversalis A.Rich. & Galeotti,Greenwoodiella micrantha (Lex.) Salazar & R.Jiménez,Greenwoodiella micrantha (Lex.) Salazar & R.Jiménez,Greenwoodiella micrantha (Lex.) Salazar & R.Jiménez,Greenwoodiella micrantha,Schiedeella transversalis (A.Rich. & Galeotti) Schltr.,Schiedeella transversalis,Greenwoodiella,Schiedeella
266571,Spiranthes tuerckheimii Schltr.,Greenwoodiella micrantha (Lex.) Salazar & R.Jiménez,Greenwoodiella micrantha (Lex.) Salazar & R.Jiménez,Greenwoodiella micrantha (Lex.) Salazar & R.Jiménez,Greenwoodiella micrantha,Schiedeella transversalis (A.Rich. & Galeotti) Schltr.,Schiedeella transversalis,Greenwoodiella,Schiedeella
285011,Vitex punctata Schauer,Teijsmanniodendron hollrungii (Warb.) Kosterm.,Teijsmanniodendron hollrungii (Warb.) Kosterm.,Teijsmanniodendron hollrungii (Warb.) Kosterm.,Teijsmanniodendron hollrungii,Vitex cofassus Reinw. ex Blume,Vitex cofassus,Teijsmanniodendron,Vitex
287363,Phyllanthus taitensis var. glabrescens Müll.Arg.,Phyllanthus mittenianus Hutch.,Phyllanthus mittenianus Hutch.,Phyllanthus mittenianus Hutch.,Phyllanthus mittenianus,Glochidion taitense Baill. ex Müll.Arg.,Glochidion taitense,Phyllanthus,Glochidion
287364,Glochidion ramiflorum var. macrophyllum Müll.Arg.,Phyllanthus mittenianus Hutch.,Phyllanthus mittenianus Hutch.,Phyllanthus mittenianus Hutch.,Phyllanthus mittenianus,Glochidion taitense Baill. ex Müll.Arg.,Glochidion taitense,Phyllanthus,Glochidion
287365,Phyllanthus ramiflorus var. macrophyllus (Müll.Arg.) Müll.Arg.,Phyllanthus mittenianus Hutch.,Phyllanthus mittenianus Hutch.,Phyllanthus mittenianus Hutch.,Phyllanthus mittenianus,Glochidion taitense Baill. ex Müll.Arg.,Glochidion taitense,Phyllanthus,Glochidion
318018,Mammillaria scheeri Muehlenpf.,Coryphantha robustispina subsp. scheeri (Lem.) N.P.Taylor,Coryphantha robustispina subsp. scheeri (Lem.) N.P.Taylor,Coryphantha robustispina subsp. scheeri (Lem.) N.P.Taylor,Coryphantha robustispina,Cochemiea conoidea (DC.) P.B.Breslin & Majure,Cochemiea conoidea,Coryphantha,Cochemiea
323589,Morisonia imrayi Griseb.,Styrax glaber Sw.,Styrax glaber Sw.,Styrax glaber Sw.,Styrax glaber,Morisonia americana L.,Morisonia americana,Styrax,Morisonia
326565,Nectandra caudata Nees & Mart. ex Meisn.,Dicypellium caryophyllaceum (Mart.) Nees & Mart.,Dicypellium caryophyllaceum (Mart.) Nees & Mart.,Dicypellium caryophyllaceum (Mart.) Nees & Mart.,Dicypellium caryophyllaceum,Licaria polyphylla (Nees) Kosterm.,Licaria polyphylla,Dicypellium,Licaria
329668,Ocotea endlicheriopsis Mez,Endlicheria canescens Chanderbali,Endlicheria canescens Chanderbali,Endlicheria canescens Chanderbali,Endlicheria canescens,Ocotea endlicheriopsis Mez,Ocotea endlicheriopsis,Endlicheria,Ocotea
334154,Bradleia acuminata Wall.,Phyllanthus mitchellii Benth.,Phyllanthus mitchellii Benth.,Phyllanthus mitchellii Benth.,Phyllanthus mitchellii,Glochidion triandrum (Blanco) C.B.Rob.,Glochidion triandrum,Phyllanthus,Glochidion
336885,Pimpinella duthiei H.Wolff,Pimpinella wallichiana (Miq.) Gandhi,Pimpinella wallichiana (Miq.) Gandhi,Pimpinella wallichiana (Miq.) Gandhi,Pimpinella wallichiana,Gladiolus byzantinus Mill.,Gladiolus byzantinus,Pimpinella,Gladiolus
336886,Peucedanum thodei T.H.Arnold,Afroligusticum thodei (T.H.Arnold) P.J.D.Winter,Afroligusticum thodei (T.H.Arnold) P.J.D.Winter,Afroligusticum thodei (T.H.Arnold) P.J.D.Winter,Afroligusticum thodei,Peucedanum thodei T.H.Arnold,Peucedanum thodei,Afroligusticum,Peucedanum
337802,Philibertia anomala Brandegee,Blepharodon mucronatus (Schltdl.) Decne.,Blepharodon mucronatus (Schltdl.) Decne.,Blepharodon mucronatus (Schltdl.) Decne.,Blepharodon mucronatus,Vailia anomala (Brandegee) W.D.Stevens,Vailia anomala,Blepharodon,Vailia
346646,Elegia parviflora Pillans,Cannomois parviflora Pillans,Cannomois parviflora Pillans,Cannomois parviflora Pillans,Cannomois parviflora,Elegia filacea Mast.,Elegia filacea,Cannomois,Elegia
356184,Tetradema asperifolium Schltr.,Liebigia barbata (Jack) D.J.Middleton,Liebigia barbata (Jack) D.J.Middleton,Liebigia barbata (Jack) D.J.Middleton,Liebigia barbata,Agalmyla tuberculata Hook.f.,Agalmyla tuberculata,Liebigia,Agalmyla
356443,Trevirana hirsuta D.Dietr.,Achimenes skinneri Gordon,Achimenes skinneri Gordon,Achimenes skinneri Gordon,Achimenes skinneri,Mandirola hirsuta (DC.) A.O.Araujo & Chautems,Mandirola hirsuta,Achimenes,Mandirola
357601,Bridelia acuminata Wall.,Phyllanthus mitchellii Benth.,Phyllanthus mitchellii Benth.,Phyllanthus mitchellii Benth.,Phyllanthus mitchellii,Glochidion triandrum (Blanco) C.B.Rob.,Glochidion triandrum,Phyllanthus,Glochidion
363720,Vaccinium microphyllum Reinw. ex Blume,Gaultheria kingii (Merr.) Kron & P.W.Fritsch,Gaultheria kingii (Merr.) Kron & P.W.Fritsch,Gaultheria kingii (Merr.) Kron & P.W.Fritsch,Gaultheria kingii,Vaccinium microphyllum Reinw. ex Blume,Vaccinium microphyllum,Gaultheria,Vaccinium
369934,Zwingera amara (Aubl.) Willd.,Simarouba amara Aubl.,Simarouba amara Aubl.,Simarouba amara Aubl.,Simarouba amara,Simaba guianensis Aubl.,Simaba guianensis,Simarouba,Simaba
390151,Thespesia banalo Blanco,Azanza lampas Alef.,Azanza lampas Alef.,Azanza lampas Alef.,Azanza lampas,Thespesia populneoides (Roxb.) Kostel.,Thespesia populneoides,Azanza,Thespesia
390747,Tinomiscium nicobaricum N.P.Balakr.,Tinomiscium petiolare Miers ex Hook.f. & Thomson,Tinomiscium petiolare Miers ex Hook.f. & Thomson,Tinomiscium petiolare Miers ex Hook.f. & Thomson,Tinomiscium petiolare,Fibraurea tinctoria Lour.,Fibraurea tinctoria,Tinomiscium,Fibraurea
392554,Taonabo oleifolia (Wawra) Szyszyl.,Ficus oleifolia King,Ficus oleifolia King,Ficus oleifolia King,Ficus oleifolia,Ternstroemia oleifolia Wawra,Ternstroemia oleifolia,Ficus,Ternstroemia
399186,Paradrymonia maculata (Hook.f.) Wiehler,Pagothyra maculata (Hook.f.) J.F.Sm. & J.L.Clark,Pagothyra maculata (Hook.f.) J.F.Sm. & J.L.Clark,Pagothyra maculata (Hook.f.) J.F.Sm. & J.L.Clark,Pagothyra maculata,Paradrymonia maculata (Hook.f.) Wiehler,Paradrymonia maculata,Pagothyra,Paradrymonia
427327,Sida integrifolia Sessé & Moc.,Anoda pentaschista A.Gray,Anoda pentaschista A.Gray,Anoda pentaschista A.Gray,Anoda pentaschista,Wissadula periplocifolia (L.) Thwaites,Wissadula periplocifolia,Anoda,Wissadula
435293,Abelmoschus cancellatus (L.f.) Voigt,Abelmoschus crinitus Wall.,Abelmoschus crinitus Wall.,Abelmoschus crinitus Wall.,Abelmoschus crinitus,Pavonia cancellata Cav.,Pavonia cancellata,Abelmoschus,Pavonia
435302,Abelmoschus cryptocarpus Walp.,Abelmoschus moschatus Medik.,Abelmoschus moschatus Medik.,Abelmoschus moschatus Medik.,Abelmoschus moschatus,Hibiscus clypeatus subsp. cryptocarpos (A.Rich.) O.J.Blanch.,Hibiscus clypeatus,Abelmoschus,Hibiscus
435304,Abelmoschus cubensis Walp.,Abelmoschus moschatus Medik.,Abelmoschus moschatus Medik.,Abelmoschus moschatus Medik.,Abelmoschus moschatus,Hibiscus striatus subsp. lambertianus (Kunth) O.J.Blanch.,Hibiscus striatus,Abelmoschus,Hibiscus
435305,Abelmoschus cucurbitaceus Walp.,Abelmoschus moschatus Medik.,Abelmoschus moschatus Medik.,Abelmoschus moschatus Medik.,Abelmoschus moschatus,Hibiscus cucurbitaceus A.St.-Hil.,Hibiscus cucurbitaceus,Abelmoschus,Hibiscus
435347,Abelmoschus palustris Walp.,Abelmoschus moschatus Medik.,Abelmoschus moschatus Medik.,Abelmoschus moschatus Medik.,Abelmoschus moschatus,Hibiscus moscheutos subsp. moscheutos ,Hibiscus moscheutos,Abelmoschus,Hibiscus
435360,Abelmoschus roseus (Thore) Walp.,Abelmoschus moschatus Medik.,Abelmoschus moschatus Medik.,Abelmoschus moschatus Medik.,Abelmoschus moschatus,Hibiscus moscheutos subsp. moscheutos ,Hibiscus moscheutos,Abelmoschus,Hibiscus
435376,Abelmoschus venustus Walp.,Abelmoschus manihot (L.) Medik.,Abelmoschus manihot (L.) Medik.,Abelmoschus manihot (L.) Medik.,Abelmoschus manihot,Hibiscus indicus var. indicus ,Hibiscus indicus,Abelmoschus,Hibiscus
439746,Achimenes knightii Lem.,Kohleria inaequalis (Benth.) Wiehler,Kohleria inaequalis (Benth.) Wiehler,Kohleria inaequalis (Benth.) Wiehler,Kohleria inaequalis,Achimenes candida Lindl.,Achimenes candida,Kohleria,Achimenes
439759,Achimenes maculata Walp.,Diastema maculatum Benth. ex Walp.,Diastema maculatum Benth. ex Walp.,Diastema maculatum Benth. ex Walp.,Diastema maculatum,Achimenes antirrhina (DC.) C.V.Morton,Achimenes antirrhina,Diastema,Achimenes
442027,Acrodiclidium guianense Nees,Dicypellium caryophyllaceum (Mart.) Nees & Mart.,Dicypellium caryophyllaceum (Mart.) Nees & Mart.,Dicypellium caryophyllaceum (Mart.) Nees & Mart.,Dicypellium caryophyllaceum,Licaria polyphylla (Nees) Kosterm.,Licaria polyphylla,Dicypellium,Licaria
442029,Acrodiclidium guianense var. oppositifolium Meisn.,Dicypellium caryophyllaceum (Mart.) Nees & Mart.,Dicypellium caryophyllaceum (Mart.) Nees & Mart.,Dicypellium caryophyllaceum (Mart.) Nees & Mart.,Dicypellium caryophyllaceum,Licaria chrysophylla (Meisn.) Kosterm.,Licaria chrysophylla,Dicypellium,Licaria
442030,Acrodiclidium guianense var. reticulatum Meisn.,Dicypellium caryophyllaceum (Mart.) Nees & Mart.,Dicypellium caryophyllaceum (Mart.) Nees & Mart.,Dicypellium caryophyllaceum (Mart.) Nees & Mart.,Dicypellium caryophyllaceum,Licaria polyphylla (Nees) Kosterm.,Licaria polyphylla,Dicypellium,Licaria
445199,Aeschynanthus oblongifolius (Roxb.) G.Don,Didymocarpus acuminatus R.Br.,Didymocarpus acuminatus R.Br.,Didymocarpus acuminatus R.Br.,Didymocarpus acuminatus,Henckelia oblongifolia (Roxb.) D.J.Middleton & Mich.Möller,Henckelia oblongifolia,Didymocarpus,Henckelia
451425,Althaea africana Borbás,Anisodontea capensis (L.) D.M.Bates,Anisodontea capensis (L.) D.M.Bates,Anisodontea capensis (L.) D.M.Bates,Anisodontea capensis,Malva trimestris (L.) Salisb.,Malva trimestris,Anisodontea,Malva
455250,Anagallis caerulea L.,Aa Rchb.f.,Aa Rchb.f.,Aa Rchb.f.,,Lysimachia loeflingii F.J.Jiménez & M.Talavera,Lysimachia loeflingii,Aa,Lysimachia
456080,Andromeda acuminata Sm.,Leucothoe axillaris (Lam.) D.Don,Leucothoe axillaris (Lam.) D.Don,Leucothoe axillaris (Lam.) D.Don,Leucothoe axillaris,Agarista populifolia (Lam.) Judd,Agarista populifolia,Leucothoe,Agarista
458687,Aniba megacarpa Hemsl.,Aniba canelilla (Kunth) Mez,Aniba canelilla (Kunth) Mez,Aniba canelilla (Kunth) Mez,Aniba canelilla,Licaria cannella subsp. cannella ,Licaria cannella,Aniba,Licaria
458696,Aniba ovalifolia Mez,Aniba hypoglauca Sandwith,Aniba hypoglauca Sandwith,Aniba hypoglauca Sandwith,Aniba hypoglauca,Ocotea cujumary Mart.,Ocotea cujumary,Aniba,Ocotea
465667,Ardisia guadeloupensis Duchass. ex Griseb.,Ardisia obovata Desv.,Ardisia obovata Desv.,Ardisia obovata Desv.,Ardisia obovata,Myrsine coriacea subsp. coriacea ,Myrsine coriacea,Ardisia,Myrsine
483837,Besleria bicolor Schott,Glossoloma bicolor (Kunth) J.L.Clark,Glossoloma bicolor (Kunth) J.L.Clark,Glossoloma bicolor (Kunth) J.L.Clark,Glossoloma bicolor,Nematanthus lanceolatus (Poir.) Chautems,Nematanthus lanceolatus,Glossoloma,Nematanthus
487316,Bombax fendleri (Seem.) Benth. ex B.D.Jacks.,Bombax ceiba L.,Bombax ceiba L.,Bombax ceiba L.,Bombax ceiba,Pochota fendleri (Seem.) W.S.Alverson & M.C.Duarte,Pochota fendleri,Bombax,Pochota
488524,Boswellia hirsuta Sm.,Canarium hirsutum Willd.,Canarium hirsutum Willd.,Canarium hirsutum Willd.,Canarium hirsutum,Boswellia serrata Roxb.,Boswellia serrata,Canarium,Boswellia
496046,Cactus cephalophorus (Salm-Dyck) Kuntze,Mammillaria aureilanata Backeb.,Mammillaria aureilanata Backeb.,Mammillaria aureilanata Backeb.,Mammillaria aureilanata,Coryphantha retusa (Pfeiff.) Britton & Rose,Coryphantha retusa,Mammillaria,Coryphantha
499496,Calosacme acuminata Wall.,Didymocarpus acuminatus R.Br.,Didymocarpus acuminatus R.Br.,Didymocarpus acuminatus R.Br.,Didymocarpus acuminatus,Henckelia oblongifolia (Roxb.) D.J.Middleton & Mich.Möller,Henckelia oblongifolia,Didymocarpus,Henckelia
501628,Candollea pedunculata R.Br. ex DC.,Stylidium pedunculatum R.Br.,Stylidium pedunculatum R.Br.,Stylidium pedunculatum R.Br.,Stylidium pedunculatum,Hibbertia racemosa (Endl.) Gilg,Hibbertia racemosa,Stylidium,Hibbertia
507239,Tradescantia triandra Kunth,Callisia serrulata (Vahl) Christenh. & Byng,Callisia serrulata (Vahl) Christenh. & Byng,Tripogandra serrulata (Vahl) Handlos,Tripogandra serrulata,Callisia ciliata Kunth,Callisia ciliata,Tripogandra,Callisia
508086,Catha rigida (Thunb.) G.Don,Maytenus rigida (Thunb.) Mart.,Maytenus rigida (Thunb.) Mart.,Maytenus rigida (Thunb.) Mart.,Maytenus rigida,Rhigozum obovatum Burch.,Rhigozum obovatum,Maytenus,Rhigozum
509964,Celastrus rigidus Thunb.,Maytenus rigida (Thunb.) Mart.,Maytenus rigida (Thunb.) Mart.,Maytenus rigida (Thunb.) Mart.,Maytenus rigida,Rhigozum obovatum Burch.,Rhigozum obovatum,Maytenus,Rhigozum
519442,Chondrodendron scabrum Miers,Chondrodendron tomentosum Ruiz & Pav.,Chondrodendron tomentosum Ruiz & Pav.,Chondrodendron tomentosum Ruiz & Pav.,Chondrodendron tomentosum,Odontocarya tamoides var. canescens (Miers) Barneby,Odontocarya tamoides,Chondrodendron,Odontocarya
521526,Cinnamomum tomentosum D.Don,Phoebe cathia (D.Don) Kosterm.,Phoebe cathia (D.Don) Kosterm.,Phoebe cathia (D.Don) Kosterm.,Phoebe cathia,Machilus tomentosus (D.Don) M.Gangop.,Machilus tomentosus,Phoebe,Machilus
523290,Cistus pilosus L.,Helianthemum violaceum (Cav.) Pers.,Helianthemum violaceum (Cav.) Pers.,Helianthemum violaceum (Cav.) Pers.,Helianthemum violaceum,Fumana viridis (Ten.) Sennen,Fumana viridis,Helianthemum,Fumana
523306,Cistus punctatus Willd.,Helianthemum salicifolium (L.) Mill.,Helianthemum salicifolium (L.) Mill.,Helianthemum salicifolium (L.) Mill.,Helianthemum salicifolium,Tuberaria guttata (L.) Fourr.,Tuberaria guttata,Helianthemum,Tuberaria
523307,Cistus racemosus L.,Tuberaria guttata (L.) Fourr.,Tuberaria guttata (L.) Fourr.,Tuberaria guttata (L.) Fourr.,Tuberaria guttata,Helianthemum violaceum subsp. violaceum ,Helianthemum violaceum,Tuberaria,Helianthemum
527716,Clusia sessiliflora Poir.,Mammea sessiliflora Planch. & Triana,Mammea sessiliflora Planch. & Triana,Mammea sessiliflora Planch. & Triana,Mammea sessiliflora,Garcinia sessiliflora (Poir.) ined.,Garcinia sessiliflora,Mammea,Garcinia
529788,Collandra picta Lem.,Columnea sanguinea Hanst.,Columnea sanguinea Hanst.,Columnea sanguinea Hanst.,Columnea sanguinea,Nautilocalyx pictus Sprague,Nautilocalyx pictus,Columnea,Nautilocalyx
530381,Columbia serratifolia Blanco,Grewia orientalis L.,Grewia orientalis L.,Grewia orientalis L.,Grewia orientalis,Colona blancoi (Rolfe) Merr.,Colona blancoi,Grewia,Colona
530500,Columnea divaricata Walp.,Bellonia aspera L.,Bellonia aspera L.,Bellonia aspera L.,Bellonia aspera,Besleria divaricata Poepp. & Endl.,Besleria divaricata,Bellonia,Besleria
530615,Columnea martiana Kuntze,Columnea minor Hanst.,Columnea minor Hanst.,Columnea minor Hanst.,Columnea minor,Nematanthus strigillosus (Mart.) H.E.Moore,Nematanthus strigillosus,Columnea,Nematanthus
530717,Columnea schlimii (Planch. & Linden) Kuntze,Columnea schiedeana Schltdl.,Columnea schiedeana Schltdl.,Columnea schiedeana Schltdl.,Columnea schiedeana,Corytoplectus schlimii (Planch. & Linden) Wiehler,Corytoplectus schlimii,Columnea,Corytoplectus
534689,Corchoropsis tomentosa var. glabrescens Nakai,Corchoropsis tomentosa (Thunb.) Makino,Corchoropsis tomentosa (Thunb.) Makino,Corchorus hirsutus L.,Corchorus hirsutus,Corchoropsis crenata var. crenata ,Corchoropsis crenata,Corchorus,Corchoropsis
537917,Corytholoma maculatum Fritsch,Kohleria rugata (Scheidw.) L.P.Kvist & L.E.Skog,Kohleria rugata (Scheidw.) L.P.Kvist & L.E.Skog,Kohleria rugata (Scheidw.) L.P.Kvist & L.E.Skog,Kohleria rugata,Sinningia douglasii (Lindl.) Chautems,Sinningia douglasii,Kohleria,Sinningia
539061,Crantzia parviflora Fritsch,Drymonia hansteiniana Wiehler,Drymonia hansteiniana Wiehler,Drymonia hansteiniana Wiehler,Drymonia hansteiniana,Nematanthus hirtellus (Schott) Wiehler,Nematanthus hirtellus,Drymonia,Nematanthus
549936,Cytisus lotoides Pourr.,Chamaecytisus supinus subsp. supinus ,Chamaecytisus supinus subsp. supinus ,Chamaecytisus supinus subsp. supinus ,Chamaecytisus supinus,Cytisus lotoides Pourr.,Cytisus lotoides,Chamaecytisus,Cytisus
552495,Delima tigarea Eichler,Tetracera L.,Tetracera L.,Tetracera L.,,Davilla aspera (Aubl.) Benoist,Davilla aspera,Tetracera,Davilla
558287,Dichrotrichum asperifolium Benth. & Hook.f. ex C.B.Clarke,Liebigia barbata (Jack) D.J.Middleton,Liebigia barbata (Jack) D.J.Middleton,Liebigia barbata (Jack) D.J.Middleton,Liebigia barbata,Agalmyla tuberculata Hook.f.,Agalmyla tuberculata,Liebigia,Agalmyla
559256,Didymocarpus cavaleriei H.Lév.,Loxostigma cavaleriei (H.Lév. & Vaniot) B.L.Burtt,Loxostigma cavaleriei (H.Lév. & Vaniot) B.L.Burtt,Loxostigma cavaleriei (H.Lév. & Vaniot) B.L.Burtt,Loxostigma cavaleriei,Anna ophiorrhizoides (Hemsl.) B.L.Burtt & R.A.Davidson,Anna ophiorrhizoides,Loxostigma,Anna
559338,Didymocarpus hamosus Wall.,Platystemma violoides Wall.,Platystemma violoides Wall.,Platystemma violoides Wall.,Platystemma violoides,Microchirita hamosa (R.Br.) Yin Z.Wang,Microchirita hamosa,Platystemma,Microchirita
559351,Didymocarpus horsfieldii Schinz,Liebigia horsfieldii (R.Br.) Mich.Möller & A.Weber,Liebigia horsfieldii (R.Br.) Mich.Möller & A.Weber,Liebigia horsfieldii (R.Br.) Mich.Möller & A.Weber,Liebigia horsfieldii,Microchirita lavandulacea (Stapf) Yin Z.Wang,Microchirita lavandulacea,Liebigia,Microchirita
559438,Didymocarpus pallidus Kraenzl.,Cyrtandra copelandii Elmer,Cyrtandra copelandii Elmer,Rhynchotechum parviflorum Blume,Rhynchotechum parviflorum,Cyrtandra edanoi Olivar & Pelser,Cyrtandra edanoi,Rhynchotechum,Cyrtandra
569547,Duboscia acuminata A.Chev.,Duboscia viridiflora (K.Schum.) Mildbr.,Duboscia viridiflora (K.Schum.) Mildbr.,Duboscia viridiflora (K.Schum.) Mildbr.,Duboscia viridiflora,Desplatsia dewevrei (De Wild. & T.Durand) Burret,Desplatsia dewevrei,Duboscia,Desplatsia
578981,Endlicheria endlicheriopsis (Mez) Kosterm.,Endlicheria canescens Chanderbali,Endlicheria canescens Chanderbali,Endlicheria canescens Chanderbali,Endlicheria canescens,Ocotea endlicheriopsis Mez,Ocotea endlicheriopsis,Endlicheria,Ocotea
579103,Endotropis auriculata (Royle ex Wight) Decne.,Vincetoxicum auriculatum (Royle ex Wight) Kuntze,Vincetoxicum auriculatum (Royle ex Wight) Kuntze,Vincetoxicum auriculatum (Royle ex Wight) Kuntze,Vincetoxicum auriculatum,Cynanchum auriculatum Royle ex Wight,Cynanchum auriculatum,Vincetoxicum,Cynanchum
581276,Episcia maculata Hook.f.,Pagothyra maculata (Hook.f.) J.F.Sm. & J.L.Clark,Pagothyra maculata (Hook.f.) J.F.Sm. & J.L.Clark,Pagothyra maculata (Hook.f.) J.F.Sm. & J.L.Clark,Pagothyra maculata,Paradrymonia maculata (Hook.f.) Wiehler,Paradrymonia maculata,Pagothyra,Paradrymonia
591358,Eucodonia lilacinella Van Houtte,Eucodonia verticillata (M.Martens & Galeotti) Wiehler,Eucodonia verticillata (M.Martens & Galeotti) Wiehler,Eucodonia verticillata (M.Martens & Galeotti) Wiehler,Eucodonia verticillata,× Achimenantha × naegelioides (Van Houtte) H.E.Moore,Achimenantha naegelioides,Eucodonia,× Achimenantha
591446,Eugenioides fasciculatum Kuntze,Eurya japonica Thunb.,Eurya japonica Thunb.,Eurya japonica Thunb.,Eurya japonica,Symplocos fasciculata Zoll.,Symplocos fasciculata,Eurya,Symplocos
593845,Evotrochis involucrata Raf.,Primula involucrata Wall. ex Duby,Primula involucrata Wall. ex Duby,Primula munroi subsp. munroi ,Primula munroi,Evotrochis involucrata Raf.,Evotrochis involucrata,Primula,Evotrochis
608990,Geranium canariense Reut.,Pelargonium candicans Spreng.,Pelargonium candicans Spreng.,Pelargonium candicans Spreng.,Pelargonium candicans,Geranium reuteri Aedo & Muñoz Garm.,Geranium reuteri,Pelargonium,Geranium
609828,Geranium potentilloides Bonpl. ex Wedd.,Erodium acaule Bech. & Thell.,Erodium acaule Bech. & Thell.,Erodium acaule Bech. & Thell.,Erodium acaule,Geranium humboldtii Spreng.,Geranium humboldtii,Erodium,Geranium
610865,Gesneria herbertiana Lem.,Sinningia magnifica (Otto & A.Dietr.) Wiehler,Sinningia magnifica (Otto & A.Dietr.) Wiehler,Sinningia magnifica (Otto & A.Dietr.) Wiehler,Sinningia magnifica,Smithiantha zebrina Kuntze,Smithiantha zebrina,Sinningia,Smithiantha
614952,Gonolobus bicolor (Britton & P.Wilson) Urb.,Matelea bicolor (Britton & P.Wilson) Woodson,Matelea bicolor (Britton & P.Wilson) Woodson,Matelea bicolor (Britton & P.Wilson) Woodson,Matelea bicolor,Meveampelos bicolor (Britton & P.Wilson) Morillo,Meveampelos bicolor,Matelea,Meveampelos
615142,Gonolobus parviflorus var. brevicoronatus B.L.Rob.,Matelea brevicoronata (B.L.Rob.) Woodson,Matelea brevicoronata (B.L.Rob.) Woodson,Matelea brevicoronata (B.L.Rob.) Woodson,Matelea brevicoronata,Chthamalia brevicoronata (B.L.Rob.) Morillo,Chthamalia brevicoronata,Matelea,Chthamalia
617980,Grewia heterotricha Burret,Grewia transzambesica Wild,Grewia transzambesica Wild,Grewia transzambesica Wild,Grewia transzambesica,Microcos calymmatosepala (K.Schum.) Burret,Microcos calymmatosepala,Grewia,Microcos
624811,Helianthemum variabile Spach,Tuberaria guttata (L.) Fourr.,Tuberaria guttata (L.) Fourr.,Tuberaria guttata (L.) Fourr.,Tuberaria guttata,Helianthemum apenninum (L.) Mill.,Helianthemum apenninum,Tuberaria,Helianthemum
628743,Hibiscus elliottii F.Muell.,Cienfuegosia drummondii (A.Gray) Lewton,Cienfuegosia drummondii (A.Gray) Lewton,Cienfuegosia drummondii (A.Gray) Lewton,Cienfuegosia drummondii,Hibiscus drummondii Turcz.,Hibiscus drummondii,Cienfuegosia,Hibiscus
629083,Hibiscus pinonianus var. drummondii (Turcz.) J.M.Black,Cienfuegosia drummondii (A.Gray) Lewton,Cienfuegosia drummondii (A.Gray) Lewton,Cienfuegosia drummondii (A.Gray) Lewton,Cienfuegosia drummondii,Hibiscus drummondii Turcz.,Hibiscus drummondii,Cienfuegosia,Hibiscus
631609,Hugonia integerrima Stokes,Stelis mystax (Luer) Pridgeon & M.W.Chase,Stelis mystax (Luer) Pridgeon & M.W.Chase,Stelis mystax (Luer) Pridgeon & M.W.Chase,Stelis mystax,Hugonia mystax L.,Hugonia mystax,Stelis,Hugonia
631616,Hugonia mystacina St.-Lag.,Stelis mystax (Luer) Pridgeon & M.W.Chase,Stelis mystax (Luer) Pridgeon & M.W.Chase,Stelis mystax (Luer) Pridgeon & M.W.Chase,Stelis mystax,Hugonia mystax L.,Hugonia mystax,Stelis,Hugonia
631618,Hugonia obovata Buch.-Ham.,Stelis mystax (Luer) Pridgeon & M.W.Chase,Stelis mystax (Luer) Pridgeon & M.W.Chase,Stelis mystax (Luer) Pridgeon & M.W.Chase,Stelis mystax,Hugonia mystax L.,Hugonia mystax,Stelis,Hugonia
640826,Malva capensis Sessé & Moc.,Anisodontea capensis (L.) D.M.Bates,Anisodontea capensis (L.) D.M.Bates,Anisodontea capensis (L.) D.M.Bates,Anisodontea capensis,Phymosia rosea (Sessé & Moc. ex DC.) Kearney,Phymosia rosea,Anisodontea,Phymosia
645224,Cissampelos pareira var. orbiculata (L.) Miq.,Cissampelos pareira L.,Cissampelos pareira L.,Cissampelos pareira L.,Cissampelos pareira,Nephroia orbiculata (L.) L.Lian & Wei Wang,Nephroia orbiculata,Cissampelos,Nephroia
646965,Gnidia caffra f. pulchra M.Moss ex Bullock,Gnidia caffra Meisn.,Gnidia caffra Meisn.,Gnidia caffra Meisn.,Gnidia caffra,Lasiosiphon caffer Meisn.,Lasiosiphon caffer,Gnidia,Lasiosiphon
654470,Uvularia sessilis Thunb.,Disporum sessile D.Don ex Schult. & Schult.f.,Disporum sessile D.Don ex Schult. & Schult.f.,Disporum sessile D.Don ex Schult. & Schult.f.,Disporum sessile,Uvularia sessilifolia L.,Uvularia sessilifolia,Disporum,Uvularia
676556,Chydenanthus dentato-serratus R.Knuth,Chydenanthus excelsus Miers,Chydenanthus excelsus Miers,Chydenanthus excelsus Miers,Chydenanthus excelsus,Barringtonia acutangula subsp. spicata (Blume) Payens,Barringtonia acutangula,Chydenanthus,Barringtonia
685025,Ixia emarginata Lam.,Hesperantha spicata subsp. spicata ,Hesperantha spicata subsp. spicata ,Hesperantha spicata subsp. spicata ,Hesperantha spicata,Freesia verrucosa (B.Vogel) Goldblatt & J.C.Manning,Freesia verrucosa,Hesperantha,Freesia
685050,Ixia gawleri Schrad.,Hesperantha spicata subsp. spicata ,Hesperantha spicata subsp. spicata ,Hesperantha spicata subsp. spicata ,Hesperantha spicata,Freesia verrucosa (B.Vogel) Goldblatt & J.C.Manning,Freesia verrucosa,Hesperantha,Freesia
685164,Ixia striata Vahl,Ixia latifolia D.Delaroche,Ixia latifolia D.Delaroche,Ixia latifolia D.Delaroche,Ixia latifolia,Tritonia gladiolaris (Lam.) Goldblatt & J.C.Manning,Tritonia gladiolaris,Ixia,Tritonia
685715,Melasphaerula parviflora G.Lodd.,Ixia scillaris subsp. scillaris ,Ixia scillaris subsp. scillaris ,Ixia scillaris subsp. scillaris ,Ixia scillaris,Melasphaerula graminea (L.f.) Ker Gawl.,Melasphaerula graminea,Ixia,Melasphaerula
685766,Neuberia longifolia Eckl.,Gladiolus ecklonii Lehm.,Gladiolus ecklonii Lehm.,Gladiolus ecklonii Lehm.,Gladiolus ecklonii,Watsonia knysnana L.Bolus,Watsonia knysnana,Gladiolus,Watsonia
686212,Renealmia grandiflora R.Br.,Hedychium gardnerianum Sheph. ex Ker Gawl.,Hedychium gardnerianum Sheph. ex Ker Gawl.,Hedychium gardnerianum Sheph. ex Ker Gawl.,Hedychium gardnerianum,Libertia grandiflora (R.Br.) Sweet,Libertia grandiflora,Hedychium,Libertia
686498,Sisyrinchium flavum Miers ex Steud.,Sisyrinchium californicum (Ker Gawl.) W.T.Aiton,Sisyrinchium californicum (Ker Gawl.) W.T.Aiton,Sisyrinchium californicum (Ker Gawl.) W.T.Aiton,Sisyrinchium californicum,Solenomelus pedunculatus (Gillies ex Hook.) Hochr.,Solenomelus pedunculatus,Sisyrinchium,Solenomelus
686985,Tritonia striata Klatt,Ixia scillaris subsp. scillaris ,Ixia scillaris subsp. scillaris ,Ixia scillaris subsp. scillaris ,Ixia scillaris,Tritonia bakeri subsp. bakeri ,Tritonia bakeri,Ixia,Tritonia
687037,Watsonia amoena Pers.,Tritonia flabellifolia var. major (Ker Gawl.) M.P.de Vos,Tritonia flabellifolia var. major (Ker Gawl.) M.P.de Vos,Tritonia flabellifolia (D.Delaroche) G.J.Lewis,Tritonia flabellifolia,Gladiolus brevifolius Jacq.,Gladiolus brevifolius,Tritonia,Gladiolus
687521,Antholyza merianella L.,Watsonia humilis Mill.,Watsonia humilis Mill.,Watsonia humilis Mill.,Watsonia humilis,Gladiolus merianellus (L.) Thunb.,Gladiolus merianellus,Watsonia,Gladiolus
689109,Gladiolus marmoratus Lam.,Hesperantha spicata subsp. spicata ,Hesperantha spicata subsp. spicata ,Hesperantha spicata subsp. spicata ,Hesperantha spicata,Watsonia humilis Mill.,Watsonia humilis,Hesperantha,Watsonia
689121,Gladiolus merianellus (L.) Thunb.,Watsonia humilis Mill.,Watsonia humilis Mill.,Watsonia humilis Mill.,Watsonia humilis,Gladiolus merianellus (L.) Thunb.,Gladiolus merianellus,Watsonia,Gladiolus
693687,Eugenia egensis var. tenuiramis (Miq.) O.Berg,Syzygium zeylanicum (L.) DC.,Syzygium zeylanicum (L.) DC.,Syzygium zeylanicum (L.) DC.,Syzygium zeylanicum,Eugenia egensis DC.,Eugenia egensis,Syzygium,Eugenia
699802,Tradescantia elongata var. triandra (Kunth) C.B.Clarke,Callisia serrulata (Vahl) Christenh. & Byng,Callisia serrulata (Vahl) Christenh. & Byng,Tripogandra serrulata (Vahl) Handlos,Tripogandra serrulata,Callisia ciliata Kunth,Callisia ciliata,Tripogandra,Callisia
770189,Cleisostoma ornithorrhynchum (Rchb.f.) Garay,Robiquetia rosea (Lindl.) Garay,Robiquetia rosea (Lindl.) Garay,Robiquetia rosea (Lindl.) Garay,Robiquetia rosea,Cleisostoma discolor Lindl.,Cleisostoma discolor,Robiquetia,Cleisostoma
804311,Gladiolus hirsutus var. tenuiflorus Ker Gawl.,Watsonia humilis Mill.,Watsonia humilis Mill.,Watsonia humilis Mill.,Watsonia humilis,Gladiolus merianellus (L.) Thunb.,Gladiolus merianellus,Watsonia,Gladiolus
820968,Agyneia bacciformis var. angustifolia Müll.Arg.,Synostemon bacciformis (L.) G.L.Webster,Synostemon bacciformis (L.) G.L.Webster,Synostemon bacciformis (L.) G.L.Webster,Synostemon bacciformis,Phyllanthus racemosus L.f.,Phyllanthus racemosus,Synostemon,Phyllanthus
821134,Agyneia multilocularis Moon,Phyllanthus multilocularis (Roxb. ex Willd.) Müll.Arg.,Phyllanthus multilocularis (Roxb. ex Willd.) Müll.Arg.,Glochidion multiloculare (Roxb. ex Willd.) Voigt,Glochidion multiloculare,Aporosa lanceolata (Tul.) Thwaites,Aporosa lanceolata,Glochidion,Aporosa
826014,Cyclopogon tuerckheimii (Schltr.) Schltr.,Greenwoodiella micrantha (Lex.) Salazar & R.Jiménez,Greenwoodiella micrantha (Lex.) Salazar & R.Jiménez,Greenwoodiella micrantha (Lex.) Salazar & R.Jiménez,Greenwoodiella micrantha,Schiedeella transversalis (A.Rich. & Galeotti) Schltr.,Schiedeella transversalis,Greenwoodiella,Schiedeella
833633,Diasperus anabaptizatus (Müll.Arg.) Kuntze,Phyllanthus zeylanicus (Gaertn.) Müll.Arg.,Phyllanthus zeylanicus (Gaertn.) Müll.Arg.,Glochidion zeylanicum (Gaertn.) A.Juss.,Glochidion zeylanicum,Phyllanthus zeylanicus Müll.Arg.,Phyllanthus zeylanicus,Glochidion,Phyllanthus
833769,Diasperus flueggeiformis Kuntze,Flueggea virosa (Roxb. ex Willd.) Royle,Flueggea virosa (Roxb. ex Willd.) Royle,Flueggea virosa (Roxb. ex Willd.) Royle,Flueggea virosa,Phyllanthus glaucus Wall. ex Müll.Arg.,Phyllanthus glaucus,Flueggea,Phyllanthus
843452,Epistylium polyphyllum (Wight) Thwaites,Phyllanthus zeylanicus (Gaertn.) Müll.Arg.,Phyllanthus zeylanicus (Gaertn.) Müll.Arg.,Glochidion zeylanicum (Gaertn.) A.Juss.,Glochidion zeylanicum,Phyllanthus zeylanicus Müll.Arg.,Phyllanthus zeylanicus,Glochidion,Phyllanthus
843455,Epistylium zeylanicum Baill.,Glochidion zeylanicum (Gaertn.) A.Juss.,Glochidion zeylanicum (Gaertn.) A.Juss.,Glochidion zeylanicum (Gaertn.) A.Juss.,Glochidion zeylanicum,Phyllanthus zeylanicus Müll.Arg.,Phyllanthus zeylanicus,Glochidion,Phyllanthus
844737,Erporkis bracteata Kuntze,Platylepis occulta (Thouars) Rchb.f.,Platylepis occulta (Thouars) Rchb.f.,Platylepis occulta (Thouars) Rchb.f.,Platylepis occulta,Goodyera bracteata Thouars,Goodyera bracteata,Platylepis,Goodyera
848037,Eugenia doniana O.Berg,Eugenia stictopetala DC.,Eugenia stictopetala DC.,Eugenia stictopetala DC.,Eugenia stictopetala,Myrcia doniana O.Berg,Myrcia doniana,Eugenia,Myrcia
850111,Eugenia tenuiramis Miq.,Syzygium zeylanicum (L.) DC.,Syzygium zeylanicum (L.) DC.,Syzygium zeylanicum (L.) DC.,Syzygium zeylanicum,Eugenia egensis DC.,Eugenia egensis,Syzygium,Eugenia
863580,Glochidion majus Baill.,Phyllanthus mittenianus Hutch.,Phyllanthus mittenianus Hutch.,Phyllanthus mittenianus Hutch.,Phyllanthus mittenianus,Glochidion taitense Baill. ex Müll.Arg.,Glochidion taitense,Phyllanthus,Glochidion
869103,Angraecum pescatorianum Lindl.,Oeoniella polystachys (Thouars) Schltr.,Oeoniella polystachys (Thouars) Schltr.,Oeoniella polystachys (Thouars) Schltr.,Oeoniella polystachys,Listrostachys pertusa (Lindl.) Rchb.f.,Listrostachys pertusa,Oeoniella,Listrostachys
873781,Sorbus mougeotii subsp. austriaca (Beck) Hedl.,Sorbus austriaca Hedl.,Sorbus austriaca Hedl.,Sorbus austriaca Hedl.,Sorbus austriaca,Hedlundia austriaca (Beck) Sennikov & Kurtto,Hedlundia austriaca,Sorbus,Hedlundia
878624,Aria mougeotii var. austriaca Beck,Sorbus austriaca Hedl.,Sorbus austriaca Hedl.,Sorbus austriaca Hedl.,Sorbus austriaca,Hedlundia austriaca (Beck) Sennikov & Kurtto,Hedlundia austriaca,Sorbus,Hedlundia
879970,Sorbus cretica f. danubialis Jáv.,Sorbus danubialis (Javorka) Kárpáti,Sorbus danubialis (Javorka) Kárpáti,Sorbus danubialis (Javorka) Kárpáti,Sorbus danubialis,Aria danubialis (Jáv.) Sennikov & Kurtto,Aria danubialis,Sorbus,Aria
880818,Photinia zhijiangensis T.C.Ku,Photinia schneideriana Rehder & E.H.Wilson,Photinia schneideriana Rehder & E.H.Wilson,Pourthiaea arguta (Wall. ex Lindl.) Decne.,Pourthiaea arguta,Photinia sorbifolia W.B.Liao & W.Guo,Photinia sorbifolia,Pourthiaea,Photinia
881389,Rosa andegavensis var. lemaitrei (Ripart ex Genev.) Boullu,Rosa canina L.,Rosa canina L.,Rosa canina L.,Rosa canina,Rubus ulmifolius Schott,Rubus ulmifolius,Rosa,Rubus
883139,Sorbus moravica M.Lepší & P.Lepší,Sorbus aucuparia L.,Sorbus aucuparia L.,Sorbus aucuparia L.,Sorbus aucuparia,Aria moravica (M.Lepší & P.Lepší) Sennikov & Kurtto,Aria moravica,Sorbus,Aria
884951,Pyracantha crenatoserrata (Hance) Rehder,Photinia lasiogyna (Franch.) C.K.Schneid.,Photinia lasiogyna (Franch.) C.K.Schneid.,Photinia lasiogyna (Franch.) C.K.Schneid.,Photinia lasiogyna,Pyracantha crenulata (D.Don) M.Roem.,Pyracantha crenulata,Photinia,Pyracantha
886227,Sorbus rhombifolia C.J.Qi & K.W.Liu,Sorbus thomsonii (King ex Hook.f.) Rehder,Sorbus thomsonii (King ex Hook.f.) Rehder,Thomsonaria thomsonii (King ex Hook.f.) Rushforth,Thomsonaria thomsonii,Micromeles rhombifolia (C.J.Qi & K.W.Liu) Mezhenskyj,Micromeles rhombifolia,Thomsonaria,Micromeles
886380,Photinia crenatoserrata Hance,Photinia lasiogyna (Franch.) C.K.Schneid.,Photinia lasiogyna (Franch.) C.K.Schneid.,Photinia lasiogyna (Franch.) C.K.Schneid.,Photinia lasiogyna,Pyracantha crenulata (D.Don) M.Roem.,Pyracantha crenulata,Photinia,Pyracantha
886502,Pyrus microphylla (Wall. ex Lindl.) M.F.Fay & Christenh.,Sorbus microphylla Wenz.,Sorbus microphylla Wenz.,Sorbus microphylla Wenz.,Sorbus microphylla,Cotoneaster microphyllus Wall. ex Lindl.,Cotoneaster microphyllus,Sorbus,Cotoneaster
887348,Rubus omeiensis Rolfe,Rosa sericea subsp. omeiensis (Rolfe) A.V.Roberts,Rosa sericea subsp. omeiensis (Rolfe) A.V.Roberts,Rosa omeiensis Rolfe,Rosa omeiensis,Rubus setchuenensis Bureau & Franch.,Rubus setchuenensis,Rosa,Rubus
887514,Spiraea bracteata Raf.,Spiraea nipponica Maxim.,Spiraea nipponica Maxim.,Spiraea nipponica Maxim.,Spiraea nipponica,Sibiraea laevigata (L.) Maxim.,Sibiraea laevigata,Spiraea,Sibiraea
915902,Galactia formosa (Griseb.) Stuck. ex Seckt,Nanogalactia heterophylla (Gillies ex Hook.) L.P.Queiroz,Nanogalactia heterophylla (Gillies ex Hook.) L.P.Queiroz,Nanogalactia heterophylla (Gillies ex Hook.) L.P.Queiroz,Nanogalactia heterophylla,Collaea argentina Griseb.,Collaea argentina,Nanogalactia,Collaea
916042,Collaea formosa Griseb.,Nanogalactia heterophylla (Gillies ex Hook.) L.P.Queiroz,Nanogalactia heterophylla (Gillies ex Hook.) L.P.Queiroz,Nanogalactia heterophylla (Gillies ex Hook.) L.P.Queiroz,Nanogalactia heterophylla,Collaea argentina Griseb.,Collaea argentina,Nanogalactia,Collaea
937657,Sida mollissima Cav.,Callianthe pauciflora (A.St.-Hil.) Dorr,Callianthe pauciflora (A.St.-Hil.) Dorr,Callianthe pauciflora (A.St.-Hil.) Dorr,Callianthe pauciflora,Abutilon mollissimum (Cav.) Sweet,Abutilon mollissimum,Callianthe,Abutilon
945578,Icacorea pichinchana (Lundell) Lundell,Geissanthus pichinchae Mez,Geissanthus pichinchae Mez,Geissanthus pichinchae Mez,Geissanthus pichinchae,Ardisia pichinchana Lundell,Ardisia pichinchana,Geissanthus,Ardisia
949050,Papaver hultenii Knaben,Papaver lapponicum (Tolm.) Nordh.,Papaver lapponicum (Tolm.) Nordh.,Papaver lapponicum (Tolm.) Nordh.,Papaver lapponicum,Oreomecon hultenii (Knaben) Krivenko,Oreomecon hultenii,Papaver,Oreomecon
949156,Papaver nudicaule subsp. amurense N.Busch,Papaver amurense (N.Busch) Karrer,Papaver amurense (N.Busch) Karrer,Papaver amurense (N.Busch) Karrer,Papaver amurense,"Oreomecon amurensis (N.Busch) Galasso, Banfi & Bartolucci",Oreomecon amurensis,Papaver,Oreomecon
949161,Papaver radicatum subsp. jugoricum Tolm.,Papaver bracteatum Lindl.,Papaver bracteatum Lindl.,Papaver bracteatum Lindl.,Papaver bracteatum,Oreomecon jugorica (Tolm.) Krivenko,Oreomecon jugorica,Papaver,Oreomecon
949162,Papaver radicatum subsp. lapponicum Tolm.,Papaver lapponicum (Tolm.) Nordh.,Papaver lapponicum (Tolm.) Nordh.,Papaver lapponicum (Tolm.) Nordh.,Papaver lapponicum,"Oreomecon lapponica (Tolm.) Galasso, Banfi & Bartolucci",Oreomecon lapponica,Papaver,Oreomecon
949181,Papaver nudicaule var. leiocarpum Turcz.,Papaver leiocarpum (Turcz.) Popov,Papaver leiocarpum (Turcz.) Popov,Papaver leiocarpum (Turcz.) Popov,Papaver leiocarpum,Oreomecon leiocarpa (Turcz.) Krivenko,Oreomecon leiocarpa,Papaver,Oreomecon
959378,Vincetoxicum leucanthum K.Schum.,Funastrum clausum (Jacq.) Schltr.,Funastrum clausum (Jacq.) Schltr.,Funastrum clausum (Jacq.) Schltr.,Funastrum clausum,"Cynanchum neoleucanthum Cai F.Zhang, G.W.Hu & Q.F.Wang",Cynanchum neoleucanthum,Funastrum,Cynanchum
960341,Vincetoxicum brevicoronatum (B.L.Rob.) Vail,Matelea brevicoronata (B.L.Rob.) Woodson,Matelea brevicoronata (B.L.Rob.) Woodson,Matelea brevicoronata (B.L.Rob.) Woodson,Matelea brevicoronata,Chthamalia brevicoronata (B.L.Rob.) Morillo,Chthamalia brevicoronata,Matelea,Chthamalia
960431,Marsdenia bicolor Britton & P.Wilson,Matelea bicolor (Britton & P.Wilson) Woodson,Matelea bicolor (Britton & P.Wilson) Woodson,Matelea bicolor (Britton & P.Wilson) Woodson,Matelea bicolor,Meveampelos bicolor (Britton & P.Wilson) Morillo,Meveampelos bicolor,Matelea,Meveampelos
961646,Lysimachia capillipes var. cavaleriei (H.Lév.) Hand.-Mazz.,Leptopus chinensis (Bunge) Pojark.,Leptopus chinensis (Bunge) Pojark.,Leptopus chinensis (Bunge) Pojark.,Leptopus chinensis,Lysimachia capillipes var. cavaleriei (H.Lév.) Hand.-Mazz.,Lysimachia capillipes,Leptopus,Lysimachia
993016,Theobroma mariae (Mart.) K.Schum.,Abroma augustum (L.) L.f.,Abroma augustum (L.) L.f.,Abroma augustum (L.) L.f.,Abroma augustum,Herrania mariae (Mart.) Goudot,Herrania mariae,Abroma,Herrania
998869,Desmatodon bushii Cardot & Thér.,Hydrogonium orientale (F. Weber) Jan Kučera,Hydrogonium orientale (F. Weber) Jan Kučera,Hydrogonium orientale (F. Weber) Jan Kučera,Hydrogonium orientale,Barbula unguiculata Hedw.,Barbula unguiculata,Hydrogonium,Barbula
999962,Amblystegium subvarium Broth.,Hygroamblystegium varium (Hedw.) Mönk.,Hygroamblystegium varium (Hedw.) Mönk.,Hygroamblystegium varium (Hedw.) Mönk.,Hygroamblystegium varium,Cratoneuropsis chilensis (Lorentz) Ochyra,Cratoneuropsis chilensis,Hygroamblystegium,Cratoneuropsis
1001569,Thysanomitrion capillaceum (Brid.) Arn.,Bryopalisotia filiformis (P. Beauv.) Bonfim Santos & Fedosov,Bryopalisotia filiformis (P. Beauv.) Bonfim Santos & Fedosov,Bryopalisotia filiformis (P. Beauv.) Bonfim Santos & Fedosov,Bryopalisotia filiformis,Campylopus capillaceus (Brid.) A. Jaeger,Campylopus capillaceus,Bryopalisotia,Campylopus
1002386,Phascum repens With.,Cryphaea heteromalla (Hedw.) Brid.,Cryphaea heteromalla (Hedw.) Brid.,Cryphaea heteromalla (Hedw.) Brid.,Cryphaea heteromalla,Leucodon julaceus (Hedw.) Sull.,Leucodon julaceus,Cryphaea,Leucodon
1003164,Anomobryum toelzense (Hamm.) Hamm.,"Anomobryum julaceum (Schrad. ex G. Gaertn., B. Mey. & Scherb.) Schimp.","Anomobryum julaceum (Schrad. ex G. Gaertn., B. Mey. & Scherb.) Schimp.","Anomobryum julaceum (Schrad. ex G. Gaertn., B. Mey. & Scherb.) Schimp.",Anomobryum julaceum,Bryum bavaricum Warnst.,Bryum bavaricum,Anomobryum,Bryum
1006376,Brachymenium ellipticum A. Jaeger,Gemmabryum apiculatum (Schwägr.) J.R. Spence & H.P. Ramsay,Gemmabryum apiculatum (Schwägr.) J.R. Spence & H.P. Ramsay,Anomobryum apiculatum (Schwägr.) D. Bell & Holyoak,Anomobryum apiculatum,Gemmabryum acuminatum (Harv.) J.R. Spence & H.P. Ramsay,Gemmabryum acuminatum,Anomobryum,Gemmabryum
1007607,Bryum agattuense H. Philib.,Ptychostomum knowltonii (Barnes) J.R. Spence,Ptychostomum knowltonii (Barnes) J.R. Spence,Ptychostomum knowltonii (Barnes) J.R. Spence,Ptychostomum knowltonii,Plagiobryoides brachyneura (Kindb.) J.R. Spence,Plagiobryoides brachyneura,Ptychostomum,Plagiobryoides
1007635,Bryum alpinum subsp. reyeri (Breidl.) Podp.,Imbribryum alpinum (Huds. ex With.) N. Pedersen,Imbribryum alpinum (Huds. ex With.) N. Pedersen,Imbribryum alpinum (Huds. ex With.) N. Pedersen,Imbribryum alpinum,Bryum reyeri Breidl.,Bryum reyeri,Imbribryum,Bryum
1007639,Bryum alpinum var. fleischeri (Warnst.) Podp.,Imbribryum alpinum (Huds. ex With.) N. Pedersen,Imbribryum alpinum (Huds. ex With.) N. Pedersen,Imbribryum alpinum (Huds. ex With.) N. Pedersen,Imbribryum alpinum,Bryum gemmiparum De Not.,Bryum gemmiparum,Imbribryum,Bryum
1007645,Bryum alpinum var. ovatum (Boulay) Podp.,Imbribryum alpinum (Huds. ex With.) N. Pedersen,Imbribryum alpinum (Huds. ex With.) N. Pedersen,Imbribryum alpinum (Huds. ex With.) N. Pedersen,Imbribryum alpinum,Bryum gemmiparum De Not.,Bryum gemmiparum,Imbribryum,Bryum
1007646,Bryum alpinum var. reinhardtii (Podp.) Podp.,Imbribryum alpinum (Huds. ex With.) N. Pedersen,Imbribryum alpinum (Huds. ex With.) N. Pedersen,Imbribryum alpinum (Huds. ex With.) N. Pedersen,Imbribryum alpinum,Bryum gemmiparum De Not.,Bryum gemmiparum,Imbribryum,Bryum
1007679,Bryum angustifolium Brid.,Gemmabryum caespiticium (Hedw.) J.R. Spence,Gemmabryum caespiticium (Hedw.) J.R. Spence,Ptychostomum imbricatulum (Müll. Hal.) Holyoak & N. Pedersen,Ptychostomum imbricatulum,Gemmabryum coronatum (Schwägr.) J.R. Spence & H.P. Ramsay,Gemmabryum coronatum,Ptychostomum,Gemmabryum
1007904,Bryum brotherianum Demaret,Gemmabryum coronatum (Schwägr.) J.R. Spence & H.P. Ramsay,Gemmabryum coronatum (Schwägr.) J.R. Spence & H.P. Ramsay,Gemmabryum coronatum (Schwägr.) J.R. Spence & H.P. Ramsay,Gemmabryum coronatum,Bryum brotherianum Demaret,Bryum brotherianum,Gemmabryum,Bryum
1009552,Pohlia imbricata Schwägr.,Ptychostomum inclinatum (Sw. ex Brid.) J.R. Spence,Ptychostomum inclinatum (Sw. ex Brid.) J.R. Spence,Ptychostomum inclinatum (Sw. ex Brid.) J.R. Spence,Ptychostomum inclinatum,Bryum imbricatum (Schwägr.) Bruch & Schimp.,Bryum imbricatum,Ptychostomum,Bryum
1010817,Dicranum capillaceum Brid.,Bryopalisotia filiformis (P. Beauv.) Bonfim Santos & Fedosov,Bryopalisotia filiformis (P. Beauv.) Bonfim Santos & Fedosov,Bryopalisotia filiformis (P. Beauv.) Bonfim Santos & Fedosov,Bryopalisotia filiformis,Campylopus capillaceus (Brid.) A. Jaeger,Campylopus capillaceus,Bryopalisotia,Campylopus
1014244,Hypnum waghornei Kindb.,Hypnum uncinulatum Jur.,Hypnum uncinulatum Jur.,Hypnum uncinulatum Jur.,Hypnum uncinulatum,Sanionia uncinata (Hedw.) Loeske,Sanionia uncinata,Hypnum,Sanionia
1014606,Leskea repens Schleich. ex Schultz,Platygyrium repens (Brid.) Schimp.,Platygyrium repens (Brid.) Schimp.,Platygyrium repens (Brid.) Schimp.,Platygyrium repens,Amblystegium serpens (Hedw.) Schimp.,Amblystegium serpens,Platygyrium,Amblystegium
1015044,Rhaphidostegium caespitosum (Hedw.) Besch.,Jirivanaea caespitosa (Hedw.) U.B. Deshmukh & Rathor,Jirivanaea caespitosa (Hedw.) U.B. Deshmukh & Rathor,Jirivanaea caespitosa (Hedw.) U.B. Deshmukh & Rathor,Jirivanaea caespitosa,"Brittonodoxa subpinnata (Brid.) W.R. Buck, P.E.A.S. Câmara & Carv.-Silva",Brittonodoxa subpinnata,Jirivanaea,Brittonodoxa
1015572,Rhodobryum globicoma (Müll. Hal.) Paris,Rosulabryum billarderi (Schwägr.) J.R. Spence,Rosulabryum billarderi (Schwägr.) J.R. Spence,Rosulabryum billarderi (Schwägr.) J.R. Spence,Rosulabryum billarderi,Rhodobryum ontariense (Kindb.) Paris,Rhodobryum ontariense,Rosulabryum,Rhodobryum
1016104,Didymodon warnstorfii (Limpr.) Paris,Hydrogonium orientale (F. Weber) Jan Kučera,Hydrogonium orientale (F. Weber) Jan Kučera,Hydrogonium orientale (F. Weber) Jan Kučera,Hydrogonium orientale,Hyophila involuta (Hook.) A. Jaeger,Hyophila involuta,Hydrogonium,Hyophila
1016882,Dryptodon crispus Brid.,Ditrichum difficile (Duby) M. Fleisch.,Ditrichum difficile (Duby) M. Fleisch.,Ditrichum difficile (Duby) M. Fleisch.,Ditrichum difficile,Ptychomitrium crispatum (Hedw.) A. Jaeger,Ptychomitrium crispatum,Ditrichum,Ptychomitrium
1018627,Bryum epipterygioides Ochi,Rosulabryum capillare (Hedw.) J.R. Spence,Rosulabryum capillare (Hedw.) J.R. Spence,Rosulabryum capillare (Hedw.) J.R. Spence,Rosulabryum capillare,Plagiobryoides cellularis (Hook.) J.R. Spence,Plagiobryoides cellularis,Rosulabryum,Plagiobryoides
1018645,Bryum erythropus (M. Fleisch.) Broth.,Imbribryum clavatum (Schimp.) J.R. Spence & H.P. Ramsay,Imbribryum clavatum (Schimp.) J.R. Spence & H.P. Ramsay,Imbribryum clavatum (Schimp.) J.R. Spence & H.P. Ramsay,Imbribryum clavatum,Anomobryum apiculatum (Schwägr.) D. Bell & Holyoak,Anomobryum apiculatum,Imbribryum,Anomobryum
1018702,Bryum fleischeri Warnst.,Imbribryum alpinum (Huds. ex With.) N. Pedersen,Imbribryum alpinum (Huds. ex With.) N. Pedersen,Imbribryum alpinum (Huds. ex With.) N. Pedersen,Imbribryum alpinum,Bryum gemmiparum De Not.,Bryum gemmiparum,Imbribryum,Bryum
1018756,Bryum gemmiparum var. fleischeri (Warnst.) Herzog,Imbribryum alpinum (Huds. ex With.) N. Pedersen,Imbribryum alpinum (Huds. ex With.) N. Pedersen,Imbribryum alpinum (Huds. ex With.) N. Pedersen,Imbribryum alpinum,Bryum gemmiparum De Not.,Bryum gemmiparum,Imbribryum,Bryum
1018766,Bryum gibsonii R. Br. bis,Ptychostomum creberrimum (Taylor) J.R. Spence & H.P. Ramsay,Ptychostomum creberrimum (Taylor) J.R. Spence & H.P. Ramsay,Ptychostomum creberrimum (Taylor) J.R. Spence & H.P. Ramsay,Ptychostomum creberrimum,Gemmabryum sauteri (Bruch & Schimp.) J.R. Spence & H.P. Ramsay,Gemmabryum sauteri,Ptychostomum,Gemmabryum
1018777,Bryum globicoma Müll. Hal.,Rosulabryum billarderi (Schwägr.) J.R. Spence,Rosulabryum billarderi (Schwägr.) J.R. Spence,Rosulabryum billarderi (Schwägr.) J.R. Spence,Rosulabryum billarderi,Rhodobryum ontariense (Kindb.) Paris,Rhodobryum ontariense,Rosulabryum,Rhodobryum
1018788,Bryum gracilithecium R. Br. bis,Rosulabryum billarderi (Schwägr.) J.R. Spence,Rosulabryum billarderi (Schwägr.) J.R. Spence,Rosulabryum billarderi (Schwägr.) J.R. Spence,Rosulabryum billarderi,Imbribryum clavatum (Schimp.) J.R. Spence & H.P. Ramsay,Imbribryum clavatum,Rosulabryum,Imbribryum
1018879,Bryum imbricatum (Schwägr.) Bruch & Schimp.,Ptychostomum inclinatum (Sw. ex Brid.) J.R. Spence,Ptychostomum inclinatum (Sw. ex Brid.) J.R. Spence,Ptychostomum inclinatum (Sw. ex Brid.) J.R. Spence,Ptychostomum inclinatum,Bryum imbricatum (Schwägr.) Bruch & Schimp.,Bryum imbricatum,Ptychostomum,Bryum
1018889,Bryum inclinatum var. islandicum (I. Hagen) Podp.,Pohlia elongata Hedw.,Pohlia elongata Hedw.,Pohlia elongata Hedw.,Pohlia elongata,Ptychostomum inclinatum (Sw. ex Brid.) J.R. Spence,Ptychostomum inclinatum,Pohlia,Ptychostomum
1018907,Bryum insularum Bom.,Pohlia elongata Hedw.,Pohlia elongata Hedw.,Pohlia elongata Hedw.,Pohlia elongata,Ptychostomum salinum (I. Hagen ex Limpr.) J.R. Spence,Ptychostomum salinum,Pohlia,Ptychostomum
1018926,Bryum islandicum I. Hagen,Pohlia elongata Hedw.,Pohlia elongata Hedw.,Pohlia elongata Hedw.,Pohlia elongata,Ptychostomum inclinatum (Sw. ex Brid.) J.R. Spence,Ptychostomum inclinatum,Pohlia,Ptychostomum
1019077,Bryum lingulanum Bom.,Ptychostomum archangelicum (Bruch & Schimp.) J.R. Spence,Ptychostomum archangelicum (Bruch & Schimp.) J.R. Spence,Ptychostomum archangelicum (Bruch & Schimp.) J.R. Spence,Ptychostomum archangelicum,Bryum lingulanum Bom.,Bryum lingulanum,Ptychostomum,Bryum
1019082,Bryum litorale Ryan & I. Hagen,Pohlia elongata Hedw.,Pohlia elongata Hedw.,Pohlia elongata Hedw.,Pohlia elongata,Ptychostomum inclinatum (Sw. ex Brid.) J.R. Spence,Ptychostomum inclinatum,Pohlia,Ptychostomum
1019166,Bryum mayebarae Nog.,Ptychostomum compactum Hornsch.,Ptychostomum compactum Hornsch.,Ptychostomum compactum Hornsch.,Ptychostomum compactum,Gemmabryum radiculosum (Brid.) J.R. Spence & H.P. Ramsay,Gemmabryum radiculosum,Ptychostomum,Gemmabryum
1020672,Leskea delicatula (Hedw.) Sw.,Thuidium delicatulum (Hedw.) Schimp.,Thuidium delicatulum (Hedw.) Schimp.,Thuidium delicatulum (Hedw.) Schimp.,Thuidium delicatulum,Leskea delicatula (Hedw.) Sw.,Leskea delicatula,Thuidium,Leskea
1022910,Pterobryon humile Mitt.,Pinnatidendron piniforme (Brid.) Enroth,Pinnatidendron piniforme (Brid.) Enroth,Pinnatidendron piniforme (Brid.) Enroth,Pinnatidendron piniforme,Calyptothecium humile (Mitt.) Broth.,Calyptothecium humile,Pinnatidendron,Calyptothecium
1027300,Macromitrium podocarpi Müll. Hal.,Macromitrium pseudofimbriatum Hampe,Macromitrium pseudofimbriatum Hampe,Macromitrium pseudofimbriatum Hampe,Macromitrium pseudofimbriatum,"Pseudomacromitrium podocarpi (Müll. Hal.) D.V. Valente, P.E.A.S. Câmara & D.F. Peralta",Pseudomacromitrium podocarpi,Macromitrium,Pseudomacromitrium
1028255,Bryum percurrentinerve Kindb.,Imbribryum muehlenbeckii (Bruch & Schimp.) N. Pedersen,Imbribryum muehlenbeckii (Bruch & Schimp.) N. Pedersen,Imbribryum muehlenbeckii (Bruch & Schimp.) N. Pedersen,Imbribryum muehlenbeckii,Bryum gemmiparum De Not.,Bryum gemmiparum,Imbribryum,Bryum
1028320,Bryum porphyroneuron subsp. erythropus M. Fleisch.,Imbribryum clavatum (Schimp.) J.R. Spence & H.P. Ramsay,Imbribryum clavatum (Schimp.) J.R. Spence & H.P. Ramsay,Imbribryum clavatum (Schimp.) J.R. Spence & H.P. Ramsay,Imbribryum clavatum,Anomobryum apiculatum (Schwägr.) D. Bell & Holyoak,Anomobryum apiculatum,Imbribryum,Anomobryum
1028345,Bryum pseudocastaneum C.E.O. Jensen,Ptychostomum pseudotriquetrum (Hedw.) J.R. Spence & H.P. Ramsay ex Holyoak & N. Pedersen,Ptychostomum pseudotriquetrum (Hedw.) J.R. Spence & H.P. Ramsay ex Holyoak & N. Pedersen,Ptychostomum pseudotriquetrum (Hedw.) J.R. Spence & H.P. Ramsay ex Holyoak & N. Pedersen,Ptychostomum pseudotriquetrum,Bryum pseudocastaneum C.E.O. Jensen,Bryum pseudocastaneum,Ptychostomum,Bryum
1028445,Bryum reinhardtii Podp.,Imbribryum alpinum (Huds. ex With.) N. Pedersen,Imbribryum alpinum (Huds. ex With.) N. Pedersen,Imbribryum alpinum (Huds. ex With.) N. Pedersen,Imbribryum alpinum,Bryum gemmiparum De Not.,Bryum gemmiparum,Imbribryum,Bryum
1028455,Bryum reyeri Breidl.,Imbribryum alpinum (Huds. ex With.) N. Pedersen,Imbribryum alpinum (Huds. ex With.) N. Pedersen,Imbribryum alpinum (Huds. ex With.) N. Pedersen,Imbribryum alpinum,Bryum reyeri Breidl.,Bryum reyeri,Imbribryum,Bryum
1028595,Bryum simulans Broth.,Ochiobryum handelii (Broth.) J.R. Spence & H.P. Ramsay,Ochiobryum handelii (Broth.) J.R. Spence & H.P. Ramsay,Ochiobryum handelii (Broth.) J.R. Spence & H.P. Ramsay,Ochiobryum handelii,Ptychostomum neodamense (Itzigs.) J.R. Spence,Ptychostomum neodamense,Ochiobryum,Ptychostomum
1028811,Bryum toelzense Hamm.,"Anomobryum julaceum (Schrad. ex G. Gaertn., B. Mey. & Scherb.) Schimp.","Anomobryum julaceum (Schrad. ex G. Gaertn., B. Mey. & Scherb.) Schimp.","Anomobryum julaceum (Schrad. ex G. Gaertn., B. Mey. & Scherb.) Schimp.",Anomobryum julaceum,Bryum bavaricum Warnst.,Bryum bavaricum,Anomobryum,Bryum
1028969,Bryum williamsii H. Philib.,Imbribryum alpinum (Huds. ex With.) N. Pedersen,Imbribryum alpinum (Huds. ex With.) N. Pedersen,Imbribryum alpinum (Huds. ex With.) N. Pedersen,Imbribryum alpinum,Bryum gemmiparum De Not.,Bryum gemmiparum,Imbribryum,Bryum
1029669,Calyptothecium humile (Mitt.) Broth.,Pinnatidendron piniforme (Brid.) Enroth,Pinnatidendron piniforme (Brid.) Enroth,Pinnatidendron piniforme (Brid.) Enroth,Pinnatidendron piniforme,Calyptothecium humile (Mitt.) Broth.,Calyptothecium humile,Pinnatidendron,Calyptothecium
1030957,Campylopus ferromecoae Paris,Sclerodontium clavinerve (Müll. Hal.) H.A. Crum,Sclerodontium clavinerve (Müll. Hal.) H.A. Crum,Sclerodontium clavinerve (Müll. Hal.) H.A. Crum,Sclerodontium clavinerve,Campylopus introflexus (Hedw.) Brid.,Campylopus introflexus,Sclerodontium,Campylopus
1034098,Macromitrium carionis Müll. Hal.,Macromitrium swainsonii (Hook.) Brid.,Macromitrium swainsonii (Hook.) Brid.,Macromitrium swainsonii (Hook.) Brid.,Macromitrium swainsonii,"Pseudomacromitrium carionis (Müll. Hal.) D.V. Valente, P.E.A.S. Câmara & D.F. Peralta",Pseudomacromitrium carionis,Macromitrium,Pseudomacromitrium
1034497,Cratoneuron arcticum Steere,Hygroamblystegium varium (Hedw.) Mönk.,Hygroamblystegium varium (Hedw.) Mönk.,Hygroamblystegium varium (Hedw.) Mönk.,Hygroamblystegium varium,Cratoneuropsis chilensis (Lorentz) Ochyra,Cratoneuropsis chilensis,Hygroamblystegium,Cratoneuropsis
1036211,Hyophila warnstorfii (Limpr.) M. Fleisch.,Hydrogonium orientale (F. Weber) Jan Kučera,Hydrogonium orientale (F. Weber) Jan Kučera,Hydrogonium orientale (F. Weber) Jan Kučera,Hydrogonium orientale,Hyophila involuta (Hook.) A. Jaeger,Hyophila involuta,Hydrogonium,Hyophila
1044118,Trichostomum sitkanum Cardot & Thér.,Tortella tortuosa (Schrad. ex Hedw.) Limpr.,Tortella tortuosa (Schrad. ex Hedw.) Limpr.,Tortella tortuosa (Schrad. ex Hedw.) Limpr.,Tortella tortuosa,"Chionoloma tenuirostre (Hook. & Taylor) M. Alonso, M.J. Cano & J.A. Jiménez",Chionoloma tenuirostre,Tortella,Chionoloma
1048033,Bryum maritimum subsp. agattuense (H. Philib.) Podp.,Ptychostomum knowltonii (Barnes) J.R. Spence,Ptychostomum knowltonii (Barnes) J.R. Spence,Ptychostomum knowltonii (Barnes) J.R. Spence,Ptychostomum knowltonii,Plagiobryoides brachyneura (Kindb.) J.R. Spence,Plagiobryoides brachyneura,Ptychostomum,Plagiobryoides
1048639,Bryum alpinum f. ovatum Boulay,Imbribryum alpinum (Huds. ex With.) N. Pedersen,Imbribryum alpinum (Huds. ex With.) N. Pedersen,Imbribryum alpinum (Huds. ex With.) N. Pedersen,Imbribryum alpinum,Bryum gemmiparum De Not.,Bryum gemmiparum,Imbribryum,Bryum
1064413,Ptychostomum angustifolium (Brid.) J.R. Spence & H.P. Ramsay,Gemmabryum caespiticium (Hedw.) J.R. Spence,Gemmabryum caespiticium (Hedw.) J.R. Spence,Ptychostomum imbricatulum (Müll. Hal.) Holyoak & N. Pedersen,Ptychostomum imbricatulum,Gemmabryum coronatum (Schwägr.) J.R. Spence & H.P. Ramsay,Gemmabryum coronatum,Ptychostomum,Gemmabryum
1078296,Pavonia urticifolia C.Presl,Pavonia communis A.St.-Hil.,Pavonia communis A.St.-Hil.,Pavonia communis A.St.-Hil.,Pavonia communis,Malvaviscus urticifolius (C.Presl) Fryxell,Malvaviscus urticifolius,Pavonia,Malvaviscus
1092346,Skiophila melittifolia Hanst.,Nautilocalyx melittifolius (L.) Wiehler,Nautilocalyx melittifolius (L.) Wiehler,Nautilocalyx melittifolius (L.) Wiehler,Nautilocalyx melittifolius,Chrysothemis melittifolia (L.) M.M.Mora & J.L.Clark,Chrysothemis melittifolia,Nautilocalyx,Chrysothemis
1093055,Hibiscus collinsianus Nutt. ex Torr. & A.Gray,Abelmoschus moschatus Medik.,Abelmoschus moschatus Medik.,Abelmoschus moschatus Medik.,Abelmoschus moschatus,Hibiscus trionum L.,Hibiscus trionum,Abelmoschus,Hibiscus
1107433,Pentaglottis tomentosa Wall.,Melochia umbellata (Houtt.) Stapf,Melochia umbellata (Houtt.) Stapf,Melochia umbellata (Houtt.) Stapf,Melochia umbellata,Melhania hamiltoniana Wall.,Melhania hamiltoniana,Melochia,Melhania
1108522,Peganum crithmifolium Retz.,Peganum harmala L.,Peganum harmala L.,Peganum harmala L.,Peganum harmala,Malacocarpus crithmifolius (Retz.) Fisch. & C.A.Mey.,Malacocarpus crithmifolius,Peganum,Malacocarpus
1112344,Microsemma calophylla Guillaumin & MacKee,Lethedon cernua (Baill.) Kosterm.,Lethedon cernua (Baill.) Kosterm.,Lethedon cernua (Baill.) Kosterm.,Lethedon cernua,Solmsia calophylla Baill.,Solmsia calophylla,Lethedon,Solmsia
1113600,Tinus macrophylla (Roem. & Schult.) Kuntze,Oncostemum microphyllum (Roem. & Schult.) Mez,Oncostemum microphyllum (Roem. & Schult.) Mez,Oncostemum microphyllum (Roem. & Schult.) Mez,Oncostemum microphyllum,Ardisia macrophylla Reinw. ex Blume,Ardisia macrophylla,Oncostemum,Ardisia
1123454,Hibiscus aculeatus Roxb.,Abelmoschus esculentus Moench,Abelmoschus esculentus Moench,Abelmoschus esculentus Moench,Abelmoschus esculentus,Hibiscus hispidissimus Griff.,Hibiscus hispidissimus,Abelmoschus,Hibiscus
1123660,Lachnaea phylicoides Lam.,Lachnaea capitata (L.) Crantz,Lachnaea capitata (L.) Crantz,Lachnaea capitata (L.) Crantz,Lachnaea capitata,Passerina ericoides L.,Passerina ericoides,Lachnaea,Passerina
1125480,Lasiosiphon caffer var. pulcher Burtt Davy,Gnidia caffra Meisn.,Gnidia caffra Meisn.,Gnidia caffra Meisn.,Gnidia caffra,Lasiosiphon caffer Meisn.,Lasiosiphon caffer,Gnidia,Lasiosiphon
1125481,Lasiosiphon caffer var. intermedius Burtt Davy,Gnidia caffra Meisn.,Gnidia caffra Meisn.,Gnidia caffra Meisn.,Gnidia caffra,Lasiosiphon caffer Meisn.,Lasiosiphon caffer,Gnidia,Lasiosiphon
1127664,Elodes petiolata Pursh,Gardenia petiolata Farw.,Gardenia petiolata Farw.,Gardenia petiolata Farw.,Gardenia petiolata,Hypericum walteri J.F.Gmel.,Hypericum walteri,Gardenia,Hypericum
1129369,Mammillaria cephalophora Salm-Dyck,Mammillaria aureilanata Backeb.,Mammillaria aureilanata Backeb.,Mammillaria aureilanata Backeb.,Mammillaria aureilanata,Coryphantha retusa (Pfeiff.) Britton & Rose,Coryphantha retusa,Mammillaria,Coryphantha
1135810,Tovomitopsis membrillensis D'Arcy,Tovomita krukovii A.C.Sm.,Tovomita krukovii A.C.Sm.,Tovomita krukovii A.C.Sm.,Tovomita krukovii,Chrysochlamys membrillensis (D'Arcy) Hammel,Chrysochlamys membrillensis,Tovomita,Chrysochlamys
1176382,Gilia floribunda var. arida M.E.Jones,Leptosiphon floribundus (A.Gray) J.M.Porter & L.A.Johnson,Leptosiphon floribundus (A.Gray) J.M.Porter & L.A.Johnson,Leptosiphon floribundus (A.Gray) J.M.Porter & L.A.Johnson,Leptosiphon floribundus,Linanthus watsonii subsp. watsonii ,Linanthus watsonii,Leptosiphon,Linanthus
1179276,Ocotea minarum var. canescens (Meisn.) Mez,Ocotea minarum (Nees & Mart.) Mez,Ocotea minarum (Nees & Mart.) Mez,Ocotea minarum (Nees & Mart.) Mez,Ocotea minarum,Nectandra psammophila Nees & Mart.,Nectandra psammophila,Ocotea,Nectandra
1184684,Cotoneaster nummularius var. lindleyi Wenz.,Eriobotrya elliptica Lindl.,Eriobotrya elliptica Lindl.,Eriobotrya elliptica Lindl.,Eriobotrya elliptica,Cotoneaster lindleyi Steud.,Cotoneaster lindleyi,Eriobotrya,Cotoneaster
1190841,Clerodendrum laevifolium var. pubiflorum Bakh. ex Moldenke,Clerodendrum nudiflorum Moldenke,Clerodendrum nudiflorum Moldenke,Rotheca nudiflora (Moldenke) Callm. & Phillipson,Rotheca nudiflora,Clerodendrum pubiflorum (Bakh. ex Moldenke) Wearn,Clerodendrum pubiflorum,Rotheca,Clerodendrum
1214024,Chamaecytisus supinus var. gallicus (A.Kern. ex Willk. & Lange) C.Vicioso,Chamaecytisus supinus subsp. supinus ,Chamaecytisus supinus subsp. supinus ,Chamaecytisus supinus subsp. supinus ,Chamaecytisus supinus,Cytisus lotoides Pourr.,Cytisus lotoides,Chamaecytisus,Cytisus
1214461,Cytisus supinus var. gallicus (A.Kern. ex Willk. & Lange) Briq.,Chamaecytisus supinus subsp. supinus ,Chamaecytisus supinus subsp. supinus ,Chamaecytisus supinus subsp. supinus ,Chamaecytisus supinus,Cytisus lotoides Pourr.,Cytisus lotoides,Chamaecytisus,Cytisus
1219552,Acantholoma Gaudich. ex Baill.,Pachystroma Müll.Arg.,Pachystroma Müll.Arg.,Pachystroma Müll.Arg.,,Spiridens Nees,,Pachystroma,Spiridens
1219891,Adelosa Blume,Rotheca Raf.,Rotheca Raf.,Rotheca Raf.,,Clerodendrum L.,,Rotheca,Clerodendrum
1219916,Adenocheton Fenzl,Cocculus DC.,Cocculus DC.,Cocculus DC.,,Cebatha Forssk.,,Cocculus,Cebatha
1220095,Afrocrocus J.C.Manning & Goldblatt,Syringodea Hook.f.,Syringodea Hook.f.,Syringodea Hook.f.,,Afrocrocus J.C.Manning & Goldblatt,,Syringodea,Afrocrocus
1220226,Agyneia L.,Phyllanthus L.,Phyllanthus L.,Phyllanthus L.,,Glochidion J.R.Forst. & G.Forst.,,Phyllanthus,Glochidion
1220783,Amphorella Brandegee,Matelea Aubl.,Matelea Aubl.,Matelea Aubl.,,Chthamalia Decne.,,Matelea,Chthamalia
1220983,Androphylax J.C.Wendl.,Cocculus DC.,Cocculus DC.,Cocculus DC.,,Nephroia Lour.,,Cocculus,Nephroia
1221045,Angelandra Endl.,Engelmannia A.Gray ex Nutt.,Engelmannia A.Gray ex Nutt.,Engelmannia A.Gray ex Nutt.,,Croton L.,,Engelmannia,Croton
1222353,Avellara Blanca & C.Díaz,Scorzonera L.,Scorzonera L.,Scorzonera L.,,Avellara Blanca & C.Díaz,,Scorzonera,Avellara
1222718,Baudinia Lesch. ex DC.,Melaleuca L.,Melaleuca L.,Melaleuca L.,,Scaevola L.,,Melaleuca,Scaevola
1222729,Baumgartia Moench,Cocculus DC.,Cocculus DC.,Cocculus DC.,,Nephroia Lour.,,Cocculus,Nephroia
1223272,Bonarota Adans.,Veronica L.,Veronica L.,Veronica L.,,Paederota L.,,Veronica,Paederota
1223297,Bontia L.,Avicennia L.,Avicennia L.,Avicennia L.,,Bontia L.,,Avicennia,Bontia
1223536,Bradleia Banks ex Gaertn.,Phyllanthus L.,Phyllanthus L.,Phyllanthus L.,,Glochidion J.R.Forst. & G.Forst.,,Phyllanthus,Glochidion
1223633,Bricchettia Pax,Cocculus DC.,Cocculus DC.,Cocculus DC.,,Cebatha Forssk.,,Cocculus,Cebatha
1223892,Burnatastrum Briq.,Plectranthus L'Hér.,Plectranthus L'Hér.,Plectranthus L'Hér.,,Coleus Lour.,,Plectranthus,Coleus
1224076,Callaeolepium H.Karst.,Matelea Aubl.,Matelea Aubl.,Matelea Aubl.,,Ibatia Decne.,,Matelea,Ibatia
1224576,Cardioteucris C.Y.Wu,Caryopteris Bunge,Caryopteris Bunge,Caryopteris Bunge,,Rubiteucris Kudô,,Caryopteris,Rubiteucris
1224812,Cathartocarpus Pers.,Senna Mill.,Senna Mill.,Senna Mill.,,Cassia L.,,Senna,Cassia
1224896,Cebatha Forssk.,Cocculus DC.,Cocculus DC.,Cocculus DC.,,Cebatha Forssk.,,Cocculus,Cebatha
1225401,Cheilosandra Griff. ex Lindl.,Rhynchotechum Blume,Rhynchotechum Blume,Rhynchotechum Blume,,Leptoboea Benth.,,Rhynchotechum,Leptoboea
1225495,Chilodia R.Br.,Tilesia G.Mey.,Tilesia G.Mey.,Tilesia G.Mey.,,Prostanthera Labill.,,Tilesia,Prostanthera
1225797,Chthamalia Decne.,Matelea Aubl.,Matelea Aubl.,Matelea Aubl.,,Chthamalia Decne.,,Matelea,Chthamalia
1226149,Cocculidium Spach,Cocculus DC.,Cocculus DC.,Cocculus DC.,,Nephroia Lour.,,Cocculus,Nephroia
1226674,Corysanthera Wall. ex Endl.,Rhynchotechum Blume,Rhynchotechum Blume,Rhynchotechum Blume,,Corysanthera Wall. ex Endl.,,Rhynchotechum,Corysanthera
1226710,Costia Willk.,Agropyron Gaertn.,Agropyron Gaertn.,Agropyron Gaertn.,,Iris Tourn. ex L.,,Agropyron,Iris
1227049,Cryptoleptodon Renauld & Cardot,Leptodon D. Mohr,Leptodon D. Mohr,Leptodon D. Mohr,,Cryptoleptodon Renauld & Cardot,,Leptodon,Cryptoleptodon
1227446,Cynocrambe Gagnebin,Mercurialis L.,Mercurialis L.,Mercurialis L.,,Theligonum L.,,Mercurialis,Theligonum
1227654,Dadia Vell.,Alomia Kunth,Alomia Kunth,Alomia Kunth,,Aloysia Paláu,,Alomia,Aloysia
1227814,Davya DC.,Adelobotrys DC.,Adelobotrys DC.,Adelobotrys DC.,,Saurauia Willd.,,Adelobotrys,Saurauia
1227846,Decapenta Raf.,Diodia L.,Diodia L.,Diodia L.,,Litsea Lam.,,Diodia,Litsea
1227938,Deltocheilos W.T.Wang,Chirita Buch.-Ham. ex D.Don,Chirita Buch.-Ham. ex D.Don,Henckelia Spreng.,,Primulina Hance,,Henckelia,Primulina
1228062,Descantaria Schltdl.,Callisia Loefl.,Callisia Loefl.,Callisia Loefl.,,Tripogandra Raf.,,Callisia,Tripogandra
1228091,Desmonema Miers,Tinospora Miers,Tinospora Miers,Tinospora Miers,,Hyalosepalum Troupin,,Tinospora,Hyalosepalum
1228197,Diasperus L. ex Kuntze,Phyllanthus L.,Phyllanthus L.,Phyllanthus L.,,Glochidion J.R.Forst. & G.Forst.,,Phyllanthus,Glochidion
1228289,Dichrophyllum Klotzsch & Garcke,Euphorbia L.,Euphorbia L.,Euphorbia L.,,Phyllanthus L.,,Euphorbia,Phyllanthus
1229828,Englerastrum Briq.,Plectranthus L'Hér.,Plectranthus L'Hér.,Plectranthus L'Hér.,,Coleus Lour.,,Plectranthus,Coleus
1229923,Epibaterium J.R.Forst. & G.Forst.,Cocculus DC.,Cocculus DC.,Cocculus DC.,,Cebatha Forssk.,,Cocculus,Cebatha
1229979,Episteira Raf.,Phyllanthus L.,Phyllanthus L.,Phyllanthus L.,,Glochidion J.R.Forst. & G.Forst.,,Phyllanthus,Glochidion
1230556,Evotrochis Raf.,Primula L.,Primula L.,Primula L.,,Evotrochis Raf.,,Primula,Evotrochis
1230634,Fabricia Adans.,Alysicarpus Desv.,Alysicarpus Desv.,Alysicarpus Desv.,,Lavandula L.,,Alysicarpus,Lavandula
1230688,Farnesia Heist. ex Fabr.,Persea Mill.,Persea Mill.,Persea Mill.,,Vachellia Wight & Arn.,,Persea,Vachellia
1230764,Ferrandia Gaudich.,Cocculus DC.,Cocculus DC.,Cocculus DC.,,Nephroia Lour.,,Cocculus,Nephroia
1231172,Galloa Hassk.,Cocculus DC.,Cocculus DC.,Cocculus DC.,,Pachygone Miers,,Cocculus,Pachygone
1231263,Gastrilia Raf.,Daphnopsis Mart.,Daphnopsis Mart.,Daphnopsis Mart.,,Thymelaea Mill.,,Daphnopsis,Thymelaea
1231329,Gelasia Cass.,Scorzonera L.,Scorzonera L.,Scorzonera L.,,Gelasia Cass.,,Scorzonera,Gelasia
1231581,Glochisandra Wight,Phyllanthus L.,Phyllanthus L.,Phyllanthus L.,,Glochidion J.R.Forst. & G.Forst.,,Phyllanthus,Glochidion
1231676,Gnoteris Raf.,Hyptis Jacq.,Hyptis Jacq.,Hyptis Jacq.,,Mesosphaerum P.Browne,,Hyptis,Mesosphaerum
1232196,Gynoon A.Juss.,Phyllanthus L.,Phyllanthus L.,Phyllanthus L.,,Glochidion J.R.Forst. & G.Forst.,,Phyllanthus,Glochidion
1232581,Hecabe Raf.,Calanthe R.Br.,Calanthe R.Br.,Calanthe R.Br.,,Phaius Lour.,,Calanthe,Phaius
1232880,Henribaillonia Kuntze,Drypetes Vahl,Drypetes Vahl,Drypetes Vahl,,Thecacoris A.Juss.,,Drypetes,Thecacoris
1233073,Heteromeris Spach,Helianthemum Mill.,Helianthemum Mill.,Helianthemum Mill.,,Crocanthemum Spach,,Helianthemum,Crocanthemum
1233163,Hexastylis Raf.,Caylusea A.St.-Hil.,Caylusea A.St.-Hil.,Caylusea A.St.-Hil.,,Asarum L.,,Caylusea,Asarum
1233655,Hyalosepalum Troupin,Tinospora Miers,Tinospora Miers,Tinospora Miers,,Hyalosepalum Troupin,,Tinospora,Hyalosepalum
1234227,Isodictyophorus Briq.,Plectranthus L'Hér.,Plectranthus L'Hér.,Plectranthus L'Hér.,,Coleus Lour.,,Plectranthus,Coleus
1234516,Jungia Heist. ex Fabr.,Baeckea L.,Baeckea L.,Baeckea L.,,Salvia L.,,Baeckea,Salvia
1235146,Lamottea Pomel,Carduncellus Adans.,Carduncellus Adans.,Carduncellus Adans.,,Cullen Medik.,,Carduncellus,Cullen
1235369,Leaeba Forssk.,Cocculus DC.,Cocculus DC.,Cocculus DC.,,Cebatha Forssk.,,Cocculus,Cebatha
1235572,Lepiactis Raf.,Solidago subsect. Maritimae (Torr. & A.Gray) G.L.Nesom,Solidago subsect. Maritimae (Torr. & A.Gray) G.L.Nesom,Solidago subsect. Maritimae (Torr. & A.Gray) G.L.Nesom,Solidago ,Utricularia L.,,Solidago,Utricularia
1235581,Lepidamphora Zoll. ex Miq.,Dioclea Kunth,Dioclea Kunth,Dioclea Kunth,,Macropsychanthus Harms,,Dioclea,Macropsychanthus
1235583,Lepidanthus Nutt.,Matricaria L.,Matricaria L.,Matricaria L.,,Andrachne L.,,Matricaria,Andrachne
1236025,Lightia M.R.Schomb.,Euphronia Mart.,Euphronia Mart.,Euphronia Mart.,,Herrania Goudot,,Euphronia,Herrania
1236055,Limatodis Blume,Calanthe R.Br.,Calanthe R.Br.,Calanthe R.Br.,,Phaius Lour.,,Calanthe,Phaius
1236254,Lobocarpus Wight & Arn.,Phyllanthus L.,Phyllanthus L.,Phyllanthus L.,,Glochidion J.R.Forst. & G.Forst.,,Phyllanthus,Glochidion
1236271,Loddigesia Luer,Pleurothallis R.Br.,Pleurothallis R.Br.,Pleurothallis R.Br.,,Hypocalyptus Thunb.,,Pleurothallis,Hypocalyptus
1236934,Malacocarpus Fisch. & C.A.Mey.,Peganum L.,Peganum L.,Peganum L.,,Malacocarpus Fisch. & C.A.Mey.,,Peganum,Malacocarpus
1238981,Nemoctis Raf.,Lachnaea L.,Lachnaea L.,Lachnaea L.,,Daphne Tourn. ex L.,,Lachnaea,Daphne
1239081,Neodonnellia Rose,Callisia Loefl.,Callisia Loefl.,Callisia Loefl.,,Tripogandra Raf.,,Callisia,Tripogandra
1239303,Nephroia Lour.,Cocculus DC.,Cocculus DC.,Cocculus DC.,,Nephroia Lour.,,Cocculus,Nephroia
1239585,Nothomyrcia Kausel,Myrceugenia O.Berg,Myrceugenia O.Berg,Myrceugenia O.Berg,,Nothomyrcia Kausel,,Myrceugenia,Nothomyrcia
1240078,Opa Lour.,Syzygium Gaertn.,Syzygium Gaertn.,Syzygium Gaertn.,,Rhaphiolepis Lindl.,,Syzygium,Rhaphiolepis
1240685,Pachyne Salisb.,Calanthe R.Br.,Calanthe R.Br.,Calanthe R.Br.,,Phaius Lour.,,Calanthe,Phaius
1241635,Perrierastrum Guillaumin,Plectranthus L'Hér.,Plectranthus L'Hér.,Plectranthus L'Hér.,,Capitanopsis S.Moore,,Plectranthus,Capitanopsis
1241665,Pesomeria Lindl.,Calanthe R.Br.,Calanthe R.Br.,Calanthe R.Br.,,Phaius Lour.,,Calanthe,Phaius
1241792,Phaeneilema G.Brückn.,Aneilema R.Br.,Aneilema R.Br.,Aneilema R.Br.,,Murdannia Royle,,Aneilema,Murdannia
1241817,Phaius Lour.,Calanthe R.Br.,Calanthe R.Br.,Calanthe R.Br.,,Phaius Lour.,,Calanthe,Phaius
1241818,Phajus Hassk.,Calanthe R.Br.,Calanthe R.Br.,Calanthe R.Br.,,Phaius Lour.,,Calanthe,Phaius
1242056,Phyllanthodendron Hemsl.,Phyllanthus L.,Phyllanthus L.,Phyllanthus L.,,Glochidion J.R.Forst. & G.Forst.,,Phyllanthus,Glochidion
1242987,Pogonospermum Hochst.,Monechma Hochst.,Monechma Hochst.,Meiosperma Raf.,,Pogonospermum Hochst.,,Meiosperma,Pogonospermum
1242999,Pohliella Engl.,Saxicolella Engl.,Saxicolella Engl.,Saxicolella Engl.,,Pohliella Engl.,,Saxicolella,Pohliella
1244107,Pterophylla D.Don,Weinmannia L.,Weinmannia L.,Weinmannia L.,,Pterophylla D.Don,,Weinmannia,Pterophylla
1244414,Quinio Schltdl.,Cocculus DC.,Cocculus DC.,Cocculus DC.,,Diploclisia Miers,,Cocculus,Diploclisia
1244432,Rabdosiella Codd,Plectranthus L'Hér.,Plectranthus L'Hér.,Plectranthus L'Hér.,,Coleus Lour.,,Plectranthus,Coleus
1245183,Roettlera Vahl,Didymocarpus Wall.,Didymocarpus Wall.,Didymocarpus Wall.,,Henckelia Spreng.,,Didymocarpus,Henckelia
1245543,Salisia Feuille ex Ruiz & Pav.,Xanthostemon F.Muell.,Xanthostemon F.Muell.,Xanthostemon F.Muell.,,Gloxinia L'Hér.,,Xanthostemon,Gloxinia
1245655,Sapiopsis Müll.Arg.,Sapium P.Browne,Sapium P.Browne,Sebastiania Spreng.,,Sapium ,,Sebastiania,Sapium
1245982,Schistophyllidium (Juz. ex Fed.) Ikonn.,Potentilla L.,Potentilla L.,Potentilla L.,,Sibbaldianthe Juz.,,Potentilla,Sibbaldianthe
1246003,Schizocalyx Scheele,Eugenia P.Micheli ex L.,Eugenia P.Micheli ex L.,Eugenia P.Micheli ex L.,,Origanum L.,,Eugenia,Origanum
1246378,Seborium Raf.,Sapium P.Browne,Sapium P.Browne,Sebastiania Spreng.,,Sapium ,,Sebastiania,Sapium
1247367,Sportella Hance,Pyracantha M.Roem.,Pyracantha M.Roem.,Pyracantha M.Roem.,,Crataegus L.,,Pyracantha,Crataegus
1247468,Statice L.,Limonium Mill.,Limonium Mill.,Limonium Mill.,,Armeria Willd.,,Limonium,Armeria
1247488,Stebbinsoseris K.L.Chambers,Microseris D.Don,Microseris D.Don,Microseris D.Don,,Stebbinsoseris K.L.Chambers,,Microseris,Stebbinsoseris
1247589,Stenandriopsis S.Moore,Stenandrium Nees,Stenandrium Nees,Stenandrium Nees,,Stenandriopsis S.Moore,,Stenandrium,Stenandriopsis
1248428,Tankervillia Link,Calanthe R.Br.,Calanthe R.Br.,Calanthe R.Br.,,Phaius Lour.,,Calanthe,Phaius
1248705,Tetraglochidion K.Schum.,Phyllanthus L.,Phyllanthus L.,Phyllanthus L.,,Glochidion J.R.Forst. & G.Forst.,,Phyllanthus,Glochidion
1248907,Thepparatia Phuph.,Hibiscus L.,Hibiscus L.,Hibiscus L.,,Thepparatia Phuph.,,Hibiscus,Thepparatia
1248972,Thorelia Gagnep.,Camchaya Gagnep.,Camchaya Gagnep.,Camchaya Gagnep.,,Tristaniopsis Brongn. & Gris,,Camchaya,Tristaniopsis
1249672,Triguera Cav.,Solanum L.,Solanum L.,Solanum L.,,Hibiscus L.,,Solanum,Hibiscus
1249770,Tripogandra Raf.,Callisia Loefl.,Callisia Loefl.,Callisia Loefl.,,Tripogandra Raf.,,Callisia,Tripogandra
1249908,Tropidococcus Krapov.,Modiolastrum K.Schum.,Modiolastrum K.Schum.,Modiolastrum K.Schum.,,Tropidococcus Krapov.,,Modiolastrum,Tropidococcus
1250043,Tylimanthus Mitt.,Acrobolbus Nees,Acrobolbus Nees,Acrobolbus Nees,,Tylimanthus Mitt.,,Acrobolbus,Tylimanthus
1250577,Vleckia Raf.,Lophanthus Adans.,Lophanthus Adans.,Lophanthus Adans.,,Nepeta L.,,Lophanthus,Nepeta
1251145,Zarcoa Llanos,Phyllanthus L.,Phyllanthus L.,Phyllanthus L.,,Glochidion J.R.Forst. & G.Forst.,,Phyllanthus,Glochidion
1252341,Saccostoma Wall. ex Voigt,Plectranthus L'Hér.,Plectranthus L'Hér.,Plectranthus L'Hér.,,Coleus Lour.,,Plectranthus,Coleus
1252984,Paraphaius J.W.Zhai & F.W.Xing,Calanthe R.Br.,Calanthe R.Br.,Calanthe R.Br.,,Phaius Lour.,,Calanthe,Phaius
1252988,Parameconopsis Grey-Wilson,Papaver L.,Papaver L.,Papaver L.,,Parameconopsis Grey-Wilson,,Papaver,Parameconopsis
1254885,Anil enneaphylla (L.) Kuntze,Indigofera tsiangiana Metcalf,Indigofera tsiangiana Metcalf,Indigofera tsiangiana Metcalf,Indigofera tsiangiana,Psoralea pinnata L.,Psoralea pinnata,Indigofera,Psoralea
1255808,Desmodium parviflorum f. yunnanense Pamp.,Desmodiastrum racemosum (Benth.) A.Pramanik & Thoth.,Desmodiastrum racemosum (Benth.) A.Pramanik & Thoth.,Desmodiastrum racemosum (Benth.) A.Pramanik & Thoth.,Desmodiastrum racemosum,Leptodesmia microphylla var. microphylla ,Leptodesmia microphylla,Desmodiastrum,Leptodesmia
1257048,Glycine japonica (Siebold & Zucc.) Jacob-Makoy,Wisteriopsis japonica (Siebold & Zucc.) J.Compton & Schrire,Wisteriopsis japonica (Siebold & Zucc.) J.Compton & Schrire,Wisteriopsis japonica (Siebold & Zucc.) J.Compton & Schrire,Wisteriopsis japonica,Wisteria floribunda (Willd.) DC.,Wisteria floribunda,Wisteriopsis,Wisteria
1261334,Lophozia dubia Schiffn.,Mesoptychia subcrispa (Herzog) L. Söderstr. & Váňa,Mesoptychia subcrispa (Herzog) L. Söderstr. & Váňa,Mesoptychia subcrispa (Herzog) L. Söderstr. & Váňa,Mesoptychia subcrispa,Lophozia dubia Schiffn.,Lophozia dubia,Mesoptychia,Lophozia
1271839,Sphagnum vermiculare P. Beauv.,Cryphaea heteromalla (Hedw.) Brid.,Cryphaea heteromalla (Hedw.) Brid.,Cryphaea heteromalla (Hedw.) Brid.,Cryphaea heteromalla,Leucodon julaceus (Hedw.) Sull.,Leucodon julaceus,Cryphaea,Leucodon
1273664,Trichostomum warnstorfii Limpr.,Hydrogonium orientale (F. Weber) Jan Kučera,Hydrogonium orientale (F. Weber) Jan Kučera,Hydrogonium orientale (F. Weber) Jan Kučera,Hydrogonium orientale,Hyophila involuta (Hook.) A. Jaeger,Hyophila involuta,Hydrogonium,Hyophila
1274055,Bryum pohliiforme Schimp.,Rosulabryum capillare (Hedw.) J.R. Spence,Rosulabryum capillare (Hedw.) J.R. Spence,Rosulabryum capillare (Hedw.) J.R. Spence,Rosulabryum capillare,Bryum falcatum (Besch.) Müll. Hal.,Bryum falcatum,Rosulabryum,Bryum
1276143,Cryphaea vermicularis (P. Beauv.) Brid.,Cryphaea heteromalla (Hedw.) Brid.,Cryphaea heteromalla (Hedw.) Brid.,Cryphaea heteromalla (Hedw.) Brid.,Cryphaea heteromalla,Leucodon julaceus (Hedw.) Sull.,Leucodon julaceus,Cryphaea,Leucodon
1296893,Dicranum crispum Thunb.,Ditrichum difficile (Duby) M. Fleisch.,Ditrichum difficile (Duby) M. Fleisch.,Ditrichum difficile (Duby) M. Fleisch.,Ditrichum difficile,Ptychomitrium crispatum (Hedw.) A. Jaeger,Ptychomitrium crispatum,Ditrichum,Ptychomitrium
1297989,Haenkea Ruiz & Pav.,Schoepfia Schreb.,Schoepfia Schreb.,Schoepfia Schreb.,,Maytenus Molina,,Schoepfia,Maytenus
1300504,Uropappus sect. Brachycarpa Nutt.,Microseris D.Don,Microseris D.Don,Microseris D.Don,,Stebbinsoseris K.L.Chambers,,Microseris,Stebbinsoseris
1302277,Campylopus capillaceus (Brid.) A. Jaeger,Bryopalisotia filiformis (P. Beauv.) Bonfim Santos & Fedosov,Bryopalisotia filiformis (P. Beauv.) Bonfim Santos & Fedosov,Bryopalisotia filiformis (P. Beauv.) Bonfim Santos & Fedosov,Bryopalisotia filiformis,Campylopus capillaceus (Brid.) A. Jaeger,Campylopus capillaceus,Bryopalisotia,Campylopus
1302417,Barbula mutica (Brid.) Broth.,Tortula cuneifolia (Dicks.) Turner,Tortula cuneifolia (Dicks.) Turner,Tortula cuneifolia (Dicks.) Turner,Tortula cuneifolia,Trichostomum muticum Paris,Trichostomum muticum,Tortula,Trichostomum
1302691,Bryum brevicaule Schimp. ex Mitt.,Rosulabryum billarderi (Schwägr.) J.R. Spence,Rosulabryum billarderi (Schwägr.) J.R. Spence,Rosulabryum billarderi (Schwägr.) J.R. Spence,Rosulabryum billarderi,Bryum argenteum Hedw.,Bryum argenteum,Rosulabryum,Bryum
1302730,Bryum ellipticum Mitt.,Gemmabryum apiculatum (Schwägr.) J.R. Spence & H.P. Ramsay,Gemmabryum apiculatum (Schwägr.) J.R. Spence & H.P. Ramsay,Anomobryum apiculatum (Schwägr.) D. Bell & Holyoak,Anomobryum apiculatum,Gemmabryum acuminatum (Harv.) J.R. Spence & H.P. Ramsay,Gemmabryum acuminatum,Anomobryum,Gemmabryum
1302762,Bryum islandicum Hesselbo,Pohlia elongata Hedw.,Pohlia elongata Hedw.,Pohlia elongata Hedw.,Pohlia elongata,Ptychostomum inclinatum (Sw. ex Brid.) J.R. Spence,Ptychostomum inclinatum,Pohlia,Ptychostomum
1302788,Bryum marginatum Brid.,Ptychostomum inclinatum (Sw. ex Brid.) J.R. Spence,Ptychostomum inclinatum (Sw. ex Brid.) J.R. Spence,Ptychostomum inclinatum (Sw. ex Brid.) J.R. Spence,Ptychostomum inclinatum,Bryum imbricatum (Schwägr.) Bruch & Schimp.,Bryum imbricatum,Ptychostomum,Bryum
1306624,Myristica mouchico Baill. ex Stone,Pycnanthus angolensis subsp. angolensis ,Pycnanthus angolensis subsp. angolensis ,Pycnanthus angolensis subsp. angolensis ,Pycnanthus angolensis,Iryanthera sagotiana (Benth.) Warb.,Iryanthera sagotiana,Pycnanthus,Iryanthera
1306634,Xuris Adans.,Xyris Gronov. ex L.,Xyris Gronov. ex L.,Xyris Gronov. ex L.,,Iris Tourn. ex L.,,Xyris,Iris
1310605,Duttonia F.Muell.,Syncarpha DC.,Syncarpha DC.,Syncarpha DC.,,Eremophila R.Br.,,Syncarpha,Eremophila
1318871,Frullania cornuta f. undulosa S. Hatt.,Goebeliella cornigera (Mitt.) Steph.,Goebeliella cornigera (Mitt.) Steph.,Goebeliella cornigera (Mitt.) Steph.,Goebeliella cornigera,Frullania cornuta Steph.,Frullania cornuta,Goebeliella,Frullania
1324807,Barbula tortuosa var. tenella A.W.H. Walther & Molendo,Tortella tortuosa (Schrad. ex Hedw.) Limpr.,Tortella tortuosa (Schrad. ex Hedw.) Limpr.,Tortella tortuosa (Schrad. ex Hedw.) Limpr.,Tortella tortuosa,"Chionoloma tenuirostre (Hook. & Taylor) M. Alonso, M.J. Cano & J.A. Jiménez",Chionoloma tenuirostre,Tortella,Chionoloma
1325069,Gymnostomum calcareum f. gracile (Breidl. ex G. Roth) Podp.,Gymnostomum calcareum Nees & Hornsch.,Gymnostomum calcareum Nees & Hornsch.,Gymnostomum calcareum Nees & Hornsch.,Gymnostomum calcareum,Hymenostylium gracillimum (Nees & Hornsch.) Köckinger & Jan Kučera,Hymenostylium gracillimum,Gymnostomum,Hymenostylium
1325612,Tortella tortuosa var. tenella (A.W.H. Walther & Molendo) Limpr.,Tortella tortuosa (Schrad. ex Hedw.) Limpr.,Tortella tortuosa (Schrad. ex Hedw.) Limpr.,Tortella tortuosa (Schrad. ex Hedw.) Limpr.,Tortella tortuosa,"Chionoloma tenuirostre (Hook. & Taylor) M. Alonso, M.J. Cano & J.A. Jiménez",Chionoloma tenuirostre,Tortella,Chionoloma
1326222,Hedwigia vermicularis (P. Beauv.) Bach. Pyl.,Cryphaea heteromalla (Hedw.) Brid.,Cryphaea heteromalla (Hedw.) Brid.,Cryphaea heteromalla (Hedw.) Brid.,Cryphaea heteromalla,Leucodon julaceus (Hedw.) Sull.,Leucodon julaceus,Cryphaea,Leucodon
1326468,Brachymenium meyenianum var. ellipticum (A. Jaeger) Thér.,Gemmabryum apiculatum (Schwägr.) J.R. Spence & H.P. Ramsay,Gemmabryum apiculatum (Schwägr.) J.R. Spence & H.P. Ramsay,Anomobryum apiculatum (Schwägr.) D. Bell & Holyoak,Anomobryum apiculatum,Gemmabryum acuminatum (Harv.) J.R. Spence & H.P. Ramsay,Gemmabryum acuminatum,Anomobryum,Gemmabryum
1326733,Bryum caespiticium var. angustifolium (Brid.) Hampe,Gemmabryum caespiticium (Hedw.) J.R. Spence,Gemmabryum caespiticium (Hedw.) J.R. Spence,Ptychostomum imbricatulum (Müll. Hal.) Holyoak & N. Pedersen,Ptychostomum imbricatulum,Gemmabryum coronatum (Schwägr.) J.R. Spence & H.P. Ramsay,Gemmabryum coronatum,Ptychostomum,Gemmabryum
1326915,Bryum castaneum var. bomanssonii I. Hagen,Ptychostomum pseudotriquetrum (Hedw.) J.R. Spence & H.P. Ramsay ex Holyoak & N. Pedersen,Ptychostomum pseudotriquetrum (Hedw.) J.R. Spence & H.P. Ramsay ex Holyoak & N. Pedersen,Ptychostomum pseudotriquetrum (Hedw.) J.R. Spence & H.P. Ramsay ex Holyoak & N. Pedersen,Ptychostomum pseudotriquetrum,Bryum pseudocastaneum C.E.O. Jensen,Bryum pseudocastaneum,Ptychostomum,Bryum
1326916,Bryum cellulare var. epipterygoides (Ochi) Ochi,Rosulabryum capillare (Hedw.) J.R. Spence,Rosulabryum capillare (Hedw.) J.R. Spence,Rosulabryum capillare (Hedw.) J.R. Spence,Rosulabryum capillare,Plagiobryoides cellularis (Hook.) J.R. Spence,Plagiobryoides cellularis,Rosulabryum,Plagiobryoides
1327117,Bryum gemmiparum var. reinhardtii (Podp.) Podp.,Imbribryum alpinum (Huds. ex With.) N. Pedersen,Imbribryum alpinum (Huds. ex With.) N. Pedersen,Imbribryum alpinum (Huds. ex With.) N. Pedersen,Imbribryum alpinum,Bryum gemmiparum De Not.,Bryum gemmiparum,Imbribryum,Bryum
1327251,Bryum inclinatum subsp. hesselboanum Podp.,Pohlia elongata Hedw.,Pohlia elongata Hedw.,Pohlia elongata Hedw.,Pohlia elongata,Ptychostomum inclinatum (Sw. ex Brid.) J.R. Spence,Ptychostomum inclinatum,Pohlia,Ptychostomum
1327262,Bryum inclinatum var. insularum (Bom.) C.E.O. Jensen,Pohlia elongata Hedw.,Pohlia elongata Hedw.,Pohlia elongata Hedw.,Pohlia elongata,Ptychostomum salinum (I. Hagen ex Limpr.) J.R. Spence,Ptychostomum salinum,Pohlia,Ptychostomum
1327484,Bryum muehlenbeckii subsp. percurrentinerve (Kindb.) Podp.,Imbribryum muehlenbeckii (Bruch & Schimp.) N. Pedersen,Imbribryum muehlenbeckii (Bruch & Schimp.) N. Pedersen,Imbribryum muehlenbeckii (Bruch & Schimp.) N. Pedersen,Imbribryum muehlenbeckii,Bryum gemmiparum De Not.,Bryum gemmiparum,Imbribryum,Bryum
1327499,Bryum neodamense var. simulans (Broth.) Podp.,Ochiobryum handelii (Broth.) J.R. Spence & H.P. Ramsay,Ochiobryum handelii (Broth.) J.R. Spence & H.P. Ramsay,Ochiobryum handelii (Broth.) J.R. Spence & H.P. Ramsay,Ochiobryum handelii,Ptychostomum neodamense (Itzigs.) J.R. Spence,Ptychostomum neodamense,Ochiobryum,Ptychostomum
1327872,Bryum pseudotriquetrum subsp. reyeri (Breidl.) J.J. Amann,Imbribryum alpinum (Huds. ex With.) N. Pedersen,Imbribryum alpinum (Huds. ex With.) N. Pedersen,Imbribryum alpinum (Huds. ex With.) N. Pedersen,Imbribryum alpinum,Bryum reyeri Breidl.,Bryum reyeri,Imbribryum,Bryum
1329327,Amblystegium riparium var. schulzii (Blandow) Brockm.,Leptodictyum riparium (Hedw.) Warnst.,Leptodictyum riparium (Hedw.) Warnst.,Leptodictyum riparium (Hedw.) Warnst.,Leptodictyum riparium,"Hygroamblystegium humile (P. Beauv.) Vanderp., Hedenäs & Goffinet",Hygroamblystegium humile,Leptodictyum,Hygroamblystegium
1329515,Cratoneuron filicinum var. arcticum (Steere) Brassard,Hygroamblystegium varium (Hedw.) Mönk.,Hygroamblystegium varium (Hedw.) Mönk.,Hygroamblystegium varium (Hedw.) Mönk.,Hygroamblystegium varium,Cratoneuropsis chilensis (Lorentz) Ochyra,Cratoneuropsis chilensis,Hygroamblystegium,Cratoneuropsis
1331512,Hypnum cupressiforme subsp. waghornei (Kindb.) Kindb.,Hypnum uncinulatum Jur.,Hypnum uncinulatum Jur.,Hypnum uncinulatum Jur.,Hypnum uncinulatum,Sanionia uncinata (Hedw.) Loeske,Sanionia uncinata,Hypnum,Sanionia
1331895,Hypnum riparium var. schulzii (Blandow) Fiedl.,Leptodictyum riparium (Hedw.) Warnst.,Leptodictyum riparium (Hedw.) Warnst.,Leptodictyum riparium (Hedw.) Warnst.,Leptodictyum riparium,"Hygroamblystegium humile (P. Beauv.) Vanderp., Hedenäs & Goffinet",Hygroamblystegium humile,Leptodictyum,Hygroamblystegium
1335029,Gymnostomum calcareum var. gracile Breidl. ex G. Roth,Gymnostomum calcareum Nees & Hornsch.,Gymnostomum calcareum Nees & Hornsch.,Gymnostomum calcareum Nees & Hornsch.,Gymnostomum calcareum,Hymenostylium gracillimum (Nees & Hornsch.) Köckinger & Jan Kučera,Hymenostylium gracillimum,Gymnostomum,Hymenostylium
1335804,Hypodematium A.Rich.,Eulophia R.Br.,Eulophia R.Br.,Eulophia R.Br.,,Spermacoce L.,,Eulophia,Spermacoce
1340230,Cyanorkis Thouars,Calanthe R.Br.,Calanthe R.Br.,Calanthe R.Br.,,Phaius Lour.,,Calanthe,Phaius
1343874,Sapium ,Sebastiania Spreng.,Sebastiania Spreng.,Sebastiania Spreng.,,Sapium ,,Sebastiania,Sapium
